Loading environment: Environment.DEVELOPMENT
Loaded environment from /Users/apple/PycharmProjects/Bank-copilot/.env
[2m2026-01-14T14:48:00.945966Z[0m [[32m[1minfo     [0m] [1mlogging_initialized           [0m [[0m[1m[34mapp.core.logger_utils[0m][0m [36menvironment[0m=[35mdevelopment[0m [36mfilename[0m=[35mlogger_utils.py[0m [36mfunc_name[0m=[35m<module>[0m [36mlineno[0m=[35m226[0m [36mlog_format[0m=[35mconsole[0m [36mlog_level[0m=[35mDEBUG[0m [36mmodule[0m=[35mlogger_utils[0m [36mpathname[0m=[35m/Users/apple/PycharmProjects/Bank-copilot/app/core/logger_utils.py[0m
[2m2026-01-14T14:48:01.265688Z[0m [[33m[1mwarning  [0m] [1mMongoDB usage is disabled via settings.DISABLE_MONGO=true. Using no-op client.[0m [[0m[1m[34mapp.core.logger_utils[0m][0m [36mcls[0m=[35m/Users/apple/PycharmProjects/Bank-copilot/app/core/db/mongo.py[0m [36menvironment[0m=[35mdevelopment[0m [36mfilename[0m=[35mmongo.py[0m [36mfunc_name[0m=[35m__new__[0m [36mlineno[0m=[35m60[0m [36mmodule[0m=[35mmongo[0m [36mpathname[0m=[35m/Users/apple/PycharmProjects/Bank-copilot/app/core/db/mongo.py[0m
None of PyTorch, TensorFlow >= 2.0, or Flax have been found. Models won't be available and only tokenizers, configuration and file/data utilities can be used.
[2m2026-01-14T14:48:02.885987Z[0m [[32m[1minfo     [0m] [1mllm_initialized               [0m [[0m[1m[34mapp.core.logger_utils[0m][0m [36menvironment[0m=[35mdevelopment[0m [36mfilename[0m=[35mchief_agent.py[0m [36mfunc_name[0m=[35m__init__[0m [36mlineno[0m=[35m78[0m [36mmodel[0m=[35mdeepseek-ai/DeepSeek-V3.2[0m [36mmodule[0m=[35mchief_agent[0m [36mpathname[0m=[35m/Users/apple/PycharmProjects/Bank-copilot/app/core/agent/graph/chief_agent.py[0m
Authentication error: Langfuse client initialized without public_key. Client will be disabled. Provide a public_key parameter or set LANGFUSE_PUBLIC_KEY environment variable. 
INFO:     Started server process [2586]
INFO:     Waiting for application startup.
[2m2026-01-14T14:48:03.050728Z[0m [[32m[1minfo     [0m] [1mapplication_startup           [0m [[0m[1m[34mapp.core.logger_utils[0m][0m [36mapi_prefix[0m=[35m/api/v1[0m [36menvironment[0m=[35mdevelopment[0m [36mfilename[0m=[35mmain.py[0m [36mfunc_name[0m=[35mlifespan[0m [36mlineno[0m=[35m42[0m [36mmodule[0m=[35mmain[0m [36mpathname[0m=[35m/Users/apple/PycharmProjects/Bank-copilot/app/main.py[0m [36mproject_name[0m=[35m'FastAPI LangGraph Template'[0m [36mversion[0m=[35m1.0.0[0m
[2m2026-01-14T14:48:03.119336Z[0m [[32m[1minfo     [0m] [1mdatabase_initialized          [0m [[0m[1m[34mapp.core.logger_utils[0m][0m [36menvironment[0m=[35mdevelopment[0m [36mfilename[0m=[35mdb_services.py[0m [36mfunc_name[0m=[35minit[0m [36mlineno[0m=[35m50[0m [36mmodule[0m=[35mdb_services[0m [36mpathname[0m=[35m/Users/apple/PycharmProjects/Bank-copilot/app/core/db/db_services.py[0m
INFO:     Application startup complete.
INFO:     Uvicorn running on http://0.0.0.0:8000 (Press CTRL+C to quit)
[2m2026-01-14T14:48:45.280063Z[0m [[32m[1minfo     [0m] [1mrequest_completed             [0m [[0m[1m[34mapp.core.logger_utils[0m][0m [36mclient[0m=[35m127.0.0.1[0m [36mduration_ms[0m=[35m0.91[0m [36menvironment[0m=[35mdevelopment[0m [36mfilename[0m=[35mmain.py[0m [36mfunc_name[0m=[35mlog_requests[0m [36mlineno[0m=[35m132[0m [36mmethod[0m=[35mOPTIONS[0m [36mmodule[0m=[35mmain[0m [36mpath[0m=[35m/api/v1/knowledge/collections[0m [36mpathname[0m=[35m/Users/apple/PycharmProjects/Bank-copilot/app/main.py[0m [36mrequest_id[0m=[35m1d463bf1-0808-4544-8a4a-80c814603256[0m [36mstatus_code[0m=[35m200[0m
INFO:     127.0.0.1:51748 - "OPTIONS /api/v1/knowledge/collections HTTP/1.1" 200 OK
[2m2026-01-14T14:48:45.283448Z[0m [[32m[1minfo     [0m] [1mrequest_completed             [0m [[0m[1m[34mapp.core.logger_utils[0m][0m [36mclient[0m=[35m127.0.0.1[0m [36mduration_ms[0m=[35m4.43[0m [36menvironment[0m=[35mdevelopment[0m [36mfilename[0m=[35mmain.py[0m [36mfunc_name[0m=[35mlog_requests[0m [36mlineno[0m=[35m132[0m [36mmethod[0m=[35mOPTIONS[0m [36mmodule[0m=[35mmain[0m [36mpath[0m=[35m/api/v1/knowledge/collections[0m [36mpathname[0m=[35m/Users/apple/PycharmProjects/Bank-copilot/app/main.py[0m [36mrequest_id[0m=[35m9aabbea4-e706-4fef-8ca4-644b86cec54c[0m [36mstatus_code[0m=[35m200[0m
INFO:     127.0.0.1:51753 - "OPTIONS /api/v1/knowledge/collections HTTP/1.1" 200 OK
connect_tcp.started host='127.0.0.1' port=7890 local_address=None timeout=30.0 socket_options=None
connect_tcp.complete return_value=<httpcore._backends.anyio.AnyIOStream object at 0x11f2a46b0>
send_request_headers.started request=<Request [b'GET']>
send_request_headers.complete
send_request_body.started request=<Request [b'GET']>
send_request_body.complete
receive_response_headers.started request=<Request [b'GET']>
receive_response_headers.complete return_value=(b'HTTP/1.1', 200, b'OK', [(b'Connection', b'close'), (b'Transfer-Encoding', b'chunked'), (b'Content-Encoding', b'br'), (b'Content-Type', b'application/json'), (b'Date', b'Wed, 14 Jan 2026 14:48:44 GMT'), (b'Vary', b'accept-encoding, Origin, Access-Control-Request-Method, Access-Control-Request-Headers')])
receive_response_body.started request=<Request [b'GET']>
receive_response_body.complete
response_closed.started
response_closed.complete
connect_tcp.started host='127.0.0.1' port=7890 local_address=None timeout=30.0 socket_options=None
connect_tcp.started host='127.0.0.1' port=7890 local_address=None timeout=30.0 socket_options=None
connect_tcp.started host='127.0.0.1' port=7890 local_address=None timeout=30.0 socket_options=None
connect_tcp.started host='127.0.0.1' port=7890 local_address=None timeout=30.0 socket_options=None
connect_tcp.started host='127.0.0.1' port=7890 local_address=None timeout=30.0 socket_options=None
connect_tcp.started host='127.0.0.1' port=7890 local_address=None timeout=30.0 socket_options=None
connect_tcp.complete return_value=<httpcore._backends.anyio.AnyIOStream object at 0x11f2a59a0>
connect_tcp.complete return_value=<httpcore._backends.anyio.AnyIOStream object at 0x11f2a73e0>
connect_tcp.complete return_value=<httpcore._backends.anyio.AnyIOStream object at 0x11f2a7320>
send_request_headers.started request=<Request [b'GET']>
send_request_headers.started request=<Request [b'GET']>
send_request_headers.started request=<Request [b'GET']>
send_request_headers.complete
send_request_body.started request=<Request [b'GET']>
send_request_body.complete
receive_response_headers.started request=<Request [b'GET']>
send_request_headers.complete
send_request_body.started request=<Request [b'GET']>
send_request_body.complete
receive_response_headers.started request=<Request [b'GET']>
send_request_headers.complete
send_request_body.started request=<Request [b'GET']>
send_request_body.complete
receive_response_headers.started request=<Request [b'GET']>
connect_tcp.complete return_value=<httpcore._backends.anyio.AnyIOStream object at 0x11f2bbcb0>
connect_tcp.complete return_value=<httpcore._backends.anyio.AnyIOStream object at 0x11f2a5b20>
connect_tcp.complete return_value=<httpcore._backends.anyio.AnyIOStream object at 0x11f2ba570>
send_request_headers.started request=<Request [b'GET']>
send_request_headers.started request=<Request [b'GET']>
send_request_headers.started request=<Request [b'GET']>
send_request_headers.complete
send_request_body.started request=<Request [b'GET']>
send_request_body.complete
receive_response_headers.started request=<Request [b'GET']>
send_request_headers.complete
send_request_body.started request=<Request [b'GET']>
send_request_body.complete
receive_response_headers.started request=<Request [b'GET']>
send_request_headers.complete
send_request_body.started request=<Request [b'GET']>
send_request_body.complete
receive_response_headers.started request=<Request [b'GET']>
receive_response_headers.complete return_value=(b'HTTP/1.1', 200, b'OK', [(b'Connection', b'close'), (b'Transfer-Encoding', b'chunked'), (b'Content-Encoding', b'br'), (b'Content-Type', b'application/json'), (b'Date', b'Wed, 14 Jan 2026 14:48:44 GMT'), (b'Vary', b'accept-encoding, Origin, Access-Control-Request-Method, Access-Control-Request-Headers')])
receive_response_body.started request=<Request [b'GET']>
receive_response_headers.complete return_value=(b'HTTP/1.1', 200, b'OK', [(b'Connection', b'close'), (b'Transfer-Encoding', b'chunked'), (b'Content-Encoding', b'br'), (b'Content-Type', b'application/json'), (b'Date', b'Wed, 14 Jan 2026 14:48:44 GMT'), (b'Vary', b'accept-encoding, Origin, Access-Control-Request-Method, Access-Control-Request-Headers')])
receive_response_body.started request=<Request [b'GET']>
receive_response_headers.complete return_value=(b'HTTP/1.1', 200, b'OK', [(b'Connection', b'close'), (b'Transfer-Encoding', b'chunked'), (b'Content-Encoding', b'br'), (b'Content-Type', b'application/json'), (b'Date', b'Wed, 14 Jan 2026 14:48:45 GMT'), (b'Vary', b'accept-encoding, Origin, Access-Control-Request-Method, Access-Control-Request-Headers')])
receive_response_body.started request=<Request [b'GET']>
receive_response_body.complete
response_closed.started
receive_response_headers.complete return_value=(b'HTTP/1.1', 200, b'OK', [(b'Connection', b'close'), (b'Transfer-Encoding', b'chunked'), (b'Content-Encoding', b'br'), (b'Content-Type', b'application/json'), (b'Date', b'Wed, 14 Jan 2026 14:48:44 GMT'), (b'Vary', b'accept-encoding, Origin, Access-Control-Request-Method, Access-Control-Request-Headers')])
receive_response_body.started request=<Request [b'GET']>
receive_response_body.complete
response_closed.started
receive_response_headers.complete return_value=(b'HTTP/1.1', 200, b'OK', [(b'Connection', b'close'), (b'Transfer-Encoding', b'chunked'), (b'Content-Encoding', b'br'), (b'Content-Type', b'application/json'), (b'Date', b'Wed, 14 Jan 2026 14:48:45 GMT'), (b'Vary', b'accept-encoding, Origin, Access-Control-Request-Method, Access-Control-Request-Headers')])
receive_response_body.started request=<Request [b'GET']>
receive_response_body.complete
response_closed.started
receive_response_body.complete
response_closed.started
receive_response_headers.complete return_value=(b'HTTP/1.1', 200, b'OK', [(b'Connection', b'close'), (b'Transfer-Encoding', b'chunked'), (b'Content-Encoding', b'br'), (b'Content-Type', b'application/json'), (b'Date', b'Wed, 14 Jan 2026 14:48:44 GMT'), (b'Vary', b'accept-encoding, Origin, Access-Control-Request-Method, Access-Control-Request-Headers')])
receive_response_body.started request=<Request [b'GET']>
receive_response_body.complete
response_closed.started
receive_response_body.complete
response_closed.started
response_closed.complete
response_closed.complete
response_closed.complete
response_closed.complete
response_closed.complete
response_closed.complete
connect_tcp.started host='127.0.0.1' port=7890 local_address=None timeout=30.0 socket_options=None
connect_tcp.started host='127.0.0.1' port=7890 local_address=None timeout=30.0 socket_options=None
connect_tcp.started host='127.0.0.1' port=7890 local_address=None timeout=30.0 socket_options=None
connect_tcp.started host='127.0.0.1' port=7890 local_address=None timeout=30.0 socket_options=None
connect_tcp.started host='127.0.0.1' port=7890 local_address=None timeout=30.0 socket_options=None
connect_tcp.started host='127.0.0.1' port=7890 local_address=None timeout=30.0 socket_options=None
connect_tcp.complete return_value=<httpcore._backends.anyio.AnyIOStream object at 0x11f2eb470>
send_request_headers.started request=<Request [b'POST']>
send_request_headers.complete
send_request_body.started request=<Request [b'POST']>
connect_tcp.complete return_value=<httpcore._backends.anyio.AnyIOStream object at 0x11f2e8290>
send_request_body.complete
receive_response_headers.started request=<Request [b'POST']>
send_request_headers.started request=<Request [b'POST']>
send_request_headers.complete
send_request_body.started request=<Request [b'POST']>
connect_tcp.complete return_value=<httpcore._backends.anyio.AnyIOStream object at 0x11f2e81d0>
send_request_body.complete
receive_response_headers.started request=<Request [b'POST']>
send_request_headers.started request=<Request [b'POST']>
connect_tcp.complete return_value=<httpcore._backends.anyio.AnyIOStream object at 0x11f2e8f50>
send_request_headers.complete
send_request_body.started request=<Request [b'POST']>
send_request_headers.started request=<Request [b'POST']>
connect_tcp.complete return_value=<httpcore._backends.anyio.AnyIOStream object at 0x11f2a5d30>
connect_tcp.complete return_value=<httpcore._backends.anyio.AnyIOStream object at 0x11f2ea7b0>
send_request_body.complete
receive_response_headers.started request=<Request [b'POST']>
send_request_headers.complete
send_request_body.started request=<Request [b'POST']>
send_request_headers.started request=<Request [b'POST']>
send_request_headers.started request=<Request [b'POST']>
send_request_body.complete
receive_response_headers.started request=<Request [b'POST']>
send_request_headers.complete
send_request_body.started request=<Request [b'POST']>
send_request_headers.complete
send_request_body.started request=<Request [b'POST']>
send_request_body.complete
receive_response_headers.started request=<Request [b'POST']>
send_request_body.complete
receive_response_headers.started request=<Request [b'POST']>
receive_response_headers.complete return_value=(b'HTTP/1.1', 200, b'OK', [(b'Connection', b'close'), (b'Transfer-Encoding', b'chunked'), (b'Content-Encoding', b'br'), (b'Content-Type', b'application/json'), (b'Date', b'Wed, 14 Jan 2026 14:48:45 GMT'), (b'Vary', b'accept-encoding, Origin, Access-Control-Request-Method, Access-Control-Request-Headers')])
receive_response_body.started request=<Request [b'POST']>
receive_response_headers.complete return_value=(b'HTTP/1.1', 200, b'OK', [(b'Connection', b'close'), (b'Transfer-Encoding', b'chunked'), (b'Content-Encoding', b'br'), (b'Content-Type', b'application/json'), (b'Date', b'Wed, 14 Jan 2026 14:48:45 GMT'), (b'Vary', b'accept-encoding, Origin, Access-Control-Request-Method, Access-Control-Request-Headers')])
receive_response_body.started request=<Request [b'POST']>
receive_response_body.complete
response_closed.started
receive_response_body.complete
response_closed.started
response_closed.complete
receive_response_headers.complete return_value=(b'HTTP/1.1', 200, b'OK', [(b'Connection', b'close'), (b'Transfer-Encoding', b'chunked'), (b'Content-Encoding', b'br'), (b'Content-Type', b'application/json'), (b'Date', b'Wed, 14 Jan 2026 14:48:45 GMT'), (b'Vary', b'accept-encoding, Origin, Access-Control-Request-Method, Access-Control-Request-Headers')])
receive_response_body.started request=<Request [b'POST']>
receive_response_body.complete
response_closed.started
receive_response_headers.complete return_value=(b'HTTP/1.1', 200, b'OK', [(b'Connection', b'close'), (b'Transfer-Encoding', b'chunked'), (b'Content-Encoding', b'br'), (b'Content-Type', b'application/json'), (b'Date', b'Wed, 14 Jan 2026 14:48:45 GMT'), (b'Vary', b'accept-encoding, Origin, Access-Control-Request-Method, Access-Control-Request-Headers')])
receive_response_body.started request=<Request [b'POST']>
receive_response_body.complete
response_closed.started
response_closed.complete
response_closed.complete
response_closed.complete
receive_response_headers.complete return_value=(b'HTTP/1.1', 200, b'OK', [(b'Connection', b'close'), (b'Transfer-Encoding', b'chunked'), (b'Content-Encoding', b'br'), (b'Content-Type', b'application/json'), (b'Date', b'Wed, 14 Jan 2026 14:48:45 GMT'), (b'Vary', b'accept-encoding, Origin, Access-Control-Request-Method, Access-Control-Request-Headers')])
receive_response_body.started request=<Request [b'POST']>
receive_response_body.complete
response_closed.started
receive_response_headers.complete return_value=(b'HTTP/1.1', 200, b'OK', [(b'Connection', b'close'), (b'Transfer-Encoding', b'chunked'), (b'Content-Encoding', b'br'), (b'Content-Type', b'application/json'), (b'Date', b'Wed, 14 Jan 2026 14:48:45 GMT'), (b'Vary', b'accept-encoding, Origin, Access-Control-Request-Method, Access-Control-Request-Headers')])
receive_response_body.started request=<Request [b'POST']>
receive_response_body.complete
response_closed.started
response_closed.complete
response_closed.complete
[2m2026-01-14T14:48:45.560997Z[0m [[32m[1minfo     [0m] [1mrequest_completed             [0m [[0m[1m[34mapp.core.logger_utils[0m][0m [36mclient[0m=[35m127.0.0.1[0m [36mduration_ms[0m=[35m273.13[0m [36menvironment[0m=[35mdevelopment[0m [36mfilename[0m=[35mmain.py[0m [36mfunc_name[0m=[35mlog_requests[0m [36mlineno[0m=[35m132[0m [36mmethod[0m=[35mGET[0m [36mmodule[0m=[35mmain[0m [36mpath[0m=[35m/api/v1/knowledge/collections[0m [36mpathname[0m=[35m/Users/apple/PycharmProjects/Bank-copilot/app/main.py[0m [36mrequest_id[0m=[35m23b9327d-5466-43a5-bef5-07e1b5cf12e2[0m [36mstatus_code[0m=[35m200[0m
INFO:     127.0.0.1:51761 - "GET /api/v1/knowledge/collections HTTP/1.1" 200 OK
connect_tcp.started host='127.0.0.1' port=7890 local_address=None timeout=30.0 socket_options=None
connect_tcp.complete return_value=<httpcore._backends.anyio.AnyIOStream object at 0x11f2c6cf0>
send_request_headers.started request=<Request [b'GET']>
send_request_headers.complete
send_request_body.started request=<Request [b'GET']>
send_request_body.complete
receive_response_headers.started request=<Request [b'GET']>
receive_response_headers.complete return_value=(b'HTTP/1.1', 200, b'OK', [(b'Connection', b'close'), (b'Transfer-Encoding', b'chunked'), (b'Content-Encoding', b'br'), (b'Content-Type', b'application/json'), (b'Date', b'Wed, 14 Jan 2026 14:48:45 GMT'), (b'Vary', b'accept-encoding, Origin, Access-Control-Request-Method, Access-Control-Request-Headers')])
receive_response_body.started request=<Request [b'GET']>
receive_response_body.complete
response_closed.started
response_closed.complete
connect_tcp.started host='127.0.0.1' port=7890 local_address=None timeout=30.0 socket_options=None
connect_tcp.started host='127.0.0.1' port=7890 local_address=None timeout=30.0 socket_options=None
connect_tcp.started host='127.0.0.1' port=7890 local_address=None timeout=30.0 socket_options=None
connect_tcp.started host='127.0.0.1' port=7890 local_address=None timeout=30.0 socket_options=None
connect_tcp.started host='127.0.0.1' port=7890 local_address=None timeout=30.0 socket_options=None
connect_tcp.started host='127.0.0.1' port=7890 local_address=None timeout=30.0 socket_options=None
connect_tcp.complete return_value=<httpcore._backends.anyio.AnyIOStream object at 0x11f2a78f0>
connect_tcp.complete return_value=<httpcore._backends.anyio.AnyIOStream object at 0x11f2c4170>
connect_tcp.complete return_value=<httpcore._backends.anyio.AnyIOStream object at 0x11f2c44d0>
connect_tcp.complete return_value=<httpcore._backends.anyio.AnyIOStream object at 0x11f2c56d0>
send_request_headers.started request=<Request [b'GET']>
send_request_headers.started request=<Request [b'GET']>
send_request_headers.started request=<Request [b'GET']>
send_request_headers.started request=<Request [b'GET']>
send_request_headers.complete
send_request_body.started request=<Request [b'GET']>
send_request_body.complete
receive_response_headers.started request=<Request [b'GET']>
send_request_headers.complete
send_request_body.started request=<Request [b'GET']>
send_request_body.complete
receive_response_headers.started request=<Request [b'GET']>
send_request_headers.complete
send_request_body.started request=<Request [b'GET']>
send_request_body.complete
receive_response_headers.started request=<Request [b'GET']>
send_request_headers.complete
send_request_body.started request=<Request [b'GET']>
send_request_body.complete
receive_response_headers.started request=<Request [b'GET']>
connect_tcp.complete return_value=<httpcore._backends.anyio.AnyIOStream object at 0x11f2a7fe0>
connect_tcp.complete return_value=<httpcore._backends.anyio.AnyIOStream object at 0x11f2c7410>
send_request_headers.started request=<Request [b'GET']>
send_request_headers.started request=<Request [b'GET']>
send_request_headers.complete
send_request_body.started request=<Request [b'GET']>
send_request_body.complete
receive_response_headers.started request=<Request [b'GET']>
send_request_headers.complete
send_request_body.started request=<Request [b'GET']>
send_request_body.complete
receive_response_headers.started request=<Request [b'GET']>
receive_response_headers.complete return_value=(b'HTTP/1.1', 200, b'OK', [(b'Connection', b'close'), (b'Transfer-Encoding', b'chunked'), (b'Content-Encoding', b'br'), (b'Content-Type', b'application/json'), (b'Date', b'Wed, 14 Jan 2026 14:48:45 GMT'), (b'Vary', b'accept-encoding, Origin, Access-Control-Request-Method, Access-Control-Request-Headers')])
receive_response_body.started request=<Request [b'GET']>
receive_response_headers.complete return_value=(b'HTTP/1.1', 200, b'OK', [(b'Connection', b'close'), (b'Transfer-Encoding', b'chunked'), (b'Content-Encoding', b'br'), (b'Content-Type', b'application/json'), (b'Date', b'Wed, 14 Jan 2026 14:48:45 GMT'), (b'Vary', b'accept-encoding, Origin, Access-Control-Request-Method, Access-Control-Request-Headers')])
receive_response_body.started request=<Request [b'GET']>
receive_response_body.complete
response_closed.started
receive_response_headers.complete return_value=(b'HTTP/1.1', 200, b'OK', [(b'Connection', b'close'), (b'Transfer-Encoding', b'chunked'), (b'Content-Encoding', b'br'), (b'Content-Type', b'application/json'), (b'Date', b'Wed, 14 Jan 2026 14:48:45 GMT'), (b'Vary', b'accept-encoding, Origin, Access-Control-Request-Method, Access-Control-Request-Headers')])
receive_response_body.started request=<Request [b'GET']>
receive_response_body.complete
response_closed.started
receive_response_headers.complete return_value=(b'HTTP/1.1', 200, b'OK', [(b'Connection', b'close'), (b'Transfer-Encoding', b'chunked'), (b'Content-Encoding', b'br'), (b'Content-Type', b'application/json'), (b'Date', b'Wed, 14 Jan 2026 14:48:45 GMT'), (b'Vary', b'accept-encoding, Origin, Access-Control-Request-Method, Access-Control-Request-Headers')])
receive_response_body.started request=<Request [b'GET']>
receive_response_body.complete
response_closed.started
receive_response_body.complete
response_closed.started
response_closed.complete
response_closed.complete
connect_tcp.started host='127.0.0.1' port=7890 local_address=None timeout=30.0 socket_options=None
connect_tcp.started host='127.0.0.1' port=7890 local_address=None timeout=30.0 socket_options=None
response_closed.complete
response_closed.complete
receive_response_headers.complete return_value=(b'HTTP/1.1', 200, b'OK', [(b'Connection', b'close'), (b'Transfer-Encoding', b'chunked'), (b'Content-Encoding', b'br'), (b'Content-Type', b'application/json'), (b'Date', b'Wed, 14 Jan 2026 14:48:45 GMT'), (b'Vary', b'accept-encoding, Origin, Access-Control-Request-Method, Access-Control-Request-Headers')])
receive_response_body.started request=<Request [b'GET']>
receive_response_body.complete
response_closed.started
receive_response_headers.complete return_value=(b'HTTP/1.1', 200, b'OK', [(b'Connection', b'close'), (b'Transfer-Encoding', b'chunked'), (b'Content-Encoding', b'br'), (b'Content-Type', b'application/json'), (b'Date', b'Wed, 14 Jan 2026 14:48:45 GMT'), (b'Vary', b'accept-encoding, Origin, Access-Control-Request-Method, Access-Control-Request-Headers')])
receive_response_body.started request=<Request [b'GET']>
receive_response_body.complete
response_closed.started
connect_tcp.started host='127.0.0.1' port=7890 local_address=None timeout=30.0 socket_options=None
connect_tcp.started host='127.0.0.1' port=7890 local_address=None timeout=30.0 socket_options=None
response_closed.complete
response_closed.complete
connect_tcp.started host='127.0.0.1' port=7890 local_address=None timeout=30.0 socket_options=None
connect_tcp.started host='127.0.0.1' port=7890 local_address=None timeout=30.0 socket_options=None
connect_tcp.complete return_value=<httpcore._backends.anyio.AnyIOStream object at 0x11f2eb6b0>
connect_tcp.complete return_value=<httpcore._backends.anyio.AnyIOStream object at 0x11f2eb9e0>
send_request_headers.started request=<Request [b'POST']>
send_request_headers.started request=<Request [b'POST']>
connect_tcp.complete return_value=<httpcore._backends.anyio.AnyIOStream object at 0x11f2bafc0>
connect_tcp.complete return_value=<httpcore._backends.anyio.AnyIOStream object at 0x11f2eae40>
send_request_headers.complete
send_request_body.started request=<Request [b'POST']>
send_request_headers.complete
send_request_body.started request=<Request [b'POST']>
send_request_headers.started request=<Request [b'POST']>
send_request_headers.started request=<Request [b'POST']>
send_request_body.complete
receive_response_headers.started request=<Request [b'POST']>
send_request_body.complete
receive_response_headers.started request=<Request [b'POST']>
send_request_headers.complete
send_request_body.started request=<Request [b'POST']>
send_request_headers.complete
send_request_body.started request=<Request [b'POST']>
send_request_body.complete
receive_response_headers.started request=<Request [b'POST']>
send_request_body.complete
receive_response_headers.started request=<Request [b'POST']>
connect_tcp.complete return_value=<httpcore._backends.anyio.AnyIOStream object at 0x11f2bab70>
connect_tcp.complete return_value=<httpcore._backends.anyio.AnyIOStream object at 0x11f2ba300>
send_request_headers.started request=<Request [b'POST']>
send_request_headers.started request=<Request [b'POST']>
send_request_headers.complete
send_request_body.started request=<Request [b'POST']>
send_request_headers.complete
send_request_body.started request=<Request [b'POST']>
send_request_body.complete
receive_response_headers.started request=<Request [b'POST']>
send_request_body.complete
receive_response_headers.started request=<Request [b'POST']>
receive_response_headers.complete return_value=(b'HTTP/1.1', 200, b'OK', [(b'Connection', b'close'), (b'Transfer-Encoding', b'chunked'), (b'Content-Encoding', b'br'), (b'Content-Type', b'application/json'), (b'Date', b'Wed, 14 Jan 2026 14:48:45 GMT'), (b'Vary', b'accept-encoding, Origin, Access-Control-Request-Method, Access-Control-Request-Headers')])
receive_response_body.started request=<Request [b'POST']>
receive_response_headers.complete return_value=(b'HTTP/1.1', 200, b'OK', [(b'Connection', b'close'), (b'Transfer-Encoding', b'chunked'), (b'Content-Encoding', b'br'), (b'Content-Type', b'application/json'), (b'Date', b'Wed, 14 Jan 2026 14:48:45 GMT'), (b'Vary', b'accept-encoding, Origin, Access-Control-Request-Method, Access-Control-Request-Headers')])
receive_response_body.started request=<Request [b'POST']>
receive_response_body.complete
response_closed.started
receive_response_body.complete
response_closed.started
response_closed.complete
response_closed.complete
receive_response_headers.complete return_value=(b'HTTP/1.1', 200, b'OK', [(b'Connection', b'close'), (b'Transfer-Encoding', b'chunked'), (b'Content-Encoding', b'br'), (b'Content-Type', b'application/json'), (b'Date', b'Wed, 14 Jan 2026 14:48:45 GMT'), (b'Vary', b'accept-encoding, Origin, Access-Control-Request-Method, Access-Control-Request-Headers')])
receive_response_body.started request=<Request [b'POST']>
receive_response_body.complete
response_closed.started
receive_response_headers.complete return_value=(b'HTTP/1.1', 200, b'OK', [(b'Connection', b'close'), (b'Transfer-Encoding', b'chunked'), (b'Content-Encoding', b'br'), (b'Content-Type', b'application/json'), (b'Date', b'Wed, 14 Jan 2026 14:48:45 GMT'), (b'Vary', b'accept-encoding, Origin, Access-Control-Request-Method, Access-Control-Request-Headers')])
receive_response_body.started request=<Request [b'POST']>
response_closed.complete
receive_response_headers.complete return_value=(b'HTTP/1.1', 200, b'OK', [(b'Connection', b'close'), (b'Transfer-Encoding', b'chunked'), (b'Content-Encoding', b'br'), (b'Content-Type', b'application/json'), (b'Date', b'Wed, 14 Jan 2026 14:48:45 GMT'), (b'Vary', b'accept-encoding, Origin, Access-Control-Request-Method, Access-Control-Request-Headers')])
receive_response_body.started request=<Request [b'POST']>
receive_response_body.complete
response_closed.started
receive_response_headers.complete return_value=(b'HTTP/1.1', 200, b'OK', [(b'Connection', b'close'), (b'Transfer-Encoding', b'chunked'), (b'Content-Encoding', b'br'), (b'Content-Type', b'application/json'), (b'Date', b'Wed, 14 Jan 2026 14:48:45 GMT'), (b'Vary', b'accept-encoding, Origin, Access-Control-Request-Method, Access-Control-Request-Headers')])
receive_response_body.started request=<Request [b'POST']>
receive_response_body.complete
response_closed.started
receive_response_body.complete
response_closed.started
response_closed.complete
response_closed.complete
response_closed.complete
[2m2026-01-14T14:48:45.760782Z[0m [[32m[1minfo     [0m] [1mrequest_completed             [0m [[0m[1m[34mapp.core.logger_utils[0m][0m [36mclient[0m=[35m127.0.0.1[0m [36mduration_ms[0m=[35m198.3[0m [36menvironment[0m=[35mdevelopment[0m [36mfilename[0m=[35mmain.py[0m [36mfunc_name[0m=[35mlog_requests[0m [36mlineno[0m=[35m132[0m [36mmethod[0m=[35mGET[0m [36mmodule[0m=[35mmain[0m [36mpath[0m=[35m/api/v1/knowledge/collections[0m [36mpathname[0m=[35m/Users/apple/PycharmProjects/Bank-copilot/app/main.py[0m [36mrequest_id[0m=[35m52d03a47-a8d6-4b3a-95b8-a79e4a60e84d[0m [36mstatus_code[0m=[35m200[0m
INFO:     127.0.0.1:51761 - "GET /api/v1/knowledge/collections HTTP/1.1" 200 OK
connect_tcp.started host='127.0.0.1' port=7890 local_address=None timeout=30.0 socket_options=None
[2m2026-01-14T14:48:47.669505Z[0m [[32m[1minfo     [0m] [1mrequest_completed             [0m [[0m[1m[34mapp.core.logger_utils[0m][0m [36mclient[0m=[35m127.0.0.1[0m [36mduration_ms[0m=[35m0.24[0m [36menvironment[0m=[35mdevelopment[0m [36mfilename[0m=[35mmain.py[0m [36mfunc_name[0m=[35mlog_requests[0m [36mlineno[0m=[35m132[0m [36mmethod[0m=[35mOPTIONS[0m [36mmodule[0m=[35mmain[0m [36mpath[0m=[35m/api/v1/knowledge/stats[0m [36mpathname[0m=[35m/Users/apple/PycharmProjects/Bank-copilot/app/main.py[0m [36mrequest_id[0m=[35ma7d33420-942d-4fec-ba12-f623e631a0d3[0m [36mstatus_code[0m=[35m200[0m
INFO:     127.0.0.1:51789 - "OPTIONS /api/v1/knowledge/stats HTTP/1.1" 200 OK
connect_tcp.complete return_value=<httpcore._backends.anyio.AnyIOStream object at 0x11f2e84a0>
[2m2026-01-14T14:48:47.670615Z[0m [[32m[1minfo     [0m] [1mrequest_completed             [0m [[0m[1m[34mapp.core.logger_utils[0m][0m [36mclient[0m=[35m127.0.0.1[0m [36mduration_ms[0m=[35m0.72[0m [36menvironment[0m=[35mdevelopment[0m [36mfilename[0m=[35mmain.py[0m [36mfunc_name[0m=[35mlog_requests[0m [36mlineno[0m=[35m132[0m [36mmethod[0m=[35mOPTIONS[0m [36mmodule[0m=[35mmain[0m [36mpath[0m=[35m/api/v1/knowledge/stats[0m [36mpathname[0m=[35m/Users/apple/PycharmProjects/Bank-copilot/app/main.py[0m [36mrequest_id[0m=[35m1572fd79-7139-49b9-aaa8-b31c3ee5a260[0m [36mstatus_code[0m=[35m200[0m
INFO:     127.0.0.1:51821 - "OPTIONS /api/v1/knowledge/stats HTTP/1.1" 200 OK
send_request_headers.started request=<Request [b'GET']>
send_request_headers.complete
send_request_body.started request=<Request [b'GET']>
send_request_body.complete
receive_response_headers.started request=<Request [b'GET']>
connect_tcp.started host='127.0.0.1' port=7890 local_address=None timeout=30.0 socket_options=None
receive_response_headers.complete return_value=(b'HTTP/1.1', 200, b'OK', [(b'Connection', b'close'), (b'Transfer-Encoding', b'chunked'), (b'Content-Encoding', b'br'), (b'Content-Type', b'application/json'), (b'Date', b'Wed, 14 Jan 2026 14:48:47 GMT'), (b'Vary', b'accept-encoding, Origin, Access-Control-Request-Method, Access-Control-Request-Headers')])
receive_response_body.started request=<Request [b'GET']>
receive_response_body.complete
response_closed.started
response_closed.complete
connect_tcp.started host='127.0.0.1' port=7890 local_address=None timeout=30.0 socket_options=None
connect_tcp.started host='127.0.0.1' port=7890 local_address=None timeout=30.0 socket_options=None
connect_tcp.started host='127.0.0.1' port=7890 local_address=None timeout=30.0 socket_options=None
connect_tcp.started host='127.0.0.1' port=7890 local_address=None timeout=30.0 socket_options=None
connect_tcp.started host='127.0.0.1' port=7890 local_address=None timeout=30.0 socket_options=None
connect_tcp.started host='127.0.0.1' port=7890 local_address=None timeout=30.0 socket_options=None
connect_tcp.complete return_value=<httpcore._backends.anyio.AnyIOStream object at 0x11f2c4770>
send_request_headers.started request=<Request [b'GET']>
send_request_headers.complete
send_request_body.started request=<Request [b'GET']>
send_request_body.complete
receive_response_headers.started request=<Request [b'GET']>
connect_tcp.complete return_value=<httpcore._backends.anyio.AnyIOStream object at 0x11f2a4f50>
connect_tcp.complete return_value=<httpcore._backends.anyio.AnyIOStream object at 0x11f2e8ce0>
connect_tcp.complete return_value=<httpcore._backends.anyio.AnyIOStream object at 0x11f174650>
connect_tcp.complete return_value=<httpcore._backends.anyio.AnyIOStream object at 0x11f2eb8f0>
connect_tcp.complete return_value=<httpcore._backends.anyio.AnyIOStream object at 0x11f2a6a50>
connect_tcp.complete return_value=<httpcore._backends.anyio.AnyIOStream object at 0x11f2a5850>
send_request_headers.started request=<Request [b'GET']>
send_request_headers.started request=<Request [b'GET']>
send_request_headers.started request=<Request [b'GET']>
send_request_headers.started request=<Request [b'GET']>
send_request_headers.started request=<Request [b'GET']>
send_request_headers.started request=<Request [b'GET']>
send_request_headers.complete
send_request_body.started request=<Request [b'GET']>
send_request_body.complete
receive_response_headers.started request=<Request [b'GET']>
send_request_headers.complete
send_request_body.started request=<Request [b'GET']>
send_request_body.complete
receive_response_headers.started request=<Request [b'GET']>
send_request_headers.complete
send_request_body.started request=<Request [b'GET']>
send_request_body.complete
receive_response_headers.started request=<Request [b'GET']>
send_request_headers.complete
send_request_body.started request=<Request [b'GET']>
send_request_body.complete
receive_response_headers.started request=<Request [b'GET']>
send_request_headers.complete
send_request_body.started request=<Request [b'GET']>
send_request_body.complete
receive_response_headers.started request=<Request [b'GET']>
send_request_headers.complete
send_request_body.started request=<Request [b'GET']>
send_request_body.complete
receive_response_headers.started request=<Request [b'GET']>
receive_response_headers.complete return_value=(b'HTTP/1.1', 200, b'OK', [(b'Connection', b'close'), (b'Transfer-Encoding', b'chunked'), (b'Content-Encoding', b'br'), (b'Content-Type', b'application/json'), (b'Date', b'Wed, 14 Jan 2026 14:48:47 GMT'), (b'Vary', b'accept-encoding, Origin, Access-Control-Request-Method, Access-Control-Request-Headers')])
receive_response_body.started request=<Request [b'GET']>
receive_response_body.complete
response_closed.started
response_closed.complete
receive_response_headers.complete return_value=(b'HTTP/1.1', 200, b'OK', [(b'Connection', b'close'), (b'Transfer-Encoding', b'chunked'), (b'Content-Encoding', b'br'), (b'Content-Type', b'application/json'), (b'Date', b'Wed, 14 Jan 2026 14:48:47 GMT'), (b'Vary', b'accept-encoding, Origin, Access-Control-Request-Method, Access-Control-Request-Headers')])
receive_response_body.started request=<Request [b'GET']>
receive_response_body.complete
response_closed.started
receive_response_headers.complete return_value=(b'HTTP/1.1', 200, b'OK', [(b'Connection', b'close'), (b'Transfer-Encoding', b'chunked'), (b'Content-Encoding', b'br'), (b'Content-Type', b'application/json'), (b'Date', b'Wed, 14 Jan 2026 14:48:47 GMT'), (b'Vary', b'accept-encoding, Origin, Access-Control-Request-Method, Access-Control-Request-Headers')])
receive_response_body.started request=<Request [b'GET']>
receive_response_body.complete
response_closed.started
receive_response_headers.complete return_value=(b'HTTP/1.1', 200, b'OK', [(b'Connection', b'close'), (b'Transfer-Encoding', b'chunked'), (b'Content-Encoding', b'br'), (b'Content-Type', b'application/json'), (b'Date', b'Wed, 14 Jan 2026 14:48:47 GMT'), (b'Vary', b'accept-encoding, Origin, Access-Control-Request-Method, Access-Control-Request-Headers')])
receive_response_body.started request=<Request [b'GET']>
receive_response_body.complete
response_closed.started
receive_response_headers.complete return_value=(b'HTTP/1.1', 200, b'OK', [(b'Connection', b'close'), (b'Transfer-Encoding', b'chunked'), (b'Content-Encoding', b'br'), (b'Content-Type', b'application/json'), (b'Date', b'Wed, 14 Jan 2026 14:48:47 GMT'), (b'Vary', b'accept-encoding, Origin, Access-Control-Request-Method, Access-Control-Request-Headers')])
receive_response_body.started request=<Request [b'GET']>
receive_response_body.complete
response_closed.started
receive_response_headers.complete return_value=(b'HTTP/1.1', 200, b'OK', [(b'Connection', b'close'), (b'Transfer-Encoding', b'chunked'), (b'Content-Encoding', b'br'), (b'Content-Type', b'application/json'), (b'Date', b'Wed, 14 Jan 2026 14:48:47 GMT'), (b'Vary', b'accept-encoding, Origin, Access-Control-Request-Method, Access-Control-Request-Headers')])
receive_response_body.started request=<Request [b'GET']>
receive_response_body.complete
response_closed.started
connect_tcp.started host='127.0.0.1' port=7890 local_address=None timeout=30.0 socket_options=None
connect_tcp.started host='127.0.0.1' port=7890 local_address=None timeout=30.0 socket_options=None
connect_tcp.started host='127.0.0.1' port=7890 local_address=None timeout=30.0 socket_options=None
connect_tcp.started host='127.0.0.1' port=7890 local_address=None timeout=30.0 socket_options=None
connect_tcp.started host='127.0.0.1' port=7890 local_address=None timeout=30.0 socket_options=None
connect_tcp.started host='127.0.0.1' port=7890 local_address=None timeout=30.0 socket_options=None
response_closed.complete
response_closed.complete
response_closed.complete
response_closed.complete
response_closed.complete
receive_response_headers.complete return_value=(b'HTTP/1.1', 200, b'OK', [(b'Connection', b'close'), (b'Transfer-Encoding', b'chunked'), (b'Content-Encoding', b'br'), (b'Content-Type', b'application/json'), (b'Date', b'Wed, 14 Jan 2026 14:48:47 GMT'), (b'Vary', b'accept-encoding, Origin, Access-Control-Request-Method, Access-Control-Request-Headers')])
receive_response_body.started request=<Request [b'GET']>
receive_response_body.complete
response_closed.started
connect_tcp.started host='127.0.0.1' port=7890 local_address=None timeout=30.0 socket_options=None
connect_tcp.started host='127.0.0.1' port=7890 local_address=None timeout=30.0 socket_options=None
connect_tcp.started host='127.0.0.1' port=7890 local_address=None timeout=30.0 socket_options=None
connect_tcp.started host='127.0.0.1' port=7890 local_address=None timeout=30.0 socket_options=None
connect_tcp.started host='127.0.0.1' port=7890 local_address=None timeout=30.0 socket_options=None
response_closed.complete
connect_tcp.started host='127.0.0.1' port=7890 local_address=None timeout=30.0 socket_options=None
connect_tcp.complete return_value=<httpcore._backends.anyio.AnyIOStream object at 0x138905850>
connect_tcp.complete return_value=<httpcore._backends.anyio.AnyIOStream object at 0x11f2f8920>
connect_tcp.complete return_value=<httpcore._backends.anyio.AnyIOStream object at 0x11f2f9970>
connect_tcp.complete return_value=<httpcore._backends.anyio.AnyIOStream object at 0x11f2faa20>
connect_tcp.complete return_value=<httpcore._backends.anyio.AnyIOStream object at 0x11f2fba40>
connect_tcp.complete return_value=<httpcore._backends.anyio.AnyIOStream object at 0x138904980>
send_request_headers.started request=<Request [b'GET']>
send_request_headers.started request=<Request [b'GET']>
send_request_headers.started request=<Request [b'GET']>
send_request_headers.started request=<Request [b'GET']>
send_request_headers.started request=<Request [b'GET']>
send_request_headers.started request=<Request [b'GET']>
connect_tcp.complete return_value=<httpcore._backends.anyio.AnyIOStream object at 0x13891e4e0>
connect_tcp.complete return_value=<httpcore._backends.anyio.AnyIOStream object at 0x138906c00>
connect_tcp.complete return_value=<httpcore._backends.anyio.AnyIOStream object at 0x138907830>
connect_tcp.complete return_value=<httpcore._backends.anyio.AnyIOStream object at 0x1389078c0>
connect_tcp.complete return_value=<httpcore._backends.anyio.AnyIOStream object at 0x13891cf50>
send_request_headers.complete
send_request_body.started request=<Request [b'GET']>
send_request_body.complete
receive_response_headers.started request=<Request [b'GET']>
send_request_headers.complete
send_request_body.started request=<Request [b'GET']>
send_request_body.complete
receive_response_headers.started request=<Request [b'GET']>
send_request_headers.complete
send_request_body.started request=<Request [b'GET']>
send_request_body.complete
receive_response_headers.started request=<Request [b'GET']>
send_request_headers.complete
send_request_body.started request=<Request [b'GET']>
send_request_body.complete
receive_response_headers.started request=<Request [b'GET']>
send_request_headers.complete
send_request_body.started request=<Request [b'GET']>
send_request_body.complete
receive_response_headers.started request=<Request [b'GET']>
send_request_headers.complete
send_request_body.started request=<Request [b'GET']>
send_request_body.complete
receive_response_headers.started request=<Request [b'GET']>
send_request_headers.started request=<Request [b'POST']>
send_request_headers.started request=<Request [b'POST']>
send_request_headers.started request=<Request [b'POST']>
send_request_headers.started request=<Request [b'POST']>
send_request_headers.started request=<Request [b'POST']>
send_request_headers.complete
send_request_body.started request=<Request [b'POST']>
send_request_headers.complete
send_request_body.started request=<Request [b'POST']>
send_request_headers.complete
send_request_body.started request=<Request [b'POST']>
send_request_headers.complete
send_request_body.started request=<Request [b'POST']>
send_request_headers.complete
send_request_body.started request=<Request [b'POST']>
connect_tcp.complete return_value=<httpcore._backends.anyio.AnyIOStream object at 0x13891df10>
send_request_body.complete
receive_response_headers.started request=<Request [b'POST']>
send_request_body.complete
receive_response_headers.started request=<Request [b'POST']>
send_request_body.complete
receive_response_headers.started request=<Request [b'POST']>
send_request_body.complete
receive_response_headers.started request=<Request [b'POST']>
send_request_body.complete
receive_response_headers.started request=<Request [b'POST']>
send_request_headers.started request=<Request [b'POST']>
send_request_headers.complete
send_request_body.started request=<Request [b'POST']>
send_request_body.complete
receive_response_headers.started request=<Request [b'POST']>
receive_response_headers.complete return_value=(b'HTTP/1.1', 200, b'OK', [(b'Connection', b'close'), (b'Transfer-Encoding', b'chunked'), (b'Content-Encoding', b'br'), (b'Content-Type', b'application/json'), (b'Date', b'Wed, 14 Jan 2026 14:48:47 GMT'), (b'Vary', b'accept-encoding, Origin, Access-Control-Request-Method, Access-Control-Request-Headers')])
receive_response_body.started request=<Request [b'GET']>
receive_response_headers.complete return_value=(b'HTTP/1.1', 200, b'OK', [(b'Connection', b'close'), (b'Transfer-Encoding', b'chunked'), (b'Content-Encoding', b'br'), (b'Content-Type', b'application/json'), (b'Date', b'Wed, 14 Jan 2026 14:48:47 GMT'), (b'Vary', b'accept-encoding, Origin, Access-Control-Request-Method, Access-Control-Request-Headers')])
receive_response_body.started request=<Request [b'GET']>
receive_response_body.complete
response_closed.started
receive_response_headers.complete return_value=(b'HTTP/1.1', 200, b'OK', [(b'Connection', b'close'), (b'Transfer-Encoding', b'chunked'), (b'Content-Encoding', b'br'), (b'Content-Type', b'application/json'), (b'Date', b'Wed, 14 Jan 2026 14:48:47 GMT'), (b'Vary', b'accept-encoding, Origin, Access-Control-Request-Method, Access-Control-Request-Headers')])
receive_response_body.started request=<Request [b'GET']>
receive_response_body.complete
response_closed.started
receive_response_headers.complete return_value=(b'HTTP/1.1', 200, b'OK', [(b'Connection', b'close'), (b'Transfer-Encoding', b'chunked'), (b'Content-Encoding', b'br'), (b'Content-Type', b'application/json'), (b'Date', b'Wed, 14 Jan 2026 14:48:47 GMT'), (b'Vary', b'accept-encoding, Origin, Access-Control-Request-Method, Access-Control-Request-Headers')])
receive_response_body.started request=<Request [b'GET']>
receive_response_body.complete
response_closed.started
receive_response_headers.complete return_value=(b'HTTP/1.1', 200, b'OK', [(b'Connection', b'close'), (b'Transfer-Encoding', b'chunked'), (b'Content-Encoding', b'br'), (b'Content-Type', b'application/json'), (b'Date', b'Wed, 14 Jan 2026 14:48:47 GMT'), (b'Vary', b'accept-encoding, Origin, Access-Control-Request-Method, Access-Control-Request-Headers')])
receive_response_body.started request=<Request [b'GET']>
receive_response_body.complete
response_closed.started
receive_response_headers.complete return_value=(b'HTTP/1.1', 200, b'OK', [(b'Connection', b'close'), (b'Transfer-Encoding', b'chunked'), (b'Content-Encoding', b'br'), (b'Content-Type', b'application/json'), (b'Date', b'Wed, 14 Jan 2026 14:48:47 GMT'), (b'Vary', b'accept-encoding, Origin, Access-Control-Request-Method, Access-Control-Request-Headers')])
receive_response_body.started request=<Request [b'GET']>
receive_response_body.complete
response_closed.started
receive_response_body.complete
response_closed.started
response_closed.complete
response_closed.complete
connect_tcp.started host='127.0.0.1' port=7890 local_address=None timeout=30.0 socket_options=None
connect_tcp.started host='127.0.0.1' port=7890 local_address=None timeout=30.0 socket_options=None
response_closed.complete
response_closed.complete
response_closed.complete
response_closed.complete
connect_tcp.started host='127.0.0.1' port=7890 local_address=None timeout=30.0 socket_options=None
connect_tcp.started host='127.0.0.1' port=7890 local_address=None timeout=30.0 socket_options=None
connect_tcp.started host='127.0.0.1' port=7890 local_address=None timeout=30.0 socket_options=None
connect_tcp.started host='127.0.0.1' port=7890 local_address=None timeout=30.0 socket_options=None
receive_response_headers.complete return_value=(b'HTTP/1.1', 200, b'OK', [(b'Connection', b'close'), (b'Transfer-Encoding', b'chunked'), (b'Content-Encoding', b'br'), (b'Content-Type', b'application/json'), (b'Date', b'Wed, 14 Jan 2026 14:48:47 GMT'), (b'Vary', b'accept-encoding, Origin, Access-Control-Request-Method, Access-Control-Request-Headers')])
receive_response_body.started request=<Request [b'POST']>
receive_response_body.complete
response_closed.started
receive_response_headers.complete return_value=(b'HTTP/1.1', 200, b'OK', [(b'Connection', b'close'), (b'Transfer-Encoding', b'chunked'), (b'Content-Encoding', b'br'), (b'Content-Type', b'application/json'), (b'Date', b'Wed, 14 Jan 2026 14:48:47 GMT'), (b'Vary', b'accept-encoding, Origin, Access-Control-Request-Method, Access-Control-Request-Headers')])
receive_response_body.started request=<Request [b'POST']>
receive_response_body.complete
response_closed.started
receive_response_headers.complete return_value=(b'HTTP/1.1', 200, b'OK', [(b'Connection', b'close'), (b'Transfer-Encoding', b'chunked'), (b'Content-Encoding', b'br'), (b'Content-Type', b'application/json'), (b'Date', b'Wed, 14 Jan 2026 14:48:47 GMT'), (b'Vary', b'accept-encoding, Origin, Access-Control-Request-Method, Access-Control-Request-Headers')])
receive_response_body.started request=<Request [b'POST']>
receive_response_body.complete
response_closed.started
receive_response_headers.complete return_value=(b'HTTP/1.1', 200, b'OK', [(b'Connection', b'close'), (b'Transfer-Encoding', b'chunked'), (b'Content-Encoding', b'br'), (b'Content-Type', b'application/json'), (b'Date', b'Wed, 14 Jan 2026 14:48:47 GMT'), (b'Vary', b'accept-encoding, Origin, Access-Control-Request-Method, Access-Control-Request-Headers')])
receive_response_body.started request=<Request [b'POST']>
receive_response_body.complete
response_closed.started
receive_response_headers.complete return_value=(b'HTTP/1.1', 200, b'OK', [(b'Connection', b'close'), (b'Transfer-Encoding', b'chunked'), (b'Content-Encoding', b'br'), (b'Content-Type', b'application/json'), (b'Date', b'Wed, 14 Jan 2026 14:48:47 GMT'), (b'Vary', b'accept-encoding, Origin, Access-Control-Request-Method, Access-Control-Request-Headers')])
receive_response_body.started request=<Request [b'POST']>
receive_response_body.complete
response_closed.started
receive_response_headers.complete return_value=(b'HTTP/1.1', 200, b'OK', [(b'Connection', b'close'), (b'Transfer-Encoding', b'chunked'), (b'Content-Encoding', b'br'), (b'Content-Type', b'application/json'), (b'Date', b'Wed, 14 Jan 2026 14:48:47 GMT'), (b'Vary', b'accept-encoding, Origin, Access-Control-Request-Method, Access-Control-Request-Headers')])
receive_response_body.started request=<Request [b'POST']>
receive_response_body.complete
response_closed.started
response_closed.complete
response_closed.complete
response_closed.complete
response_closed.complete
response_closed.complete
response_closed.complete
[2m2026-01-14T14:48:48.027706Z[0m [[32m[1minfo     [0m] [1mrequest_completed             [0m [[0m[1m[34mapp.core.logger_utils[0m][0m [36mclient[0m=[35m127.0.0.1[0m [36mduration_ms[0m=[35m395.14[0m [36menvironment[0m=[35mdevelopment[0m [36mfilename[0m=[35mmain.py[0m [36mfunc_name[0m=[35mlog_requests[0m [36mlineno[0m=[35m132[0m [36mmethod[0m=[35mGET[0m [36mmodule[0m=[35mmain[0m [36mpath[0m=[35m/api/v1/knowledge/collections[0m [36mpathname[0m=[35m/Users/apple/PycharmProjects/Bank-copilot/app/main.py[0m [36mrequest_id[0m=[35m7796e844-7a2b-419d-af94-c81a952653eb[0m [36mstatus_code[0m=[35m200[0m
INFO:     127.0.0.1:51761 - "GET /api/v1/knowledge/collections HTTP/1.1" 200 OK
connect_tcp.complete return_value=<httpcore._backends.anyio.AnyIOStream object at 0x11f2bbf80>
connect_tcp.complete return_value=<httpcore._backends.anyio.AnyIOStream object at 0x11f2b8530>
send_request_headers.started request=<Request [b'POST']>
send_request_headers.started request=<Request [b'POST']>
connect_tcp.complete return_value=<httpcore._backends.anyio.AnyIOStream object at 0x11f2bbe00>
send_request_headers.complete
send_request_body.started request=<Request [b'POST']>
send_request_headers.complete
send_request_body.started request=<Request [b'POST']>
send_request_headers.started request=<Request [b'POST']>
connect_tcp.complete return_value=<httpcore._backends.anyio.AnyIOStream object at 0x11f2c7770>
connect_tcp.complete return_value=<httpcore._backends.anyio.AnyIOStream object at 0x11f2bb6b0>
connect_tcp.complete return_value=<httpcore._backends.anyio.AnyIOStream object at 0x11f2c4290>
send_request_body.complete
receive_response_headers.started request=<Request [b'POST']>
send_request_body.complete
receive_response_headers.started request=<Request [b'POST']>
send_request_headers.complete
send_request_body.started request=<Request [b'POST']>
send_request_headers.started request=<Request [b'POST']>
send_request_headers.started request=<Request [b'POST']>
send_request_headers.started request=<Request [b'POST']>
send_request_body.complete
receive_response_headers.started request=<Request [b'POST']>
send_request_headers.complete
send_request_body.started request=<Request [b'POST']>
send_request_headers.complete
send_request_body.started request=<Request [b'POST']>
send_request_headers.complete
send_request_body.started request=<Request [b'POST']>
send_request_body.complete
receive_response_headers.started request=<Request [b'POST']>
send_request_body.complete
receive_response_headers.started request=<Request [b'POST']>
send_request_body.complete
receive_response_headers.started request=<Request [b'POST']>
connect_tcp.started host='127.0.0.1' port=7890 local_address=None timeout=30.0 socket_options=None
receive_response_headers.complete return_value=(b'HTTP/1.1', 200, b'OK', [(b'Connection', b'close'), (b'Transfer-Encoding', b'chunked'), (b'Content-Encoding', b'br'), (b'Content-Type', b'application/json'), (b'Date', b'Wed, 14 Jan 2026 14:48:47 GMT'), (b'Vary', b'accept-encoding, Origin, Access-Control-Request-Method, Access-Control-Request-Headers')])
receive_response_body.started request=<Request [b'POST']>
receive_response_body.complete
response_closed.started
receive_response_headers.complete return_value=(b'HTTP/1.1', 200, b'OK', [(b'Connection', b'close'), (b'Transfer-Encoding', b'chunked'), (b'Content-Encoding', b'br'), (b'Content-Type', b'application/json'), (b'Date', b'Wed, 14 Jan 2026 14:48:47 GMT'), (b'Vary', b'accept-encoding, Origin, Access-Control-Request-Method, Access-Control-Request-Headers')])
receive_response_body.started request=<Request [b'POST']>
receive_response_body.complete
response_closed.started
receive_response_headers.complete return_value=(b'HTTP/1.1', 200, b'OK', [(b'Connection', b'close'), (b'Transfer-Encoding', b'chunked'), (b'Content-Encoding', b'br'), (b'Content-Type', b'application/json'), (b'Date', b'Wed, 14 Jan 2026 14:48:47 GMT'), (b'Vary', b'accept-encoding, Origin, Access-Control-Request-Method, Access-Control-Request-Headers')])
receive_response_body.started request=<Request [b'POST']>
receive_response_body.complete
response_closed.started
receive_response_headers.complete return_value=(b'HTTP/1.1', 200, b'OK', [(b'Connection', b'close'), (b'Transfer-Encoding', b'chunked'), (b'Content-Encoding', b'br'), (b'Content-Type', b'application/json'), (b'Date', b'Wed, 14 Jan 2026 14:48:48 GMT'), (b'Vary', b'accept-encoding, Origin, Access-Control-Request-Method, Access-Control-Request-Headers')])
receive_response_body.started request=<Request [b'POST']>
receive_response_body.complete
response_closed.started
receive_response_headers.complete return_value=(b'HTTP/1.1', 200, b'OK', [(b'Connection', b'close'), (b'Transfer-Encoding', b'chunked'), (b'Content-Encoding', b'br'), (b'Content-Type', b'application/json'), (b'Date', b'Wed, 14 Jan 2026 14:48:47 GMT'), (b'Vary', b'accept-encoding, Origin, Access-Control-Request-Method, Access-Control-Request-Headers')])
receive_response_body.started request=<Request [b'POST']>
receive_response_body.complete
response_closed.started
receive_response_headers.complete return_value=(b'HTTP/1.1', 200, b'OK', [(b'Connection', b'close'), (b'Transfer-Encoding', b'chunked'), (b'Content-Encoding', b'br'), (b'Content-Type', b'application/json'), (b'Date', b'Wed, 14 Jan 2026 14:48:48 GMT'), (b'Vary', b'accept-encoding, Origin, Access-Control-Request-Method, Access-Control-Request-Headers')])
receive_response_body.started request=<Request [b'POST']>
receive_response_body.complete
response_closed.started
response_closed.complete
response_closed.complete
response_closed.complete
response_closed.complete
response_closed.complete
response_closed.complete
[2m2026-01-14T14:48:48.051465Z[0m [[32m[1minfo     [0m] [1mrequest_completed             [0m [[0m[1m[34mapp.core.logger_utils[0m][0m [36mclient[0m=[35m127.0.0.1[0m [36mduration_ms[0m=[35m379.43[0m [36menvironment[0m=[35mdevelopment[0m [36mfilename[0m=[35mmain.py[0m [36mfunc_name[0m=[35mlog_requests[0m [36mlineno[0m=[35m132[0m [36mmethod[0m=[35mGET[0m [36mmodule[0m=[35mmain[0m [36mpath[0m=[35m/api/v1/knowledge/stats[0m [36mpathname[0m=[35m/Users/apple/PycharmProjects/Bank-copilot/app/main.py[0m [36mrequest_id[0m=[35mf1cc3390-9b96-4a14-81a0-a3d24147de3f[0m [36mstatus_code[0m=[35m200[0m
INFO:     127.0.0.1:51789 - "GET /api/v1/knowledge/stats HTTP/1.1" 200 OK
connect_tcp.complete return_value=<httpcore._backends.anyio.AnyIOStream object at 0x11f2a6ea0>
send_request_headers.started request=<Request [b'GET']>
send_request_headers.complete
send_request_body.started request=<Request [b'GET']>
send_request_body.complete
receive_response_headers.started request=<Request [b'GET']>
connect_tcp.started host='127.0.0.1' port=7890 local_address=None timeout=30.0 socket_options=None
receive_response_headers.complete return_value=(b'HTTP/1.1', 200, b'OK', [(b'Connection', b'close'), (b'Transfer-Encoding', b'chunked'), (b'Content-Encoding', b'br'), (b'Content-Type', b'application/json'), (b'Date', b'Wed, 14 Jan 2026 14:48:47 GMT'), (b'Vary', b'accept-encoding, Origin, Access-Control-Request-Method, Access-Control-Request-Headers')])
receive_response_body.started request=<Request [b'GET']>
receive_response_body.complete
response_closed.started
response_closed.complete
connect_tcp.started host='127.0.0.1' port=7890 local_address=None timeout=30.0 socket_options=None
connect_tcp.started host='127.0.0.1' port=7890 local_address=None timeout=30.0 socket_options=None
connect_tcp.started host='127.0.0.1' port=7890 local_address=None timeout=30.0 socket_options=None
connect_tcp.started host='127.0.0.1' port=7890 local_address=None timeout=30.0 socket_options=None
connect_tcp.started host='127.0.0.1' port=7890 local_address=None timeout=30.0 socket_options=None
connect_tcp.started host='127.0.0.1' port=7890 local_address=None timeout=30.0 socket_options=None
connect_tcp.complete return_value=<httpcore._backends.anyio.AnyIOStream object at 0x11f2b8350>
send_request_headers.started request=<Request [b'GET']>
send_request_headers.complete
send_request_body.started request=<Request [b'GET']>
send_request_body.complete
receive_response_headers.started request=<Request [b'GET']>
connect_tcp.complete return_value=<httpcore._backends.anyio.AnyIOStream object at 0x11f2c4bf0>
connect_tcp.complete return_value=<httpcore._backends.anyio.AnyIOStream object at 0x11f2baff0>
send_request_headers.started request=<Request [b'GET']>
send_request_headers.started request=<Request [b'GET']>
connect_tcp.complete return_value=<httpcore._backends.anyio.AnyIOStream object at 0x11f2c6a80>
connect_tcp.complete return_value=<httpcore._backends.anyio.AnyIOStream object at 0x11f2c4350>
connect_tcp.complete return_value=<httpcore._backends.anyio.AnyIOStream object at 0x11f2c51f0>
connect_tcp.complete return_value=<httpcore._backends.anyio.AnyIOStream object at 0x11f2b9580>
send_request_headers.complete
send_request_body.started request=<Request [b'GET']>
send_request_body.complete
receive_response_headers.started request=<Request [b'GET']>
send_request_headers.complete
send_request_body.started request=<Request [b'GET']>
send_request_body.complete
receive_response_headers.started request=<Request [b'GET']>
send_request_headers.started request=<Request [b'GET']>
send_request_headers.started request=<Request [b'GET']>
send_request_headers.started request=<Request [b'GET']>
send_request_headers.started request=<Request [b'GET']>
send_request_headers.complete
send_request_body.started request=<Request [b'GET']>
send_request_body.complete
receive_response_headers.started request=<Request [b'GET']>
send_request_headers.complete
send_request_body.started request=<Request [b'GET']>
send_request_body.complete
receive_response_headers.started request=<Request [b'GET']>
send_request_headers.complete
send_request_body.started request=<Request [b'GET']>
send_request_body.complete
receive_response_headers.started request=<Request [b'GET']>
send_request_headers.complete
send_request_body.started request=<Request [b'GET']>
send_request_body.complete
receive_response_headers.started request=<Request [b'GET']>
receive_response_headers.complete return_value=(b'HTTP/1.1', 200, b'OK', [(b'Connection', b'close'), (b'Transfer-Encoding', b'chunked'), (b'Content-Encoding', b'br'), (b'Content-Type', b'application/json'), (b'Date', b'Wed, 14 Jan 2026 14:48:47 GMT'), (b'Vary', b'accept-encoding, Origin, Access-Control-Request-Method, Access-Control-Request-Headers')])
receive_response_body.started request=<Request [b'GET']>
receive_response_body.complete
response_closed.started
response_closed.complete
connect_tcp.started host='127.0.0.1' port=7890 local_address=None timeout=30.0 socket_options=None
connect_tcp.started host='127.0.0.1' port=7890 local_address=None timeout=30.0 socket_options=None
connect_tcp.started host='127.0.0.1' port=7890 local_address=None timeout=30.0 socket_options=None
connect_tcp.started host='127.0.0.1' port=7890 local_address=None timeout=30.0 socket_options=None
connect_tcp.started host='127.0.0.1' port=7890 local_address=None timeout=30.0 socket_options=None
connect_tcp.started host='127.0.0.1' port=7890 local_address=None timeout=30.0 socket_options=None
receive_response_headers.complete return_value=(b'HTTP/1.1', 200, b'OK', [(b'Connection', b'close'), (b'Transfer-Encoding', b'chunked'), (b'Content-Encoding', b'br'), (b'Content-Type', b'application/json'), (b'Date', b'Wed, 14 Jan 2026 14:48:47 GMT'), (b'Vary', b'accept-encoding, Origin, Access-Control-Request-Method, Access-Control-Request-Headers')])
receive_response_body.started request=<Request [b'GET']>
receive_response_body.complete
response_closed.started
receive_response_headers.complete return_value=(b'HTTP/1.1', 200, b'OK', [(b'Connection', b'close'), (b'Transfer-Encoding', b'chunked'), (b'Content-Encoding', b'br'), (b'Content-Type', b'application/json'), (b'Date', b'Wed, 14 Jan 2026 14:48:47 GMT'), (b'Vary', b'accept-encoding, Origin, Access-Control-Request-Method, Access-Control-Request-Headers')])
receive_response_body.started request=<Request [b'GET']>
receive_response_body.complete
response_closed.started
receive_response_headers.complete return_value=(b'HTTP/1.1', 200, b'OK', [(b'Connection', b'close'), (b'Transfer-Encoding', b'chunked'), (b'Content-Encoding', b'br'), (b'Content-Type', b'application/json'), (b'Date', b'Wed, 14 Jan 2026 14:48:48 GMT'), (b'Vary', b'accept-encoding, Origin, Access-Control-Request-Method, Access-Control-Request-Headers')])
receive_response_body.started request=<Request [b'GET']>
receive_response_body.complete
response_closed.started
receive_response_headers.complete return_value=(b'HTTP/1.1', 200, b'OK', [(b'Connection', b'close'), (b'Transfer-Encoding', b'chunked'), (b'Content-Encoding', b'br'), (b'Content-Type', b'application/json'), (b'Date', b'Wed, 14 Jan 2026 14:48:48 GMT'), (b'Vary', b'accept-encoding, Origin, Access-Control-Request-Method, Access-Control-Request-Headers')])
receive_response_body.started request=<Request [b'GET']>
receive_response_body.complete
response_closed.started
receive_response_headers.complete return_value=(b'HTTP/1.1', 200, b'OK', [(b'Connection', b'close'), (b'Transfer-Encoding', b'chunked'), (b'Content-Encoding', b'br'), (b'Content-Type', b'application/json'), (b'Date', b'Wed, 14 Jan 2026 14:48:47 GMT'), (b'Vary', b'accept-encoding, Origin, Access-Control-Request-Method, Access-Control-Request-Headers')])
receive_response_body.started request=<Request [b'GET']>
receive_response_body.complete
response_closed.started
receive_response_headers.complete return_value=(b'HTTP/1.1', 200, b'OK', [(b'Connection', b'close'), (b'Transfer-Encoding', b'chunked'), (b'Content-Encoding', b'br'), (b'Content-Type', b'application/json'), (b'Date', b'Wed, 14 Jan 2026 14:48:47 GMT'), (b'Vary', b'accept-encoding, Origin, Access-Control-Request-Method, Access-Control-Request-Headers')])
receive_response_body.started request=<Request [b'GET']>
receive_response_body.complete
response_closed.started
response_closed.complete
response_closed.complete
connect_tcp.started host='127.0.0.1' port=7890 local_address=None timeout=30.0 socket_options=None
connect_tcp.started host='127.0.0.1' port=7890 local_address=None timeout=30.0 socket_options=None
response_closed.complete
response_closed.complete
response_closed.complete
response_closed.complete
connect_tcp.started host='127.0.0.1' port=7890 local_address=None timeout=30.0 socket_options=None
connect_tcp.started host='127.0.0.1' port=7890 local_address=None timeout=30.0 socket_options=None
connect_tcp.started host='127.0.0.1' port=7890 local_address=None timeout=30.0 socket_options=None
connect_tcp.started host='127.0.0.1' port=7890 local_address=None timeout=30.0 socket_options=None
connect_tcp.complete return_value=<httpcore._backends.anyio.AnyIOStream object at 0x11f2e8bc0>
connect_tcp.complete return_value=<httpcore._backends.anyio.AnyIOStream object at 0x11f2b8350>
connect_tcp.complete return_value=<httpcore._backends.anyio.AnyIOStream object at 0x11f2a5bb0>
connect_tcp.complete return_value=<httpcore._backends.anyio.AnyIOStream object at 0x11f2e02c0>
connect_tcp.complete return_value=<httpcore._backends.anyio.AnyIOStream object at 0x11f2eb3e0>
connect_tcp.complete return_value=<httpcore._backends.anyio.AnyIOStream object at 0x11f2e3ef0>
send_request_headers.started request=<Request [b'GET']>
send_request_headers.started request=<Request [b'GET']>
send_request_headers.started request=<Request [b'GET']>
send_request_headers.started request=<Request [b'GET']>
send_request_headers.started request=<Request [b'GET']>
send_request_headers.started request=<Request [b'GET']>
send_request_headers.complete
send_request_body.started request=<Request [b'GET']>
send_request_body.complete
receive_response_headers.started request=<Request [b'GET']>
send_request_headers.complete
send_request_body.started request=<Request [b'GET']>
send_request_body.complete
receive_response_headers.started request=<Request [b'GET']>
send_request_headers.complete
send_request_body.started request=<Request [b'GET']>
send_request_body.complete
receive_response_headers.started request=<Request [b'GET']>
send_request_headers.complete
send_request_body.started request=<Request [b'GET']>
send_request_body.complete
receive_response_headers.started request=<Request [b'GET']>
send_request_headers.complete
send_request_body.started request=<Request [b'GET']>
send_request_body.complete
receive_response_headers.started request=<Request [b'GET']>
send_request_headers.complete
send_request_body.started request=<Request [b'GET']>
send_request_body.complete
receive_response_headers.started request=<Request [b'GET']>
connect_tcp.complete return_value=<httpcore._backends.anyio.AnyIOStream object at 0x11f2fa600>
connect_tcp.complete return_value=<httpcore._backends.anyio.AnyIOStream object at 0x11f2fbf50>
send_request_headers.started request=<Request [b'POST']>
send_request_headers.started request=<Request [b'POST']>
connect_tcp.complete return_value=<httpcore._backends.anyio.AnyIOStream object at 0x13892a1b0>
connect_tcp.complete return_value=<httpcore._backends.anyio.AnyIOStream object at 0x13892b170>
connect_tcp.complete return_value=<httpcore._backends.anyio.AnyIOStream object at 0x13892bce0>
connect_tcp.complete return_value=<httpcore._backends.anyio.AnyIOStream object at 0x13892bd70>
send_request_headers.complete
send_request_body.started request=<Request [b'POST']>
send_request_headers.complete
send_request_body.started request=<Request [b'POST']>
send_request_headers.started request=<Request [b'POST']>
send_request_headers.started request=<Request [b'POST']>
send_request_headers.started request=<Request [b'POST']>
send_request_headers.started request=<Request [b'POST']>
send_request_body.complete
receive_response_headers.started request=<Request [b'POST']>
send_request_body.complete
receive_response_headers.started request=<Request [b'POST']>
send_request_headers.complete
send_request_body.started request=<Request [b'POST']>
send_request_headers.complete
send_request_body.started request=<Request [b'POST']>
send_request_headers.complete
send_request_body.started request=<Request [b'POST']>
send_request_headers.complete
send_request_body.started request=<Request [b'POST']>
send_request_body.complete
receive_response_headers.started request=<Request [b'POST']>
send_request_body.complete
receive_response_headers.started request=<Request [b'POST']>
send_request_body.complete
receive_response_headers.started request=<Request [b'POST']>
send_request_body.complete
receive_response_headers.started request=<Request [b'POST']>
receive_response_headers.complete return_value=(b'HTTP/1.1', 200, b'OK', [(b'Connection', b'close'), (b'Transfer-Encoding', b'chunked'), (b'Content-Encoding', b'br'), (b'Content-Type', b'application/json'), (b'Date', b'Wed, 14 Jan 2026 14:48:48 GMT'), (b'Vary', b'accept-encoding, Origin, Access-Control-Request-Method, Access-Control-Request-Headers')])
receive_response_body.started request=<Request [b'GET']>
receive_response_headers.complete return_value=(b'HTTP/1.1', 200, b'OK', [(b'Connection', b'close'), (b'Transfer-Encoding', b'chunked'), (b'Content-Encoding', b'br'), (b'Content-Type', b'application/json'), (b'Date', b'Wed, 14 Jan 2026 14:48:47 GMT'), (b'Vary', b'accept-encoding, Origin, Access-Control-Request-Method, Access-Control-Request-Headers')])
receive_response_body.started request=<Request [b'GET']>
receive_response_headers.complete return_value=(b'HTTP/1.1', 200, b'OK', [(b'Connection', b'close'), (b'Transfer-Encoding', b'chunked'), (b'Content-Encoding', b'br'), (b'Content-Type', b'application/json'), (b'Date', b'Wed, 14 Jan 2026 14:48:47 GMT'), (b'Vary', b'accept-encoding, Origin, Access-Control-Request-Method, Access-Control-Request-Headers')])
receive_response_body.started request=<Request [b'GET']>
receive_response_headers.complete return_value=(b'HTTP/1.1', 200, b'OK', [(b'Connection', b'close'), (b'Transfer-Encoding', b'chunked'), (b'Content-Encoding', b'br'), (b'Content-Type', b'application/json'), (b'Date', b'Wed, 14 Jan 2026 14:48:47 GMT'), (b'Vary', b'accept-encoding, Origin, Access-Control-Request-Method, Access-Control-Request-Headers')])
receive_response_body.started request=<Request [b'GET']>
receive_response_body.complete
response_closed.started
receive_response_headers.complete return_value=(b'HTTP/1.1', 200, b'OK', [(b'Connection', b'close'), (b'Transfer-Encoding', b'chunked'), (b'Content-Encoding', b'br'), (b'Content-Type', b'application/json'), (b'Date', b'Wed, 14 Jan 2026 14:48:47 GMT'), (b'Vary', b'accept-encoding, Origin, Access-Control-Request-Method, Access-Control-Request-Headers')])
receive_response_body.started request=<Request [b'GET']>
receive_response_body.complete
response_closed.started
receive_response_body.complete
response_closed.started
receive_response_body.complete
response_closed.started
receive_response_headers.complete return_value=(b'HTTP/1.1', 200, b'OK', [(b'Connection', b'close'), (b'Transfer-Encoding', b'chunked'), (b'Content-Encoding', b'br'), (b'Content-Type', b'application/json'), (b'Date', b'Wed, 14 Jan 2026 14:48:47 GMT'), (b'Vary', b'accept-encoding, Origin, Access-Control-Request-Method, Access-Control-Request-Headers')])
receive_response_body.started request=<Request [b'GET']>
receive_response_body.complete
response_closed.started
receive_response_body.complete
response_closed.started
response_closed.complete
response_closed.complete
response_closed.complete
response_closed.complete
response_closed.complete
response_closed.complete
connect_tcp.started host='127.0.0.1' port=7890 local_address=None timeout=30.0 socket_options=None
connect_tcp.started host='127.0.0.1' port=7890 local_address=None timeout=30.0 socket_options=None
connect_tcp.started host='127.0.0.1' port=7890 local_address=None timeout=30.0 socket_options=None
connect_tcp.started host='127.0.0.1' port=7890 local_address=None timeout=30.0 socket_options=None
connect_tcp.started host='127.0.0.1' port=7890 local_address=None timeout=30.0 socket_options=None
connect_tcp.started host='127.0.0.1' port=7890 local_address=None timeout=30.0 socket_options=None
receive_response_headers.complete return_value=(b'HTTP/1.1', 200, b'OK', [(b'Connection', b'close'), (b'Transfer-Encoding', b'chunked'), (b'Content-Encoding', b'br'), (b'Content-Type', b'application/json'), (b'Date', b'Wed, 14 Jan 2026 14:48:47 GMT'), (b'Vary', b'accept-encoding, Origin, Access-Control-Request-Method, Access-Control-Request-Headers')])
receive_response_body.started request=<Request [b'POST']>
receive_response_body.complete
response_closed.started
receive_response_headers.complete return_value=(b'HTTP/1.1', 200, b'OK', [(b'Connection', b'close'), (b'Transfer-Encoding', b'chunked'), (b'Content-Encoding', b'br'), (b'Content-Type', b'application/json'), (b'Date', b'Wed, 14 Jan 2026 14:48:47 GMT'), (b'Vary', b'accept-encoding, Origin, Access-Control-Request-Method, Access-Control-Request-Headers')])
receive_response_body.started request=<Request [b'POST']>
receive_response_body.complete
response_closed.started
receive_response_headers.complete return_value=(b'HTTP/1.1', 200, b'OK', [(b'Connection', b'close'), (b'Transfer-Encoding', b'chunked'), (b'Content-Encoding', b'br'), (b'Content-Type', b'application/json'), (b'Date', b'Wed, 14 Jan 2026 14:48:48 GMT'), (b'Vary', b'accept-encoding, Origin, Access-Control-Request-Method, Access-Control-Request-Headers')])
receive_response_body.started request=<Request [b'POST']>
receive_response_body.complete
response_closed.started
receive_response_headers.complete return_value=(b'HTTP/1.1', 200, b'OK', [(b'Connection', b'close'), (b'Transfer-Encoding', b'chunked'), (b'Content-Encoding', b'br'), (b'Content-Type', b'application/json'), (b'Date', b'Wed, 14 Jan 2026 14:48:47 GMT'), (b'Vary', b'accept-encoding, Origin, Access-Control-Request-Method, Access-Control-Request-Headers')])
receive_response_body.started request=<Request [b'POST']>
receive_response_body.complete
response_closed.started
receive_response_headers.complete return_value=(b'HTTP/1.1', 200, b'OK', [(b'Connection', b'close'), (b'Transfer-Encoding', b'chunked'), (b'Content-Encoding', b'br'), (b'Content-Type', b'application/json'), (b'Date', b'Wed, 14 Jan 2026 14:48:47 GMT'), (b'Vary', b'accept-encoding, Origin, Access-Control-Request-Method, Access-Control-Request-Headers')])
receive_response_body.started request=<Request [b'POST']>
receive_response_body.complete
response_closed.started
receive_response_headers.complete return_value=(b'HTTP/1.1', 200, b'OK', [(b'Connection', b'close'), (b'Transfer-Encoding', b'chunked'), (b'Content-Encoding', b'br'), (b'Content-Type', b'application/json'), (b'Date', b'Wed, 14 Jan 2026 14:48:47 GMT'), (b'Vary', b'accept-encoding, Origin, Access-Control-Request-Method, Access-Control-Request-Headers')])
receive_response_body.started request=<Request [b'POST']>
receive_response_body.complete
response_closed.started
response_closed.complete
response_closed.complete
response_closed.complete
response_closed.complete
response_closed.complete
response_closed.complete
[2m2026-01-14T14:48:48.403973Z[0m [[32m[1minfo     [0m] [1mrequest_completed             [0m [[0m[1m[34mapp.core.logger_utils[0m][0m [36mclient[0m=[35m127.0.0.1[0m [36mduration_ms[0m=[35m373.77[0m [36menvironment[0m=[35mdevelopment[0m [36mfilename[0m=[35mmain.py[0m [36mfunc_name[0m=[35mlog_requests[0m [36mlineno[0m=[35m132[0m [36mmethod[0m=[35mGET[0m [36mmodule[0m=[35mmain[0m [36mpath[0m=[35m/api/v1/knowledge/collections[0m [36mpathname[0m=[35m/Users/apple/PycharmProjects/Bank-copilot/app/main.py[0m [36mrequest_id[0m=[35m59723432-f724-41fd-86b2-1563421d7670[0m [36mstatus_code[0m=[35m200[0m
INFO:     127.0.0.1:51869 - "GET /api/v1/knowledge/collections HTTP/1.1" 200 OK
connect_tcp.complete return_value=<httpcore._backends.anyio.AnyIOStream object at 0x11f176fc0>
connect_tcp.complete return_value=<httpcore._backends.anyio.AnyIOStream object at 0x138909220>
connect_tcp.complete return_value=<httpcore._backends.anyio.AnyIOStream object at 0x138909d30>
connect_tcp.complete return_value=<httpcore._backends.anyio.AnyIOStream object at 0x13890a930>
connect_tcp.complete return_value=<httpcore._backends.anyio.AnyIOStream object at 0x13890b3e0>
connect_tcp.complete return_value=<httpcore._backends.anyio.AnyIOStream object at 0x13890bf50>
send_request_headers.started request=<Request [b'POST']>
send_request_headers.started request=<Request [b'POST']>
send_request_headers.started request=<Request [b'POST']>
send_request_headers.started request=<Request [b'POST']>
send_request_headers.started request=<Request [b'POST']>
send_request_headers.started request=<Request [b'POST']>
send_request_headers.complete
send_request_body.started request=<Request [b'POST']>
send_request_headers.complete
send_request_body.started request=<Request [b'POST']>
send_request_headers.complete
send_request_body.started request=<Request [b'POST']>
send_request_headers.complete
send_request_body.started request=<Request [b'POST']>
send_request_headers.complete
send_request_body.started request=<Request [b'POST']>
send_request_headers.complete
send_request_body.started request=<Request [b'POST']>
send_request_body.complete
receive_response_headers.started request=<Request [b'POST']>
send_request_body.complete
receive_response_headers.started request=<Request [b'POST']>
send_request_body.complete
receive_response_headers.started request=<Request [b'POST']>
send_request_body.complete
receive_response_headers.started request=<Request [b'POST']>
send_request_body.complete
receive_response_headers.started request=<Request [b'POST']>
send_request_body.complete
receive_response_headers.started request=<Request [b'POST']>
receive_response_headers.complete return_value=(b'HTTP/1.1', 200, b'OK', [(b'Connection', b'close'), (b'Transfer-Encoding', b'chunked'), (b'Content-Encoding', b'br'), (b'Content-Type', b'application/json'), (b'Date', b'Wed, 14 Jan 2026 14:48:48 GMT'), (b'Vary', b'accept-encoding, Origin, Access-Control-Request-Method, Access-Control-Request-Headers')])
receive_response_body.started request=<Request [b'POST']>
receive_response_headers.complete return_value=(b'HTTP/1.1', 200, b'OK', [(b'Connection', b'close'), (b'Transfer-Encoding', b'chunked'), (b'Content-Encoding', b'br'), (b'Content-Type', b'application/json'), (b'Date', b'Wed, 14 Jan 2026 14:48:47 GMT'), (b'Vary', b'accept-encoding, Origin, Access-Control-Request-Method, Access-Control-Request-Headers')])
receive_response_body.started request=<Request [b'POST']>
receive_response_body.complete
response_closed.started
receive_response_headers.complete return_value=(b'HTTP/1.1', 200, b'OK', [(b'Connection', b'close'), (b'Transfer-Encoding', b'chunked'), (b'Content-Encoding', b'br'), (b'Content-Type', b'application/json'), (b'Date', b'Wed, 14 Jan 2026 14:48:47 GMT'), (b'Vary', b'accept-encoding, Origin, Access-Control-Request-Method, Access-Control-Request-Headers')])
receive_response_body.started request=<Request [b'POST']>
receive_response_body.complete
response_closed.started
receive_response_headers.complete return_value=(b'HTTP/1.1', 200, b'OK', [(b'Connection', b'close'), (b'Transfer-Encoding', b'chunked'), (b'Content-Encoding', b'br'), (b'Content-Type', b'application/json'), (b'Date', b'Wed, 14 Jan 2026 14:48:47 GMT'), (b'Vary', b'accept-encoding, Origin, Access-Control-Request-Method, Access-Control-Request-Headers')])
receive_response_body.started request=<Request [b'POST']>
receive_response_body.complete
response_closed.started
receive_response_headers.complete return_value=(b'HTTP/1.1', 200, b'OK', [(b'Connection', b'close'), (b'Transfer-Encoding', b'chunked'), (b'Content-Encoding', b'br'), (b'Content-Type', b'application/json'), (b'Date', b'Wed, 14 Jan 2026 14:48:47 GMT'), (b'Vary', b'accept-encoding, Origin, Access-Control-Request-Method, Access-Control-Request-Headers')])
receive_response_body.started request=<Request [b'POST']>
receive_response_body.complete
response_closed.started
receive_response_headers.complete return_value=(b'HTTP/1.1', 200, b'OK', [(b'Connection', b'close'), (b'Transfer-Encoding', b'chunked'), (b'Content-Encoding', b'br'), (b'Content-Type', b'application/json'), (b'Date', b'Wed, 14 Jan 2026 14:48:48 GMT'), (b'Vary', b'accept-encoding, Origin, Access-Control-Request-Method, Access-Control-Request-Headers')])
receive_response_body.started request=<Request [b'POST']>
receive_response_body.complete
response_closed.started
receive_response_body.complete
response_closed.started
response_closed.complete
response_closed.complete
response_closed.complete
response_closed.complete
response_closed.complete
response_closed.complete
[2m2026-01-14T14:48:48.424775Z[0m [[32m[1minfo     [0m] [1mrequest_completed             [0m [[0m[1m[34mapp.core.logger_utils[0m][0m [36mclient[0m=[35m127.0.0.1[0m [36mduration_ms[0m=[35m372.58[0m [36menvironment[0m=[35mdevelopment[0m [36mfilename[0m=[35mmain.py[0m [36mfunc_name[0m=[35mlog_requests[0m [36mlineno[0m=[35m132[0m [36mmethod[0m=[35mGET[0m [36mmodule[0m=[35mmain[0m [36mpath[0m=[35m/api/v1/knowledge/stats[0m [36mpathname[0m=[35m/Users/apple/PycharmProjects/Bank-copilot/app/main.py[0m [36mrequest_id[0m=[35m255c5c4c-b04c-4aff-b70c-c2b7de86302b[0m [36mstatus_code[0m=[35m200[0m
INFO:     127.0.0.1:51761 - "GET /api/v1/knowledge/stats HTTP/1.1" 200 OK
connect_tcp.started host='127.0.0.1' port=7890 local_address=None timeout=30.0 socket_options=None
connect_tcp.complete return_value=<httpcore._backends.anyio.AnyIOStream object at 0x11f2a5e20>
send_request_headers.started request=<Request [b'GET']>
send_request_headers.complete
send_request_body.started request=<Request [b'GET']>
send_request_body.complete
receive_response_headers.started request=<Request [b'GET']>
receive_response_headers.complete return_value=(b'HTTP/1.1', 200, b'OK', [(b'Connection', b'close'), (b'Transfer-Encoding', b'chunked'), (b'Content-Encoding', b'br'), (b'Content-Type', b'application/json'), (b'Date', b'Wed, 14 Jan 2026 14:48:48 GMT'), (b'Vary', b'accept-encoding, Origin, Access-Control-Request-Method, Access-Control-Request-Headers')])
receive_response_body.started request=<Request [b'GET']>
receive_response_body.complete
response_closed.started
response_closed.complete
connect_tcp.started host='127.0.0.1' port=7890 local_address=None timeout=30.0 socket_options=None
connect_tcp.started host='127.0.0.1' port=7890 local_address=None timeout=30.0 socket_options=None
connect_tcp.started host='127.0.0.1' port=7890 local_address=None timeout=30.0 socket_options=None
connect_tcp.started host='127.0.0.1' port=7890 local_address=None timeout=30.0 socket_options=None
connect_tcp.started host='127.0.0.1' port=7890 local_address=None timeout=30.0 socket_options=None
connect_tcp.started host='127.0.0.1' port=7890 local_address=None timeout=30.0 socket_options=None
connect_tcp.complete return_value=<httpcore._backends.anyio.AnyIOStream object at 0x138908d10>
connect_tcp.complete return_value=<httpcore._backends.anyio.AnyIOStream object at 0x1389091c0>
connect_tcp.complete return_value=<httpcore._backends.anyio.AnyIOStream object at 0x138908170>
send_request_headers.started request=<Request [b'GET']>
send_request_headers.started request=<Request [b'GET']>
send_request_headers.started request=<Request [b'GET']>
connect_tcp.complete return_value=<httpcore._backends.anyio.AnyIOStream object at 0x13890b680>
send_request_headers.complete
send_request_body.started request=<Request [b'GET']>
send_request_body.complete
receive_response_headers.started request=<Request [b'GET']>
send_request_headers.complete
send_request_body.started request=<Request [b'GET']>
send_request_body.complete
receive_response_headers.started request=<Request [b'GET']>
send_request_headers.complete
send_request_body.started request=<Request [b'GET']>
send_request_body.complete
receive_response_headers.started request=<Request [b'GET']>
send_request_headers.started request=<Request [b'GET']>
connect_tcp.complete return_value=<httpcore._backends.anyio.AnyIOStream object at 0x13890bfb0>
connect_tcp.complete return_value=<httpcore._backends.anyio.AnyIOStream object at 0x11f192870>
send_request_headers.complete
send_request_body.started request=<Request [b'GET']>
send_request_body.complete
receive_response_headers.started request=<Request [b'GET']>
send_request_headers.started request=<Request [b'GET']>
send_request_headers.started request=<Request [b'GET']>
send_request_headers.complete
send_request_body.started request=<Request [b'GET']>
send_request_body.complete
receive_response_headers.started request=<Request [b'GET']>
send_request_headers.complete
send_request_body.started request=<Request [b'GET']>
send_request_body.complete
receive_response_headers.started request=<Request [b'GET']>
receive_response_headers.complete return_value=(b'HTTP/1.1', 200, b'OK', [(b'Connection', b'close'), (b'Transfer-Encoding', b'chunked'), (b'Content-Encoding', b'br'), (b'Content-Type', b'application/json'), (b'Date', b'Wed, 14 Jan 2026 14:48:48 GMT'), (b'Vary', b'accept-encoding, Origin, Access-Control-Request-Method, Access-Control-Request-Headers')])
receive_response_body.started request=<Request [b'GET']>
receive_response_headers.complete return_value=(b'HTTP/1.1', 200, b'OK', [(b'Connection', b'close'), (b'Transfer-Encoding', b'chunked'), (b'Content-Encoding', b'br'), (b'Content-Type', b'application/json'), (b'Date', b'Wed, 14 Jan 2026 14:48:48 GMT'), (b'Vary', b'accept-encoding, Origin, Access-Control-Request-Method, Access-Control-Request-Headers')])
receive_response_body.started request=<Request [b'GET']>
receive_response_headers.complete return_value=(b'HTTP/1.1', 200, b'OK', [(b'Connection', b'close'), (b'Transfer-Encoding', b'chunked'), (b'Content-Encoding', b'br'), (b'Content-Type', b'application/json'), (b'Date', b'Wed, 14 Jan 2026 14:48:48 GMT'), (b'Vary', b'accept-encoding, Origin, Access-Control-Request-Method, Access-Control-Request-Headers')])
receive_response_body.started request=<Request [b'GET']>
receive_response_headers.complete return_value=(b'HTTP/1.1', 200, b'OK', [(b'Connection', b'close'), (b'Transfer-Encoding', b'chunked'), (b'Content-Encoding', b'br'), (b'Content-Type', b'application/json'), (b'Date', b'Wed, 14 Jan 2026 14:48:48 GMT'), (b'Vary', b'accept-encoding, Origin, Access-Control-Request-Method, Access-Control-Request-Headers')])
receive_response_body.started request=<Request [b'GET']>
receive_response_body.complete
response_closed.started
receive_response_headers.complete return_value=(b'HTTP/1.1', 200, b'OK', [(b'Connection', b'close'), (b'Transfer-Encoding', b'chunked'), (b'Content-Encoding', b'br'), (b'Content-Type', b'application/json'), (b'Date', b'Wed, 14 Jan 2026 14:48:48 GMT'), (b'Vary', b'accept-encoding, Origin, Access-Control-Request-Method, Access-Control-Request-Headers')])
receive_response_body.started request=<Request [b'GET']>
receive_response_body.complete
response_closed.started
receive_response_headers.complete return_value=(b'HTTP/1.1', 200, b'OK', [(b'Connection', b'close'), (b'Transfer-Encoding', b'chunked'), (b'Content-Encoding', b'br'), (b'Content-Type', b'application/json'), (b'Date', b'Wed, 14 Jan 2026 14:48:48 GMT'), (b'Vary', b'accept-encoding, Origin, Access-Control-Request-Method, Access-Control-Request-Headers')])
receive_response_body.started request=<Request [b'GET']>
receive_response_body.complete
response_closed.started
receive_response_body.complete
response_closed.started
receive_response_body.complete
response_closed.started
receive_response_body.complete
response_closed.started
response_closed.complete
connect_tcp.started host='127.0.0.1' port=7890 local_address=None timeout=30.0 socket_options=None
response_closed.complete
response_closed.complete
response_closed.complete
response_closed.complete
response_closed.complete
connect_tcp.started host='127.0.0.1' port=7890 local_address=None timeout=30.0 socket_options=None
connect_tcp.started host='127.0.0.1' port=7890 local_address=None timeout=30.0 socket_options=None
connect_tcp.started host='127.0.0.1' port=7890 local_address=None timeout=30.0 socket_options=None
connect_tcp.started host='127.0.0.1' port=7890 local_address=None timeout=30.0 socket_options=None
connect_tcp.started host='127.0.0.1' port=7890 local_address=None timeout=30.0 socket_options=None
connect_tcp.complete return_value=<httpcore._backends.anyio.AnyIOStream object at 0x11f2e87a0>
send_request_headers.started request=<Request [b'POST']>
connect_tcp.complete return_value=<httpcore._backends.anyio.AnyIOStream object at 0x11f2ea8d0>
connect_tcp.complete return_value=<httpcore._backends.anyio.AnyIOStream object at 0x13892a780>
connect_tcp.complete return_value=<httpcore._backends.anyio.AnyIOStream object at 0x13892b890>
send_request_headers.complete
send_request_body.started request=<Request [b'POST']>
send_request_headers.started request=<Request [b'POST']>
send_request_headers.started request=<Request [b'POST']>
send_request_headers.started request=<Request [b'POST']>
connect_tcp.complete return_value=<httpcore._backends.anyio.AnyIOStream object at 0x11f2ea330>
connect_tcp.complete return_value=<httpcore._backends.anyio.AnyIOStream object at 0x11f2ea720>
send_request_body.complete
receive_response_headers.started request=<Request [b'POST']>
send_request_headers.complete
send_request_body.started request=<Request [b'POST']>
send_request_headers.complete
send_request_body.started request=<Request [b'POST']>
send_request_headers.complete
send_request_body.started request=<Request [b'POST']>
send_request_headers.started request=<Request [b'POST']>
send_request_headers.started request=<Request [b'POST']>
send_request_body.complete
receive_response_headers.started request=<Request [b'POST']>
send_request_body.complete
receive_response_headers.started request=<Request [b'POST']>
send_request_body.complete
receive_response_headers.started request=<Request [b'POST']>
send_request_headers.complete
send_request_body.started request=<Request [b'POST']>
send_request_headers.complete
send_request_body.started request=<Request [b'POST']>
send_request_body.complete
receive_response_headers.started request=<Request [b'POST']>
send_request_body.complete
receive_response_headers.started request=<Request [b'POST']>
receive_response_headers.complete return_value=(b'HTTP/1.1', 200, b'OK', [(b'Connection', b'close'), (b'Transfer-Encoding', b'chunked'), (b'Content-Encoding', b'br'), (b'Content-Type', b'application/json'), (b'Date', b'Wed, 14 Jan 2026 14:48:48 GMT'), (b'Vary', b'accept-encoding, Origin, Access-Control-Request-Method, Access-Control-Request-Headers')])
receive_response_body.started request=<Request [b'POST']>
receive_response_body.complete
response_closed.started
response_closed.complete
receive_response_headers.complete return_value=(b'HTTP/1.1', 200, b'OK', [(b'Connection', b'close'), (b'Transfer-Encoding', b'chunked'), (b'Content-Encoding', b'br'), (b'Content-Type', b'application/json'), (b'Date', b'Wed, 14 Jan 2026 14:48:48 GMT'), (b'Vary', b'accept-encoding, Origin, Access-Control-Request-Method, Access-Control-Request-Headers')])
receive_response_body.started request=<Request [b'POST']>
receive_response_body.complete
response_closed.started
receive_response_headers.complete return_value=(b'HTTP/1.1', 200, b'OK', [(b'Connection', b'close'), (b'Transfer-Encoding', b'chunked'), (b'Content-Encoding', b'br'), (b'Content-Type', b'application/json'), (b'Date', b'Wed, 14 Jan 2026 14:48:48 GMT'), (b'Vary', b'accept-encoding, Origin, Access-Control-Request-Method, Access-Control-Request-Headers')])
receive_response_body.started request=<Request [b'POST']>
receive_response_body.complete
response_closed.started
receive_response_headers.complete return_value=(b'HTTP/1.1', 200, b'OK', [(b'Connection', b'close'), (b'Transfer-Encoding', b'chunked'), (b'Content-Encoding', b'br'), (b'Content-Type', b'application/json'), (b'Date', b'Wed, 14 Jan 2026 14:48:48 GMT'), (b'Vary', b'accept-encoding, Origin, Access-Control-Request-Method, Access-Control-Request-Headers')])
receive_response_body.started request=<Request [b'POST']>
receive_response_body.complete
response_closed.started
response_closed.complete
response_closed.complete
response_closed.complete
receive_response_headers.complete return_value=(b'HTTP/1.1', 200, b'OK', [(b'Connection', b'close'), (b'Transfer-Encoding', b'chunked'), (b'Content-Encoding', b'br'), (b'Content-Type', b'application/json'), (b'Date', b'Wed, 14 Jan 2026 14:48:48 GMT'), (b'Vary', b'accept-encoding, Origin, Access-Control-Request-Method, Access-Control-Request-Headers')])
receive_response_body.started request=<Request [b'POST']>
receive_response_body.complete
response_closed.started
receive_response_headers.complete return_value=(b'HTTP/1.1', 200, b'OK', [(b'Connection', b'close'), (b'Transfer-Encoding', b'chunked'), (b'Content-Encoding', b'br'), (b'Content-Type', b'application/json'), (b'Date', b'Wed, 14 Jan 2026 14:48:48 GMT'), (b'Vary', b'accept-encoding, Origin, Access-Control-Request-Method, Access-Control-Request-Headers')])
receive_response_body.started request=<Request [b'POST']>
receive_response_body.complete
response_closed.started
response_closed.complete
response_closed.complete
[2m2026-01-14T14:48:48.726635Z[0m [[32m[1minfo     [0m] [1mrequest_completed             [0m [[0m[1m[34mapp.core.logger_utils[0m][0m [36mclient[0m=[35m127.0.0.1[0m [36mduration_ms[0m=[35m217.62[0m [36menvironment[0m=[35mdevelopment[0m [36mfilename[0m=[35mmain.py[0m [36mfunc_name[0m=[35mlog_requests[0m [36mlineno[0m=[35m132[0m [36mmethod[0m=[35mGET[0m [36mmodule[0m=[35mmain[0m [36mpath[0m=[35m/api/v1/knowledge/collections[0m [36mpathname[0m=[35m/Users/apple/PycharmProjects/Bank-copilot/app/main.py[0m [36mrequest_id[0m=[35m21664a62-b05c-4008-86ec-7104b3ce6f82[0m [36mstatus_code[0m=[35m200[0m
INFO:     127.0.0.1:51761 - "GET /api/v1/knowledge/collections HTTP/1.1" 200 OK
connect_tcp.started host='127.0.0.1' port=7890 local_address=None timeout=30.0 socket_options=None
connect_tcp.complete return_value=<httpcore._backends.anyio.AnyIOStream object at 0x11f2e0c80>
send_request_headers.started request=<Request [b'GET']>
send_request_headers.complete
send_request_body.started request=<Request [b'GET']>
send_request_body.complete
receive_response_headers.started request=<Request [b'GET']>
receive_response_headers.complete return_value=(b'HTTP/1.1', 200, b'OK', [(b'Connection', b'close'), (b'Transfer-Encoding', b'chunked'), (b'Content-Encoding', b'br'), (b'Content-Type', b'application/json'), (b'Date', b'Wed, 14 Jan 2026 14:48:48 GMT'), (b'Vary', b'accept-encoding, Origin, Access-Control-Request-Method, Access-Control-Request-Headers')])
receive_response_body.started request=<Request [b'GET']>
receive_response_body.complete
response_closed.started
response_closed.complete
connect_tcp.started host='127.0.0.1' port=7890 local_address=None timeout=30.0 socket_options=None
connect_tcp.started host='127.0.0.1' port=7890 local_address=None timeout=30.0 socket_options=None
connect_tcp.started host='127.0.0.1' port=7890 local_address=None timeout=30.0 socket_options=None
connect_tcp.started host='127.0.0.1' port=7890 local_address=None timeout=30.0 socket_options=None
connect_tcp.started host='127.0.0.1' port=7890 local_address=None timeout=30.0 socket_options=None
connect_tcp.started host='127.0.0.1' port=7890 local_address=None timeout=30.0 socket_options=None
connect_tcp.complete return_value=<httpcore._backends.anyio.AnyIOStream object at 0x13892b590>
send_request_headers.started request=<Request [b'GET']>
send_request_headers.complete
send_request_body.started request=<Request [b'GET']>
send_request_body.complete
receive_response_headers.started request=<Request [b'GET']>
connect_tcp.complete return_value=<httpcore._backends.anyio.AnyIOStream object at 0x13892bef0>
send_request_headers.started request=<Request [b'GET']>
connect_tcp.complete return_value=<httpcore._backends.anyio.AnyIOStream object at 0x11f2e2090>
send_request_headers.complete
send_request_body.started request=<Request [b'GET']>
send_request_body.complete
receive_response_headers.started request=<Request [b'GET']>
send_request_headers.started request=<Request [b'GET']>
connect_tcp.complete return_value=<httpcore._backends.anyio.AnyIOStream object at 0x11f2e16d0>
connect_tcp.complete return_value=<httpcore._backends.anyio.AnyIOStream object at 0x11f2e2c00>
connect_tcp.complete return_value=<httpcore._backends.anyio.AnyIOStream object at 0x1389299a0>
send_request_headers.complete
send_request_body.started request=<Request [b'GET']>
send_request_body.complete
receive_response_headers.started request=<Request [b'GET']>
send_request_headers.started request=<Request [b'GET']>
send_request_headers.started request=<Request [b'GET']>
send_request_headers.started request=<Request [b'GET']>
send_request_headers.complete
send_request_body.started request=<Request [b'GET']>
send_request_body.complete
receive_response_headers.started request=<Request [b'GET']>
send_request_headers.complete
send_request_body.started request=<Request [b'GET']>
send_request_body.complete
receive_response_headers.started request=<Request [b'GET']>
send_request_headers.complete
send_request_body.started request=<Request [b'GET']>
send_request_body.complete
receive_response_headers.started request=<Request [b'GET']>
receive_response_headers.complete return_value=(b'HTTP/1.1', 200, b'OK', [(b'Connection', b'close'), (b'Transfer-Encoding', b'chunked'), (b'Content-Encoding', b'br'), (b'Content-Type', b'application/json'), (b'Date', b'Wed, 14 Jan 2026 14:48:48 GMT'), (b'Vary', b'accept-encoding, Origin, Access-Control-Request-Method, Access-Control-Request-Headers')])
receive_response_body.started request=<Request [b'GET']>
receive_response_body.complete
response_closed.started
receive_response_headers.complete return_value=(b'HTTP/1.1', 200, b'OK', [(b'Connection', b'close'), (b'Transfer-Encoding', b'chunked'), (b'Content-Encoding', b'br'), (b'Content-Type', b'application/json'), (b'Date', b'Wed, 14 Jan 2026 14:48:48 GMT'), (b'Vary', b'accept-encoding, Origin, Access-Control-Request-Method, Access-Control-Request-Headers')])
receive_response_body.started request=<Request [b'GET']>
receive_response_body.complete
response_closed.started
response_closed.complete
response_closed.complete
receive_response_headers.complete return_value=(b'HTTP/1.1', 200, b'OK', [(b'Connection', b'close'), (b'Transfer-Encoding', b'chunked'), (b'Content-Encoding', b'br'), (b'Content-Type', b'application/json'), (b'Date', b'Wed, 14 Jan 2026 14:48:48 GMT'), (b'Vary', b'accept-encoding, Origin, Access-Control-Request-Method, Access-Control-Request-Headers')])
receive_response_body.started request=<Request [b'GET']>
receive_response_body.complete
response_closed.started
receive_response_headers.complete return_value=(b'HTTP/1.1', 200, b'OK', [(b'Connection', b'close'), (b'Transfer-Encoding', b'chunked'), (b'Content-Encoding', b'br'), (b'Content-Type', b'application/json'), (b'Date', b'Wed, 14 Jan 2026 14:48:48 GMT'), (b'Vary', b'accept-encoding, Origin, Access-Control-Request-Method, Access-Control-Request-Headers')])
receive_response_body.started request=<Request [b'GET']>
receive_response_body.complete
response_closed.started
receive_response_headers.complete return_value=(b'HTTP/1.1', 200, b'OK', [(b'Connection', b'close'), (b'Transfer-Encoding', b'chunked'), (b'Content-Encoding', b'br'), (b'Content-Type', b'application/json'), (b'Date', b'Wed, 14 Jan 2026 14:48:48 GMT'), (b'Vary', b'accept-encoding, Origin, Access-Control-Request-Method, Access-Control-Request-Headers')])
receive_response_body.started request=<Request [b'GET']>
receive_response_body.complete
response_closed.started
connect_tcp.started host='127.0.0.1' port=7890 local_address=None timeout=30.0 socket_options=None
connect_tcp.started host='127.0.0.1' port=7890 local_address=None timeout=30.0 socket_options=None
response_closed.complete
response_closed.complete
response_closed.complete
receive_response_headers.complete return_value=(b'HTTP/1.1', 200, b'OK', [(b'Connection', b'close'), (b'Transfer-Encoding', b'chunked'), (b'Content-Encoding', b'br'), (b'Content-Type', b'application/json'), (b'Date', b'Wed, 14 Jan 2026 14:48:48 GMT'), (b'Vary', b'accept-encoding, Origin, Access-Control-Request-Method, Access-Control-Request-Headers')])
receive_response_body.started request=<Request [b'GET']>
receive_response_body.complete
response_closed.started
connect_tcp.started host='127.0.0.1' port=7890 local_address=None timeout=30.0 socket_options=None
connect_tcp.started host='127.0.0.1' port=7890 local_address=None timeout=30.0 socket_options=None
connect_tcp.started host='127.0.0.1' port=7890 local_address=None timeout=30.0 socket_options=None
response_closed.complete
connect_tcp.started host='127.0.0.1' port=7890 local_address=None timeout=30.0 socket_options=None
connect_tcp.complete return_value=<httpcore._backends.anyio.AnyIOStream object at 0x11f2ebe00>
connect_tcp.complete return_value=<httpcore._backends.anyio.AnyIOStream object at 0x1389052b0>
send_request_headers.started request=<Request [b'POST']>
send_request_headers.started request=<Request [b'POST']>
send_request_headers.complete
send_request_body.started request=<Request [b'POST']>
send_request_headers.complete
send_request_body.started request=<Request [b'POST']>
connect_tcp.complete return_value=<httpcore._backends.anyio.AnyIOStream object at 0x11f2e9220>
connect_tcp.complete return_value=<httpcore._backends.anyio.AnyIOStream object at 0x11f2ea180>
connect_tcp.complete return_value=<httpcore._backends.anyio.AnyIOStream object at 0x11f2eb920>
send_request_body.complete
receive_response_headers.started request=<Request [b'POST']>
send_request_body.complete
receive_response_headers.started request=<Request [b'POST']>
send_request_headers.started request=<Request [b'POST']>
send_request_headers.started request=<Request [b'POST']>
send_request_headers.started request=<Request [b'POST']>
send_request_headers.complete
send_request_body.started request=<Request [b'POST']>
send_request_headers.complete
send_request_body.started request=<Request [b'POST']>
send_request_headers.complete
send_request_body.started request=<Request [b'POST']>
connect_tcp.complete return_value=<httpcore._backends.anyio.AnyIOStream object at 0x138908950>
send_request_body.complete
receive_response_headers.started request=<Request [b'POST']>
send_request_body.complete
receive_response_headers.started request=<Request [b'POST']>
send_request_body.complete
receive_response_headers.started request=<Request [b'POST']>
send_request_headers.started request=<Request [b'POST']>
send_request_headers.complete
send_request_body.started request=<Request [b'POST']>
send_request_body.complete
receive_response_headers.started request=<Request [b'POST']>
receive_response_headers.complete return_value=(b'HTTP/1.1', 200, b'OK', [(b'Connection', b'close'), (b'Transfer-Encoding', b'chunked'), (b'Content-Encoding', b'br'), (b'Content-Type', b'application/json'), (b'Date', b'Wed, 14 Jan 2026 14:48:48 GMT'), (b'Vary', b'accept-encoding, Origin, Access-Control-Request-Method, Access-Control-Request-Headers')])
receive_response_body.started request=<Request [b'POST']>
receive_response_headers.complete return_value=(b'HTTP/1.1', 200, b'OK', [(b'Connection', b'close'), (b'Transfer-Encoding', b'chunked'), (b'Content-Encoding', b'br'), (b'Content-Type', b'application/json'), (b'Date', b'Wed, 14 Jan 2026 14:48:48 GMT'), (b'Vary', b'accept-encoding, Origin, Access-Control-Request-Method, Access-Control-Request-Headers')])
receive_response_body.started request=<Request [b'POST']>
receive_response_body.complete
response_closed.started
receive_response_body.complete
response_closed.started
response_closed.complete
response_closed.complete
receive_response_headers.complete return_value=(b'HTTP/1.1', 200, b'OK', [(b'Connection', b'close'), (b'Transfer-Encoding', b'chunked'), (b'Content-Encoding', b'br'), (b'Content-Type', b'application/json'), (b'Date', b'Wed, 14 Jan 2026 14:48:48 GMT'), (b'Vary', b'accept-encoding, Origin, Access-Control-Request-Method, Access-Control-Request-Headers')])
receive_response_body.started request=<Request [b'POST']>
receive_response_body.complete
response_closed.started
receive_response_headers.complete return_value=(b'HTTP/1.1', 200, b'OK', [(b'Connection', b'close'), (b'Transfer-Encoding', b'chunked'), (b'Content-Encoding', b'br'), (b'Content-Type', b'application/json'), (b'Date', b'Wed, 14 Jan 2026 14:48:48 GMT'), (b'Vary', b'accept-encoding, Origin, Access-Control-Request-Method, Access-Control-Request-Headers')])
receive_response_body.started request=<Request [b'POST']>
receive_response_body.complete
response_closed.started
receive_response_headers.complete return_value=(b'HTTP/1.1', 200, b'OK', [(b'Connection', b'close'), (b'Transfer-Encoding', b'chunked'), (b'Content-Encoding', b'br'), (b'Content-Type', b'application/json'), (b'Date', b'Wed, 14 Jan 2026 14:48:48 GMT'), (b'Vary', b'accept-encoding, Origin, Access-Control-Request-Method, Access-Control-Request-Headers')])
receive_response_body.started request=<Request [b'POST']>
receive_response_body.complete
response_closed.started
receive_response_headers.complete return_value=(b'HTTP/1.1', 200, b'OK', [(b'Connection', b'close'), (b'Transfer-Encoding', b'chunked'), (b'Content-Encoding', b'br'), (b'Content-Type', b'application/json'), (b'Date', b'Wed, 14 Jan 2026 14:48:48 GMT'), (b'Vary', b'accept-encoding, Origin, Access-Control-Request-Method, Access-Control-Request-Headers')])
receive_response_body.started request=<Request [b'POST']>
receive_response_body.complete
response_closed.started
response_closed.complete
response_closed.complete
response_closed.complete
response_closed.complete
[2m2026-01-14T14:48:48.922526Z[0m [[32m[1minfo     [0m] [1mrequest_completed             [0m [[0m[1m[34mapp.core.logger_utils[0m][0m [36mclient[0m=[35m127.0.0.1[0m [36mduration_ms[0m=[35m194.93[0m [36menvironment[0m=[35mdevelopment[0m [36mfilename[0m=[35mmain.py[0m [36mfunc_name[0m=[35mlog_requests[0m [36mlineno[0m=[35m132[0m [36mmethod[0m=[35mGET[0m [36mmodule[0m=[35mmain[0m [36mpath[0m=[35m/api/v1/knowledge/collections[0m [36mpathname[0m=[35m/Users/apple/PycharmProjects/Bank-copilot/app/main.py[0m [36mrequest_id[0m=[35m31fb2581-5659-4da3-9055-b536d9315c74[0m [36mstatus_code[0m=[35m200[0m
INFO:     127.0.0.1:51869 - "GET /api/v1/knowledge/collections HTTP/1.1" 200 OK
connect_tcp.started host='127.0.0.1' port=7890 local_address=None timeout=30.0 socket_options=None
connect_tcp.started host='127.0.0.1' port=7890 local_address=None timeout=30.0 socket_options=None
connect_tcp.complete return_value=<httpcore._backends.anyio.AnyIOStream object at 0x11f2e8350>
send_request_headers.started request=<Request [b'GET']>
send_request_headers.complete
send_request_body.started request=<Request [b'GET']>
send_request_body.complete
receive_response_headers.started request=<Request [b'GET']>
connect_tcp.complete return_value=<httpcore._backends.anyio.AnyIOStream object at 0x11f2e0a40>
send_request_headers.started request=<Request [b'GET']>
send_request_headers.complete
send_request_body.started request=<Request [b'GET']>
send_request_body.complete
receive_response_headers.started request=<Request [b'GET']>
receive_response_headers.complete return_value=(b'HTTP/1.1', 200, b'OK', [(b'Connection', b'close'), (b'Transfer-Encoding', b'chunked'), (b'Content-Encoding', b'br'), (b'Content-Type', b'application/json'), (b'Date', b'Wed, 14 Jan 2026 14:48:48 GMT'), (b'Vary', b'accept-encoding, Origin, Access-Control-Request-Method, Access-Control-Request-Headers')])
receive_response_body.started request=<Request [b'GET']>
receive_response_headers.complete return_value=(b'HTTP/1.1', 200, b'OK', [(b'Connection', b'close'), (b'Transfer-Encoding', b'chunked'), (b'Content-Encoding', b'br'), (b'Content-Type', b'application/json'), (b'Date', b'Wed, 14 Jan 2026 14:48:48 GMT'), (b'Vary', b'accept-encoding, Origin, Access-Control-Request-Method, Access-Control-Request-Headers')])
receive_response_body.started request=<Request [b'GET']>
receive_response_body.complete
response_closed.started
receive_response_body.complete
response_closed.started
response_closed.complete
response_closed.complete
connect_tcp.started host='127.0.0.1' port=7890 local_address=None timeout=30.0 socket_options=None
connect_tcp.started host='127.0.0.1' port=7890 local_address=None timeout=30.0 socket_options=None
connect_tcp.started host='127.0.0.1' port=7890 local_address=None timeout=30.0 socket_options=None
connect_tcp.started host='127.0.0.1' port=7890 local_address=None timeout=30.0 socket_options=None
connect_tcp.started host='127.0.0.1' port=7890 local_address=None timeout=30.0 socket_options=None
connect_tcp.started host='127.0.0.1' port=7890 local_address=None timeout=30.0 socket_options=None
connect_tcp.started host='127.0.0.1' port=7890 local_address=None timeout=30.0 socket_options=None
connect_tcp.started host='127.0.0.1' port=7890 local_address=None timeout=30.0 socket_options=None
connect_tcp.started host='127.0.0.1' port=7890 local_address=None timeout=30.0 socket_options=None
connect_tcp.started host='127.0.0.1' port=7890 local_address=None timeout=30.0 socket_options=None
connect_tcp.started host='127.0.0.1' port=7890 local_address=None timeout=30.0 socket_options=None
connect_tcp.started host='127.0.0.1' port=7890 local_address=None timeout=30.0 socket_options=None
connect_tcp.complete return_value=<httpcore._backends.anyio.AnyIOStream object at 0x138928350>
connect_tcp.complete return_value=<httpcore._backends.anyio.AnyIOStream object at 0x13892a510>
connect_tcp.complete return_value=<httpcore._backends.anyio.AnyIOStream object at 0x13892bce0>
connect_tcp.complete return_value=<httpcore._backends.anyio.AnyIOStream object at 0x13892a9c0>
connect_tcp.complete return_value=<httpcore._backends.anyio.AnyIOStream object at 0x11f2faf60>
connect_tcp.complete return_value=<httpcore._backends.anyio.AnyIOStream object at 0x11f2fb350>
connect_tcp.complete return_value=<httpcore._backends.anyio.AnyIOStream object at 0x11f2e3230>
connect_tcp.complete return_value=<httpcore._backends.anyio.AnyIOStream object at 0x11f2e2f90>
connect_tcp.complete return_value=<httpcore._backends.anyio.AnyIOStream object at 0x11f2e0dd0>
connect_tcp.complete return_value=<httpcore._backends.anyio.AnyIOStream object at 0x11f2f9430>
connect_tcp.complete return_value=<httpcore._backends.anyio.AnyIOStream object at 0x11f2f8ec0>
send_request_headers.started request=<Request [b'GET']>
send_request_headers.started request=<Request [b'GET']>
send_request_headers.started request=<Request [b'GET']>
send_request_headers.started request=<Request [b'GET']>
send_request_headers.started request=<Request [b'GET']>
send_request_headers.started request=<Request [b'GET']>
send_request_headers.started request=<Request [b'GET']>
send_request_headers.started request=<Request [b'GET']>
send_request_headers.started request=<Request [b'GET']>
send_request_headers.started request=<Request [b'GET']>
send_request_headers.started request=<Request [b'GET']>
connect_tcp.complete return_value=<httpcore._backends.anyio.AnyIOStream object at 0x11f2e2d50>
send_request_headers.complete
send_request_body.started request=<Request [b'GET']>
send_request_body.complete
receive_response_headers.started request=<Request [b'GET']>
send_request_headers.complete
send_request_body.started request=<Request [b'GET']>
send_request_body.complete
receive_response_headers.started request=<Request [b'GET']>
send_request_headers.complete
send_request_body.started request=<Request [b'GET']>
send_request_body.complete
receive_response_headers.started request=<Request [b'GET']>
send_request_headers.complete
send_request_body.started request=<Request [b'GET']>
send_request_body.complete
receive_response_headers.started request=<Request [b'GET']>
send_request_headers.complete
send_request_body.started request=<Request [b'GET']>
send_request_body.complete
receive_response_headers.started request=<Request [b'GET']>
send_request_headers.complete
send_request_body.started request=<Request [b'GET']>
send_request_body.complete
receive_response_headers.started request=<Request [b'GET']>
send_request_headers.complete
send_request_body.started request=<Request [b'GET']>
send_request_body.complete
receive_response_headers.started request=<Request [b'GET']>
send_request_headers.complete
send_request_body.started request=<Request [b'GET']>
send_request_body.complete
receive_response_headers.started request=<Request [b'GET']>
send_request_headers.complete
send_request_body.started request=<Request [b'GET']>
send_request_body.complete
receive_response_headers.started request=<Request [b'GET']>
send_request_headers.complete
send_request_body.started request=<Request [b'GET']>
send_request_body.complete
receive_response_headers.started request=<Request [b'GET']>
send_request_headers.complete
send_request_body.started request=<Request [b'GET']>
send_request_body.complete
receive_response_headers.started request=<Request [b'GET']>
send_request_headers.started request=<Request [b'GET']>
send_request_headers.complete
send_request_body.started request=<Request [b'GET']>
send_request_body.complete
receive_response_headers.started request=<Request [b'GET']>
receive_response_headers.complete return_value=(b'HTTP/1.1', 200, b'OK', [(b'Connection', b'close'), (b'Transfer-Encoding', b'chunked'), (b'Content-Encoding', b'br'), (b'Content-Type', b'application/json'), (b'Date', b'Wed, 14 Jan 2026 14:48:48 GMT'), (b'Vary', b'accept-encoding, Origin, Access-Control-Request-Method, Access-Control-Request-Headers')])
receive_response_body.started request=<Request [b'GET']>
receive_response_body.complete
response_closed.started
receive_response_headers.complete return_value=(b'HTTP/1.1', 200, b'OK', [(b'Connection', b'close'), (b'Transfer-Encoding', b'chunked'), (b'Content-Encoding', b'br'), (b'Content-Type', b'application/json'), (b'Date', b'Wed, 14 Jan 2026 14:48:48 GMT'), (b'Vary', b'accept-encoding, Origin, Access-Control-Request-Method, Access-Control-Request-Headers')])
receive_response_body.started request=<Request [b'GET']>
receive_response_body.complete
response_closed.started
response_closed.complete
response_closed.complete
receive_response_headers.complete return_value=(b'HTTP/1.1', 200, b'OK', [(b'Connection', b'close'), (b'Transfer-Encoding', b'chunked'), (b'Content-Encoding', b'br'), (b'Content-Type', b'application/json'), (b'Date', b'Wed, 14 Jan 2026 14:48:48 GMT'), (b'Vary', b'accept-encoding, Origin, Access-Control-Request-Method, Access-Control-Request-Headers')])
receive_response_body.started request=<Request [b'GET']>
receive_response_body.complete
response_closed.started
receive_response_headers.complete return_value=(b'HTTP/1.1', 200, b'OK', [(b'Connection', b'close'), (b'Transfer-Encoding', b'chunked'), (b'Content-Encoding', b'br'), (b'Content-Type', b'application/json'), (b'Date', b'Wed, 14 Jan 2026 14:48:48 GMT'), (b'Vary', b'accept-encoding, Origin, Access-Control-Request-Method, Access-Control-Request-Headers')])
receive_response_body.started request=<Request [b'GET']>
receive_response_body.complete
response_closed.started
receive_response_headers.complete return_value=(b'HTTP/1.1', 200, b'OK', [(b'Connection', b'close'), (b'Transfer-Encoding', b'chunked'), (b'Content-Encoding', b'br'), (b'Content-Type', b'application/json'), (b'Date', b'Wed, 14 Jan 2026 14:48:49 GMT'), (b'Vary', b'accept-encoding, Origin, Access-Control-Request-Method, Access-Control-Request-Headers')])
receive_response_body.started request=<Request [b'GET']>
receive_response_body.complete
response_closed.started
connect_tcp.started host='127.0.0.1' port=7890 local_address=None timeout=30.0 socket_options=None
connect_tcp.started host='127.0.0.1' port=7890 local_address=None timeout=30.0 socket_options=None
response_closed.complete
response_closed.complete
response_closed.complete
receive_response_headers.complete return_value=(b'HTTP/1.1', 200, b'OK', [(b'Connection', b'close'), (b'Transfer-Encoding', b'chunked'), (b'Content-Encoding', b'br'), (b'Content-Type', b'application/json'), (b'Date', b'Wed, 14 Jan 2026 14:48:48 GMT'), (b'Vary', b'accept-encoding, Origin, Access-Control-Request-Method, Access-Control-Request-Headers')])
receive_response_body.started request=<Request [b'GET']>
receive_response_body.complete
response_closed.started
receive_response_headers.complete return_value=(b'HTTP/1.1', 200, b'OK', [(b'Connection', b'close'), (b'Transfer-Encoding', b'chunked'), (b'Content-Encoding', b'br'), (b'Content-Type', b'application/json'), (b'Date', b'Wed, 14 Jan 2026 14:48:49 GMT'), (b'Vary', b'accept-encoding, Origin, Access-Control-Request-Method, Access-Control-Request-Headers')])
receive_response_body.started request=<Request [b'GET']>
receive_response_body.complete
response_closed.started
receive_response_headers.complete return_value=(b'HTTP/1.1', 200, b'OK', [(b'Connection', b'close'), (b'Transfer-Encoding', b'chunked'), (b'Content-Encoding', b'br'), (b'Content-Type', b'application/json'), (b'Date', b'Wed, 14 Jan 2026 14:48:48 GMT'), (b'Vary', b'accept-encoding, Origin, Access-Control-Request-Method, Access-Control-Request-Headers')])
receive_response_body.started request=<Request [b'GET']>
receive_response_body.complete
response_closed.started
receive_response_headers.complete return_value=(b'HTTP/1.1', 200, b'OK', [(b'Connection', b'close'), (b'Transfer-Encoding', b'chunked'), (b'Content-Encoding', b'br'), (b'Content-Type', b'application/json'), (b'Date', b'Wed, 14 Jan 2026 14:48:48 GMT'), (b'Vary', b'accept-encoding, Origin, Access-Control-Request-Method, Access-Control-Request-Headers')])
receive_response_body.started request=<Request [b'GET']>
receive_response_body.complete
response_closed.started
receive_response_headers.complete return_value=(b'HTTP/1.1', 200, b'OK', [(b'Connection', b'close'), (b'Transfer-Encoding', b'chunked'), (b'Content-Encoding', b'br'), (b'Content-Type', b'application/json'), (b'Date', b'Wed, 14 Jan 2026 14:48:48 GMT'), (b'Vary', b'accept-encoding, Origin, Access-Control-Request-Method, Access-Control-Request-Headers')])
receive_response_body.started request=<Request [b'GET']>
receive_response_body.complete
response_closed.started
receive_response_headers.complete return_value=(b'HTTP/1.1', 200, b'OK', [(b'Connection', b'close'), (b'Transfer-Encoding', b'chunked'), (b'Content-Encoding', b'br'), (b'Content-Type', b'application/json'), (b'Date', b'Wed, 14 Jan 2026 14:48:48 GMT'), (b'Vary', b'accept-encoding, Origin, Access-Control-Request-Method, Access-Control-Request-Headers')])
receive_response_body.started request=<Request [b'GET']>
receive_response_body.complete
response_closed.started
receive_response_headers.complete return_value=(b'HTTP/1.1', 200, b'OK', [(b'Connection', b'close'), (b'Transfer-Encoding', b'chunked'), (b'Content-Encoding', b'br'), (b'Content-Type', b'application/json'), (b'Date', b'Wed, 14 Jan 2026 14:48:48 GMT'), (b'Vary', b'accept-encoding, Origin, Access-Control-Request-Method, Access-Control-Request-Headers')])
receive_response_body.started request=<Request [b'GET']>
receive_response_body.complete
response_closed.started
connect_tcp.started host='127.0.0.1' port=7890 local_address=None timeout=30.0 socket_options=None
connect_tcp.started host='127.0.0.1' port=7890 local_address=None timeout=30.0 socket_options=None
connect_tcp.started host='127.0.0.1' port=7890 local_address=None timeout=30.0 socket_options=None
response_closed.complete
response_closed.complete
response_closed.complete
response_closed.complete
response_closed.complete
response_closed.complete
response_closed.complete
connect_tcp.started host='127.0.0.1' port=7890 local_address=None timeout=30.0 socket_options=None
connect_tcp.started host='127.0.0.1' port=7890 local_address=None timeout=30.0 socket_options=None
connect_tcp.started host='127.0.0.1' port=7890 local_address=None timeout=30.0 socket_options=None
connect_tcp.started host='127.0.0.1' port=7890 local_address=None timeout=30.0 socket_options=None
connect_tcp.started host='127.0.0.1' port=7890 local_address=None timeout=30.0 socket_options=None
connect_tcp.started host='127.0.0.1' port=7890 local_address=None timeout=30.0 socket_options=None
connect_tcp.started host='127.0.0.1' port=7890 local_address=None timeout=30.0 socket_options=None
connect_tcp.complete return_value=<httpcore._backends.anyio.AnyIOStream object at 0x11f2c70b0>
connect_tcp.complete return_value=<httpcore._backends.anyio.AnyIOStream object at 0x1389076e0>
send_request_headers.started request=<Request [b'POST']>
send_request_headers.started request=<Request [b'POST']>
send_request_headers.complete
send_request_body.started request=<Request [b'POST']>
send_request_headers.complete
send_request_body.started request=<Request [b'POST']>
connect_tcp.complete return_value=<httpcore._backends.anyio.AnyIOStream object at 0x11f2b89e0>
connect_tcp.complete return_value=<httpcore._backends.anyio.AnyIOStream object at 0x13892aff0>
connect_tcp.complete return_value=<httpcore._backends.anyio.AnyIOStream object at 0x13890ab10>
send_request_body.complete
receive_response_headers.started request=<Request [b'POST']>
send_request_body.complete
receive_response_headers.started request=<Request [b'POST']>
send_request_headers.started request=<Request [b'POST']>
send_request_headers.started request=<Request [b'POST']>
send_request_headers.started request=<Request [b'POST']>
send_request_headers.complete
send_request_body.started request=<Request [b'POST']>
send_request_headers.complete
send_request_body.started request=<Request [b'POST']>
send_request_headers.complete
send_request_body.started request=<Request [b'POST']>
connect_tcp.complete return_value=<httpcore._backends.anyio.AnyIOStream object at 0x11f2bb6b0>
connect_tcp.complete return_value=<httpcore._backends.anyio.AnyIOStream object at 0x11f2fa360>
connect_tcp.complete return_value=<httpcore._backends.anyio.AnyIOStream object at 0x11f2ba180>
connect_tcp.complete return_value=<httpcore._backends.anyio.AnyIOStream object at 0x1389059a0>
connect_tcp.complete return_value=<httpcore._backends.anyio.AnyIOStream object at 0x1389057f0>
connect_tcp.complete return_value=<httpcore._backends.anyio.AnyIOStream object at 0x138929ee0>
connect_tcp.complete return_value=<httpcore._backends.anyio.AnyIOStream object at 0x138929730>
send_request_body.complete
receive_response_headers.started request=<Request [b'POST']>
send_request_body.complete
receive_response_headers.started request=<Request [b'POST']>
send_request_body.complete
receive_response_headers.started request=<Request [b'POST']>
send_request_headers.started request=<Request [b'POST']>
send_request_headers.started request=<Request [b'POST']>
send_request_headers.started request=<Request [b'POST']>
send_request_headers.started request=<Request [b'POST']>
send_request_headers.started request=<Request [b'POST']>
send_request_headers.started request=<Request [b'POST']>
send_request_headers.started request=<Request [b'POST']>
send_request_headers.complete
send_request_body.started request=<Request [b'POST']>
send_request_headers.complete
send_request_body.started request=<Request [b'POST']>
send_request_headers.complete
send_request_body.started request=<Request [b'POST']>
send_request_headers.complete
send_request_body.started request=<Request [b'POST']>
send_request_headers.complete
send_request_body.started request=<Request [b'POST']>
send_request_headers.complete
send_request_body.started request=<Request [b'POST']>
send_request_headers.complete
send_request_body.started request=<Request [b'POST']>
send_request_body.complete
receive_response_headers.started request=<Request [b'POST']>
send_request_body.complete
receive_response_headers.started request=<Request [b'POST']>
send_request_body.complete
receive_response_headers.started request=<Request [b'POST']>
send_request_body.complete
receive_response_headers.started request=<Request [b'POST']>
send_request_body.complete
receive_response_headers.started request=<Request [b'POST']>
send_request_body.complete
receive_response_headers.started request=<Request [b'POST']>
send_request_body.complete
receive_response_headers.started request=<Request [b'POST']>
receive_response_headers.complete return_value=(b'HTTP/1.1', 200, b'OK', [(b'Connection', b'close'), (b'Transfer-Encoding', b'chunked'), (b'Content-Encoding', b'br'), (b'Content-Type', b'application/json'), (b'Date', b'Wed, 14 Jan 2026 14:48:49 GMT'), (b'Vary', b'accept-encoding, Origin, Access-Control-Request-Method, Access-Control-Request-Headers')])
receive_response_body.started request=<Request [b'POST']>
receive_response_body.complete
response_closed.started
receive_response_headers.complete return_value=(b'HTTP/1.1', 200, b'OK', [(b'Connection', b'close'), (b'Transfer-Encoding', b'chunked'), (b'Content-Encoding', b'br'), (b'Content-Type', b'application/json'), (b'Date', b'Wed, 14 Jan 2026 14:48:49 GMT'), (b'Vary', b'accept-encoding, Origin, Access-Control-Request-Method, Access-Control-Request-Headers')])
receive_response_body.started request=<Request [b'POST']>
receive_response_body.complete
response_closed.started
response_closed.complete
response_closed.complete
receive_response_headers.complete return_value=(b'HTTP/1.1', 200, b'OK', [(b'Connection', b'close'), (b'Transfer-Encoding', b'chunked'), (b'Content-Encoding', b'br'), (b'Content-Type', b'application/json'), (b'Date', b'Wed, 14 Jan 2026 14:48:49 GMT'), (b'Vary', b'accept-encoding, Origin, Access-Control-Request-Method, Access-Control-Request-Headers')])
receive_response_body.started request=<Request [b'POST']>
receive_response_body.complete
response_closed.started
receive_response_headers.complete return_value=(b'HTTP/1.1', 200, b'OK', [(b'Connection', b'close'), (b'Transfer-Encoding', b'chunked'), (b'Content-Encoding', b'br'), (b'Content-Type', b'application/json'), (b'Date', b'Wed, 14 Jan 2026 14:48:49 GMT'), (b'Vary', b'accept-encoding, Origin, Access-Control-Request-Method, Access-Control-Request-Headers')])
receive_response_body.started request=<Request [b'POST']>
receive_response_body.complete
response_closed.started
receive_response_headers.complete return_value=(b'HTTP/1.1', 200, b'OK', [(b'Connection', b'close'), (b'Transfer-Encoding', b'chunked'), (b'Content-Encoding', b'br'), (b'Content-Type', b'application/json'), (b'Date', b'Wed, 14 Jan 2026 14:48:49 GMT'), (b'Vary', b'accept-encoding, Origin, Access-Control-Request-Method, Access-Control-Request-Headers')])
receive_response_body.started request=<Request [b'POST']>
receive_response_body.complete
response_closed.started
response_closed.complete
response_closed.complete
response_closed.complete
receive_response_headers.complete return_value=(b'HTTP/1.1', 200, b'OK', [(b'Connection', b'close'), (b'Transfer-Encoding', b'chunked'), (b'Content-Encoding', b'br'), (b'Content-Type', b'application/json'), (b'Date', b'Wed, 14 Jan 2026 14:48:49 GMT'), (b'Vary', b'accept-encoding, Origin, Access-Control-Request-Method, Access-Control-Request-Headers')])
receive_response_body.started request=<Request [b'POST']>
receive_response_body.complete
response_closed.started
receive_response_headers.complete return_value=(b'HTTP/1.1', 200, b'OK', [(b'Connection', b'close'), (b'Transfer-Encoding', b'chunked'), (b'Content-Encoding', b'br'), (b'Content-Type', b'application/json'), (b'Date', b'Wed, 14 Jan 2026 14:48:49 GMT'), (b'Vary', b'accept-encoding, Origin, Access-Control-Request-Method, Access-Control-Request-Headers')])
receive_response_body.started request=<Request [b'POST']>
receive_response_body.complete
response_closed.started
receive_response_headers.complete return_value=(b'HTTP/1.1', 200, b'OK', [(b'Connection', b'close'), (b'Transfer-Encoding', b'chunked'), (b'Content-Encoding', b'br'), (b'Content-Type', b'application/json'), (b'Date', b'Wed, 14 Jan 2026 14:48:49 GMT'), (b'Vary', b'accept-encoding, Origin, Access-Control-Request-Method, Access-Control-Request-Headers')])
receive_response_body.started request=<Request [b'POST']>
receive_response_body.complete
response_closed.started
receive_response_headers.complete return_value=(b'HTTP/1.1', 200, b'OK', [(b'Connection', b'close'), (b'Transfer-Encoding', b'chunked'), (b'Content-Encoding', b'br'), (b'Content-Type', b'application/json'), (b'Date', b'Wed, 14 Jan 2026 14:48:49 GMT'), (b'Vary', b'accept-encoding, Origin, Access-Control-Request-Method, Access-Control-Request-Headers')])
receive_response_body.started request=<Request [b'POST']>
receive_response_body.complete
response_closed.started
receive_response_headers.complete return_value=(b'HTTP/1.1', 200, b'OK', [(b'Connection', b'close'), (b'Transfer-Encoding', b'chunked'), (b'Content-Encoding', b'br'), (b'Content-Type', b'application/json'), (b'Date', b'Wed, 14 Jan 2026 14:48:49 GMT'), (b'Vary', b'accept-encoding, Origin, Access-Control-Request-Method, Access-Control-Request-Headers')])
receive_response_body.started request=<Request [b'POST']>
receive_response_body.complete
response_closed.started
receive_response_headers.complete return_value=(b'HTTP/1.1', 200, b'OK', [(b'Connection', b'close'), (b'Transfer-Encoding', b'chunked'), (b'Content-Encoding', b'br'), (b'Content-Type', b'application/json'), (b'Date', b'Wed, 14 Jan 2026 14:48:49 GMT'), (b'Vary', b'accept-encoding, Origin, Access-Control-Request-Method, Access-Control-Request-Headers')])
receive_response_body.started request=<Request [b'POST']>
receive_response_body.complete
response_closed.started
receive_response_headers.complete return_value=(b'HTTP/1.1', 200, b'OK', [(b'Connection', b'close'), (b'Transfer-Encoding', b'chunked'), (b'Content-Encoding', b'br'), (b'Content-Type', b'application/json'), (b'Date', b'Wed, 14 Jan 2026 14:48:49 GMT'), (b'Vary', b'accept-encoding, Origin, Access-Control-Request-Method, Access-Control-Request-Headers')])
receive_response_body.started request=<Request [b'POST']>
receive_response_body.complete
response_closed.started
response_closed.complete
response_closed.complete
response_closed.complete
response_closed.complete
response_closed.complete
response_closed.complete
response_closed.complete
[2m2026-01-14T14:48:49.639646Z[0m [[32m[1minfo     [0m] [1mrequest_completed             [0m [[0m[1m[34mapp.core.logger_utils[0m][0m [36mclient[0m=[35m127.0.0.1[0m [36mduration_ms[0m=[35m395.03[0m [36menvironment[0m=[35mdevelopment[0m [36mfilename[0m=[35mmain.py[0m [36mfunc_name[0m=[35mlog_requests[0m [36mlineno[0m=[35m132[0m [36mmethod[0m=[35mGET[0m [36mmodule[0m=[35mmain[0m [36mpath[0m=[35m/api/v1/knowledge/stats[0m [36mpathname[0m=[35m/Users/apple/PycharmProjects/Bank-copilot/app/main.py[0m [36mrequest_id[0m=[35ma074b307-1311-46b2-bd44-32e19eef403e[0m [36mstatus_code[0m=[35m200[0m
INFO:     127.0.0.1:51761 - "GET /api/v1/knowledge/stats HTTP/1.1" 200 OK
[2m2026-01-14T14:48:49.639867Z[0m [[32m[1minfo     [0m] [1mrequest_completed             [0m [[0m[1m[34mapp.core.logger_utils[0m][0m [36mclient[0m=[35m127.0.0.1[0m [36mduration_ms[0m=[35m417.91[0m [36menvironment[0m=[35mdevelopment[0m [36mfilename[0m=[35mmain.py[0m [36mfunc_name[0m=[35mlog_requests[0m [36mlineno[0m=[35m132[0m [36mmethod[0m=[35mGET[0m [36mmodule[0m=[35mmain[0m [36mpath[0m=[35m/api/v1/knowledge/collections[0m [36mpathname[0m=[35m/Users/apple/PycharmProjects/Bank-copilot/app/main.py[0m [36mrequest_id[0m=[35md7ba712c-d502-416c-a5c7-3a165634ffab[0m [36mstatus_code[0m=[35m200[0m
INFO:     127.0.0.1:51869 - "GET /api/v1/knowledge/collections HTTP/1.1" 200 OK
connect_tcp.started host='127.0.0.1' port=7890 local_address=None timeout=30.0 socket_options=None
connect_tcp.started host='127.0.0.1' port=7890 local_address=None timeout=30.0 socket_options=None
connect_tcp.complete return_value=<httpcore._backends.anyio.AnyIOStream object at 0x138909fd0>
send_request_headers.started request=<Request [b'GET']>
send_request_headers.complete
send_request_body.started request=<Request [b'GET']>
send_request_body.complete
receive_response_headers.started request=<Request [b'GET']>
connect_tcp.complete return_value=<httpcore._backends.anyio.AnyIOStream object at 0x13890a600>
send_request_headers.started request=<Request [b'GET']>
send_request_headers.complete
send_request_body.started request=<Request [b'GET']>
send_request_body.complete
receive_response_headers.started request=<Request [b'GET']>
receive_response_headers.complete return_value=(b'HTTP/1.1', 200, b'OK', [(b'Connection', b'close'), (b'Transfer-Encoding', b'chunked'), (b'Content-Encoding', b'br'), (b'Content-Type', b'application/json'), (b'Date', b'Wed, 14 Jan 2026 14:48:49 GMT'), (b'Vary', b'accept-encoding, Origin, Access-Control-Request-Method, Access-Control-Request-Headers')])
receive_response_body.started request=<Request [b'GET']>
receive_response_body.complete
response_closed.started
response_closed.complete
receive_response_headers.complete return_value=(b'HTTP/1.1', 200, b'OK', [(b'Connection', b'close'), (b'Transfer-Encoding', b'chunked'), (b'Content-Encoding', b'br'), (b'Content-Type', b'application/json'), (b'Date', b'Wed, 14 Jan 2026 14:48:49 GMT'), (b'Vary', b'accept-encoding, Origin, Access-Control-Request-Method, Access-Control-Request-Headers')])
receive_response_body.started request=<Request [b'GET']>
receive_response_body.complete
response_closed.started
connect_tcp.started host='127.0.0.1' port=7890 local_address=None timeout=30.0 socket_options=None
connect_tcp.started host='127.0.0.1' port=7890 local_address=None timeout=30.0 socket_options=None
connect_tcp.started host='127.0.0.1' port=7890 local_address=None timeout=30.0 socket_options=None
connect_tcp.started host='127.0.0.1' port=7890 local_address=None timeout=30.0 socket_options=None
connect_tcp.started host='127.0.0.1' port=7890 local_address=None timeout=30.0 socket_options=None
connect_tcp.started host='127.0.0.1' port=7890 local_address=None timeout=30.0 socket_options=None
response_closed.complete
connect_tcp.started host='127.0.0.1' port=7890 local_address=None timeout=30.0 socket_options=None
connect_tcp.started host='127.0.0.1' port=7890 local_address=None timeout=30.0 socket_options=None
connect_tcp.started host='127.0.0.1' port=7890 local_address=None timeout=30.0 socket_options=None
connect_tcp.started host='127.0.0.1' port=7890 local_address=None timeout=30.0 socket_options=None
connect_tcp.started host='127.0.0.1' port=7890 local_address=None timeout=30.0 socket_options=None
connect_tcp.started host='127.0.0.1' port=7890 local_address=None timeout=30.0 socket_options=None
connect_tcp.complete return_value=<httpcore._backends.anyio.AnyIOStream object at 0x11f2f8350>
connect_tcp.complete return_value=<httpcore._backends.anyio.AnyIOStream object at 0x11f2b98e0>
connect_tcp.complete return_value=<httpcore._backends.anyio.AnyIOStream object at 0x11f2ea270>
connect_tcp.complete return_value=<httpcore._backends.anyio.AnyIOStream object at 0x11f2e8ad0>
connect_tcp.complete return_value=<httpcore._backends.anyio.AnyIOStream object at 0x11f2f8ce0>
connect_tcp.complete return_value=<httpcore._backends.anyio.AnyIOStream object at 0x11f2fb530>
send_request_headers.started request=<Request [b'GET']>
send_request_headers.started request=<Request [b'GET']>
send_request_headers.started request=<Request [b'GET']>
send_request_headers.started request=<Request [b'GET']>
send_request_headers.started request=<Request [b'GET']>
send_request_headers.started request=<Request [b'GET']>
send_request_headers.complete
send_request_body.started request=<Request [b'GET']>
send_request_body.complete
receive_response_headers.started request=<Request [b'GET']>
send_request_headers.complete
send_request_body.started request=<Request [b'GET']>
send_request_body.complete
receive_response_headers.started request=<Request [b'GET']>
send_request_headers.complete
send_request_body.started request=<Request [b'GET']>
send_request_body.complete
receive_response_headers.started request=<Request [b'GET']>
send_request_headers.complete
send_request_body.started request=<Request [b'GET']>
send_request_body.complete
receive_response_headers.started request=<Request [b'GET']>
send_request_headers.complete
send_request_body.started request=<Request [b'GET']>
send_request_body.complete
receive_response_headers.started request=<Request [b'GET']>
send_request_headers.complete
send_request_body.started request=<Request [b'GET']>
send_request_body.complete
receive_response_headers.started request=<Request [b'GET']>
connect_tcp.complete return_value=<httpcore._backends.anyio.AnyIOStream object at 0x11f2f8920>
connect_tcp.complete return_value=<httpcore._backends.anyio.AnyIOStream object at 0x138904500>
connect_tcp.complete return_value=<httpcore._backends.anyio.AnyIOStream object at 0x13892be60>
connect_tcp.complete return_value=<httpcore._backends.anyio.AnyIOStream object at 0x138928110>
connect_tcp.complete return_value=<httpcore._backends.anyio.AnyIOStream object at 0x11f2a6210>
connect_tcp.complete return_value=<httpcore._backends.anyio.AnyIOStream object at 0x11f2a5010>
send_request_headers.started request=<Request [b'GET']>
send_request_headers.started request=<Request [b'GET']>
send_request_headers.started request=<Request [b'GET']>
send_request_headers.started request=<Request [b'GET']>
send_request_headers.started request=<Request [b'GET']>
send_request_headers.started request=<Request [b'GET']>
send_request_headers.complete
send_request_body.started request=<Request [b'GET']>
send_request_body.complete
receive_response_headers.started request=<Request [b'GET']>
send_request_headers.complete
send_request_body.started request=<Request [b'GET']>
send_request_body.complete
receive_response_headers.started request=<Request [b'GET']>
send_request_headers.complete
send_request_body.started request=<Request [b'GET']>
send_request_body.complete
receive_response_headers.started request=<Request [b'GET']>
send_request_headers.complete
send_request_body.started request=<Request [b'GET']>
send_request_body.complete
receive_response_headers.started request=<Request [b'GET']>
send_request_headers.complete
send_request_body.started request=<Request [b'GET']>
send_request_body.complete
receive_response_headers.started request=<Request [b'GET']>
send_request_headers.complete
send_request_body.started request=<Request [b'GET']>
send_request_body.complete
receive_response_headers.started request=<Request [b'GET']>
receive_response_headers.complete return_value=(b'HTTP/1.1', 200, b'OK', [(b'Connection', b'close'), (b'Transfer-Encoding', b'chunked'), (b'Content-Encoding', b'br'), (b'Content-Type', b'application/json'), (b'Date', b'Wed, 14 Jan 2026 14:48:49 GMT'), (b'Vary', b'accept-encoding, Origin, Access-Control-Request-Method, Access-Control-Request-Headers')])
receive_response_body.started request=<Request [b'GET']>
receive_response_headers.complete return_value=(b'HTTP/1.1', 200, b'OK', [(b'Connection', b'close'), (b'Transfer-Encoding', b'chunked'), (b'Content-Encoding', b'br'), (b'Content-Type', b'application/json'), (b'Date', b'Wed, 14 Jan 2026 14:48:49 GMT'), (b'Vary', b'accept-encoding, Origin, Access-Control-Request-Method, Access-Control-Request-Headers')])
receive_response_body.started request=<Request [b'GET']>
receive_response_headers.complete return_value=(b'HTTP/1.1', 200, b'OK', [(b'Connection', b'close'), (b'Transfer-Encoding', b'chunked'), (b'Content-Encoding', b'br'), (b'Content-Type', b'application/json'), (b'Date', b'Wed, 14 Jan 2026 14:48:49 GMT'), (b'Vary', b'accept-encoding, Origin, Access-Control-Request-Method, Access-Control-Request-Headers')])
receive_response_body.started request=<Request [b'GET']>
receive_response_body.complete
response_closed.started
receive_response_headers.complete return_value=(b'HTTP/1.1', 200, b'OK', [(b'Connection', b'close'), (b'Transfer-Encoding', b'chunked'), (b'Content-Encoding', b'br'), (b'Content-Type', b'application/json'), (b'Date', b'Wed, 14 Jan 2026 14:48:49 GMT'), (b'Vary', b'accept-encoding, Origin, Access-Control-Request-Method, Access-Control-Request-Headers')])
receive_response_body.started request=<Request [b'GET']>
receive_response_body.complete
response_closed.started
receive_response_headers.complete return_value=(b'HTTP/1.1', 200, b'OK', [(b'Connection', b'close'), (b'Transfer-Encoding', b'chunked'), (b'Content-Encoding', b'br'), (b'Content-Type', b'application/json'), (b'Date', b'Wed, 14 Jan 2026 14:48:49 GMT'), (b'Vary', b'accept-encoding, Origin, Access-Control-Request-Method, Access-Control-Request-Headers')])
receive_response_body.started request=<Request [b'GET']>
receive_response_body.complete
response_closed.started
receive_response_headers.complete return_value=(b'HTTP/1.1', 200, b'OK', [(b'Connection', b'close'), (b'Transfer-Encoding', b'chunked'), (b'Content-Encoding', b'br'), (b'Content-Type', b'application/json'), (b'Date', b'Wed, 14 Jan 2026 14:48:49 GMT'), (b'Vary', b'accept-encoding, Origin, Access-Control-Request-Method, Access-Control-Request-Headers')])
receive_response_body.started request=<Request [b'GET']>
receive_response_body.complete
response_closed.started
receive_response_headers.complete return_value=(b'HTTP/1.1', 200, b'OK', [(b'Connection', b'close'), (b'Transfer-Encoding', b'chunked'), (b'Content-Encoding', b'br'), (b'Content-Type', b'application/json'), (b'Date', b'Wed, 14 Jan 2026 14:48:49 GMT'), (b'Vary', b'accept-encoding, Origin, Access-Control-Request-Method, Access-Control-Request-Headers')])
receive_response_body.started request=<Request [b'GET']>
receive_response_body.complete
response_closed.started
receive_response_headers.complete return_value=(b'HTTP/1.1', 200, b'OK', [(b'Connection', b'close'), (b'Transfer-Encoding', b'chunked'), (b'Content-Encoding', b'br'), (b'Content-Type', b'application/json'), (b'Date', b'Wed, 14 Jan 2026 14:48:49 GMT'), (b'Vary', b'accept-encoding, Origin, Access-Control-Request-Method, Access-Control-Request-Headers')])
receive_response_body.started request=<Request [b'GET']>
receive_response_body.complete
response_closed.started
receive_response_body.complete
response_closed.started
receive_response_headers.complete return_value=(b'HTTP/1.1', 200, b'OK', [(b'Connection', b'close'), (b'Transfer-Encoding', b'chunked'), (b'Content-Encoding', b'br'), (b'Content-Type', b'application/json'), (b'Date', b'Wed, 14 Jan 2026 14:48:49 GMT'), (b'Vary', b'accept-encoding, Origin, Access-Control-Request-Method, Access-Control-Request-Headers')])
receive_response_body.started request=<Request [b'GET']>
receive_response_body.complete
response_closed.started
receive_response_headers.complete return_value=(b'HTTP/1.1', 200, b'OK', [(b'Connection', b'close'), (b'Transfer-Encoding', b'chunked'), (b'Content-Encoding', b'br'), (b'Content-Type', b'application/json'), (b'Date', b'Wed, 14 Jan 2026 14:48:49 GMT'), (b'Vary', b'accept-encoding, Origin, Access-Control-Request-Method, Access-Control-Request-Headers')])
receive_response_body.started request=<Request [b'GET']>
receive_response_body.complete
response_closed.started
receive_response_headers.complete return_value=(b'HTTP/1.1', 200, b'OK', [(b'Connection', b'close'), (b'Transfer-Encoding', b'chunked'), (b'Content-Encoding', b'br'), (b'Content-Type', b'application/json'), (b'Date', b'Wed, 14 Jan 2026 14:48:49 GMT'), (b'Vary', b'accept-encoding, Origin, Access-Control-Request-Method, Access-Control-Request-Headers')])
receive_response_body.started request=<Request [b'GET']>
receive_response_body.complete
response_closed.started
receive_response_headers.complete return_value=(b'HTTP/1.1', 200, b'OK', [(b'Connection', b'close'), (b'Transfer-Encoding', b'chunked'), (b'Content-Encoding', b'br'), (b'Content-Type', b'application/json'), (b'Date', b'Wed, 14 Jan 2026 14:48:49 GMT'), (b'Vary', b'accept-encoding, Origin, Access-Control-Request-Method, Access-Control-Request-Headers')])
receive_response_body.started request=<Request [b'GET']>
receive_response_body.complete
response_closed.started
receive_response_body.complete
response_closed.started
response_closed.complete
response_closed.complete
response_closed.complete
connect_tcp.started host='127.0.0.1' port=7890 local_address=None timeout=30.0 socket_options=None
connect_tcp.started host='127.0.0.1' port=7890 local_address=None timeout=30.0 socket_options=None
connect_tcp.started host='127.0.0.1' port=7890 local_address=None timeout=30.0 socket_options=None
response_closed.complete
response_closed.complete
response_closed.complete
response_closed.complete
response_closed.complete
response_closed.complete
response_closed.complete
response_closed.complete
response_closed.complete
connect_tcp.started host='127.0.0.1' port=7890 local_address=None timeout=30.0 socket_options=None
connect_tcp.started host='127.0.0.1' port=7890 local_address=None timeout=30.0 socket_options=None
connect_tcp.started host='127.0.0.1' port=7890 local_address=None timeout=30.0 socket_options=None
connect_tcp.started host='127.0.0.1' port=7890 local_address=None timeout=30.0 socket_options=None
connect_tcp.started host='127.0.0.1' port=7890 local_address=None timeout=30.0 socket_options=None
connect_tcp.started host='127.0.0.1' port=7890 local_address=None timeout=30.0 socket_options=None
connect_tcp.started host='127.0.0.1' port=7890 local_address=None timeout=30.0 socket_options=None
connect_tcp.started host='127.0.0.1' port=7890 local_address=None timeout=30.0 socket_options=None
connect_tcp.started host='127.0.0.1' port=7890 local_address=None timeout=30.0 socket_options=None
connect_tcp.complete return_value=<httpcore._backends.anyio.AnyIOStream object at 0x13891f200>
connect_tcp.complete return_value=<httpcore._backends.anyio.AnyIOStream object at 0x13891cd10>
connect_tcp.complete return_value=<httpcore._backends.anyio.AnyIOStream object at 0x13891de20>
send_request_headers.started request=<Request [b'POST']>
send_request_headers.started request=<Request [b'POST']>
send_request_headers.started request=<Request [b'POST']>
connect_tcp.complete return_value=<httpcore._backends.anyio.AnyIOStream object at 0x1389085c0>
connect_tcp.complete return_value=<httpcore._backends.anyio.AnyIOStream object at 0x13890cc80>
connect_tcp.complete return_value=<httpcore._backends.anyio.AnyIOStream object at 0x13890eae0>
connect_tcp.complete return_value=<httpcore._backends.anyio.AnyIOStream object at 0x13890dfd0>
send_request_headers.complete
send_request_body.started request=<Request [b'POST']>
send_request_headers.complete
send_request_body.started request=<Request [b'POST']>
send_request_headers.complete
send_request_body.started request=<Request [b'POST']>
send_request_headers.started request=<Request [b'POST']>
send_request_headers.started request=<Request [b'POST']>
send_request_headers.started request=<Request [b'POST']>
send_request_headers.started request=<Request [b'POST']>
connect_tcp.complete return_value=<httpcore._backends.anyio.AnyIOStream object at 0x11f2bb650>
connect_tcp.complete return_value=<httpcore._backends.anyio.AnyIOStream object at 0x13891eea0>
connect_tcp.complete return_value=<httpcore._backends.anyio.AnyIOStream object at 0x138905760>
connect_tcp.complete return_value=<httpcore._backends.anyio.AnyIOStream object at 0x11f2e2120>
connect_tcp.complete return_value=<httpcore._backends.anyio.AnyIOStream object at 0x11f2f9be0>
send_request_body.complete
receive_response_headers.started request=<Request [b'POST']>
send_request_body.complete
receive_response_headers.started request=<Request [b'POST']>
send_request_body.complete
receive_response_headers.started request=<Request [b'POST']>
send_request_headers.complete
send_request_body.started request=<Request [b'POST']>
send_request_headers.complete
send_request_body.started request=<Request [b'POST']>
send_request_headers.complete
send_request_body.started request=<Request [b'POST']>
send_request_headers.complete
send_request_body.started request=<Request [b'POST']>
send_request_headers.started request=<Request [b'POST']>
send_request_headers.started request=<Request [b'POST']>
send_request_headers.started request=<Request [b'POST']>
send_request_headers.started request=<Request [b'POST']>
send_request_headers.started request=<Request [b'POST']>
send_request_body.complete
receive_response_headers.started request=<Request [b'POST']>
send_request_body.complete
receive_response_headers.started request=<Request [b'POST']>
send_request_body.complete
receive_response_headers.started request=<Request [b'POST']>
send_request_body.complete
receive_response_headers.started request=<Request [b'POST']>
send_request_headers.complete
send_request_body.started request=<Request [b'POST']>
send_request_headers.complete
send_request_body.started request=<Request [b'POST']>
send_request_headers.complete
send_request_body.started request=<Request [b'POST']>
send_request_headers.complete
send_request_body.started request=<Request [b'POST']>
send_request_headers.complete
send_request_body.started request=<Request [b'POST']>
send_request_body.complete
receive_response_headers.started request=<Request [b'POST']>
send_request_body.complete
receive_response_headers.started request=<Request [b'POST']>
send_request_body.complete
receive_response_headers.started request=<Request [b'POST']>
send_request_body.complete
receive_response_headers.started request=<Request [b'POST']>
send_request_body.complete
receive_response_headers.started request=<Request [b'POST']>
receive_response_headers.complete return_value=(b'HTTP/1.1', 200, b'OK', [(b'Connection', b'close'), (b'Transfer-Encoding', b'chunked'), (b'Content-Encoding', b'br'), (b'Content-Type', b'application/json'), (b'Date', b'Wed, 14 Jan 2026 14:48:49 GMT'), (b'Vary', b'accept-encoding, Origin, Access-Control-Request-Method, Access-Control-Request-Headers')])
receive_response_body.started request=<Request [b'POST']>
receive_response_headers.complete return_value=(b'HTTP/1.1', 200, b'OK', [(b'Connection', b'close'), (b'Transfer-Encoding', b'chunked'), (b'Content-Encoding', b'br'), (b'Content-Type', b'application/json'), (b'Date', b'Wed, 14 Jan 2026 14:48:49 GMT'), (b'Vary', b'accept-encoding, Origin, Access-Control-Request-Method, Access-Control-Request-Headers')])
receive_response_body.started request=<Request [b'POST']>
receive_response_body.complete
response_closed.started
receive_response_body.complete
response_closed.started
response_closed.complete
response_closed.complete
receive_response_headers.complete return_value=(b'HTTP/1.1', 200, b'OK', [(b'Connection', b'close'), (b'Transfer-Encoding', b'chunked'), (b'Content-Encoding', b'br'), (b'Content-Type', b'application/json'), (b'Date', b'Wed, 14 Jan 2026 14:48:49 GMT'), (b'Vary', b'accept-encoding, Origin, Access-Control-Request-Method, Access-Control-Request-Headers')])
receive_response_body.started request=<Request [b'POST']>
receive_response_body.complete
response_closed.started
receive_response_headers.complete return_value=(b'HTTP/1.1', 200, b'OK', [(b'Connection', b'close'), (b'Transfer-Encoding', b'chunked'), (b'Content-Encoding', b'br'), (b'Content-Type', b'application/json'), (b'Date', b'Wed, 14 Jan 2026 14:48:49 GMT'), (b'Vary', b'accept-encoding, Origin, Access-Control-Request-Method, Access-Control-Request-Headers')])
receive_response_body.started request=<Request [b'POST']>
receive_response_body.complete
response_closed.started
receive_response_headers.complete return_value=(b'HTTP/1.1', 200, b'OK', [(b'Connection', b'close'), (b'Transfer-Encoding', b'chunked'), (b'Content-Encoding', b'br'), (b'Content-Type', b'application/json'), (b'Date', b'Wed, 14 Jan 2026 14:48:49 GMT'), (b'Vary', b'accept-encoding, Origin, Access-Control-Request-Method, Access-Control-Request-Headers')])
receive_response_body.started request=<Request [b'POST']>
receive_response_body.complete
response_closed.started
receive_response_headers.complete return_value=(b'HTTP/1.1', 200, b'OK', [(b'Connection', b'close'), (b'Transfer-Encoding', b'chunked'), (b'Content-Encoding', b'br'), (b'Content-Type', b'application/json'), (b'Date', b'Wed, 14 Jan 2026 14:48:49 GMT'), (b'Vary', b'accept-encoding, Origin, Access-Control-Request-Method, Access-Control-Request-Headers')])
receive_response_body.started request=<Request [b'POST']>
receive_response_body.complete
response_closed.started
receive_response_headers.complete return_value=(b'HTTP/1.1', 200, b'OK', [(b'Connection', b'close'), (b'Transfer-Encoding', b'chunked'), (b'Content-Encoding', b'br'), (b'Content-Type', b'application/json'), (b'Date', b'Wed, 14 Jan 2026 14:48:49 GMT'), (b'Vary', b'accept-encoding, Origin, Access-Control-Request-Method, Access-Control-Request-Headers')])
receive_response_body.started request=<Request [b'POST']>
receive_response_body.complete
response_closed.started
receive_response_headers.complete return_value=(b'HTTP/1.1', 200, b'OK', [(b'Connection', b'close'), (b'Transfer-Encoding', b'chunked'), (b'Content-Encoding', b'br'), (b'Content-Type', b'application/json'), (b'Date', b'Wed, 14 Jan 2026 14:48:49 GMT'), (b'Vary', b'accept-encoding, Origin, Access-Control-Request-Method, Access-Control-Request-Headers')])
receive_response_body.started request=<Request [b'POST']>
receive_response_body.complete
response_closed.started
receive_response_headers.complete return_value=(b'HTTP/1.1', 200, b'OK', [(b'Connection', b'close'), (b'Transfer-Encoding', b'chunked'), (b'Content-Encoding', b'br'), (b'Content-Type', b'application/json'), (b'Date', b'Wed, 14 Jan 2026 14:48:50 GMT'), (b'Vary', b'accept-encoding, Origin, Access-Control-Request-Method, Access-Control-Request-Headers')])
receive_response_body.started request=<Request [b'POST']>
receive_response_body.complete
response_closed.started
receive_response_headers.complete return_value=(b'HTTP/1.1', 200, b'OK', [(b'Connection', b'close'), (b'Transfer-Encoding', b'chunked'), (b'Content-Encoding', b'br'), (b'Content-Type', b'application/json'), (b'Date', b'Wed, 14 Jan 2026 14:48:49 GMT'), (b'Vary', b'accept-encoding, Origin, Access-Control-Request-Method, Access-Control-Request-Headers')])
receive_response_body.started request=<Request [b'POST']>
receive_response_body.complete
response_closed.started
response_closed.complete
response_closed.complete
response_closed.complete
response_closed.complete
response_closed.complete
response_closed.complete
response_closed.complete
response_closed.complete
receive_response_headers.complete return_value=(b'HTTP/1.1', 200, b'OK', [(b'Connection', b'close'), (b'Transfer-Encoding', b'chunked'), (b'Content-Encoding', b'br'), (b'Content-Type', b'application/json'), (b'Date', b'Wed, 14 Jan 2026 14:48:49 GMT'), (b'Vary', b'accept-encoding, Origin, Access-Control-Request-Method, Access-Control-Request-Headers')])
receive_response_body.started request=<Request [b'POST']>
receive_response_body.complete
response_closed.started
receive_response_headers.complete return_value=(b'HTTP/1.1', 200, b'OK', [(b'Connection', b'close'), (b'Transfer-Encoding', b'chunked'), (b'Content-Encoding', b'br'), (b'Content-Type', b'application/json'), (b'Date', b'Wed, 14 Jan 2026 14:48:50 GMT'), (b'Vary', b'accept-encoding, Origin, Access-Control-Request-Method, Access-Control-Request-Headers')])
receive_response_body.started request=<Request [b'POST']>
receive_response_body.complete
response_closed.started
response_closed.complete
response_closed.complete
[2m2026-01-14T14:48:50.020768Z[0m [[32m[1minfo     [0m] [1mrequest_completed             [0m [[0m[1m[34mapp.core.logger_utils[0m][0m [36mclient[0m=[35m127.0.0.1[0m [36mduration_ms[0m=[35m367.48[0m [36menvironment[0m=[35mdevelopment[0m [36mfilename[0m=[35mmain.py[0m [36mfunc_name[0m=[35mlog_requests[0m [36mlineno[0m=[35m132[0m [36mmethod[0m=[35mGET[0m [36mmodule[0m=[35mmain[0m [36mpath[0m=[35m/api/v1/knowledge/collections[0m [36mpathname[0m=[35m/Users/apple/PycharmProjects/Bank-copilot/app/main.py[0m [36mrequest_id[0m=[35m27ee1633-9da5-4fb3-b6d8-449b95293571[0m [36mstatus_code[0m=[35m200[0m
INFO:     127.0.0.1:51761 - "GET /api/v1/knowledge/collections HTTP/1.1" 200 OK
[2m2026-01-14T14:48:50.020973Z[0m [[32m[1minfo     [0m] [1mrequest_completed             [0m [[0m[1m[34mapp.core.logger_utils[0m][0m [36mclient[0m=[35m127.0.0.1[0m [36mduration_ms[0m=[35m380.51[0m [36menvironment[0m=[35mdevelopment[0m [36mfilename[0m=[35mmain.py[0m [36mfunc_name[0m=[35mlog_requests[0m [36mlineno[0m=[35m132[0m [36mmethod[0m=[35mGET[0m [36mmodule[0m=[35mmain[0m [36mpath[0m=[35m/api/v1/knowledge/stats[0m [36mpathname[0m=[35m/Users/apple/PycharmProjects/Bank-copilot/app/main.py[0m [36mrequest_id[0m=[35m39fd4d48-4e9b-4cf2-a88b-d163ee50f3e7[0m [36mstatus_code[0m=[35m200[0m
INFO:     127.0.0.1:51789 - "GET /api/v1/knowledge/stats HTTP/1.1" 200 OK
INFO:     Shutting down
INFO:     Waiting for application shutdown.
[2m2026-01-14T14:49:12.140714Z[0m [[32m[1minfo     [0m] [1mapplication_shutdown          [0m [[0m[1m[34mapp.core.logger_utils[0m][0m [36menvironment[0m=[35mdevelopment[0m [36mfilename[0m=[35mmain.py[0m [36mfunc_name[0m=[35mlifespan[0m [36mlineno[0m=[35m54[0m [36mmodule[0m=[35mmain[0m [36mpathname[0m=[35m/Users/apple/PycharmProjects/Bank-copilot/app/main.py[0m
INFO:     Application shutdown complete.
INFO:     Finished server process [2586]
Loading environment: Environment.DEVELOPMENT
Loaded environment from /Users/apple/PycharmProjects/Bank-copilot/.env
[2m2026-01-14T14:49:15.393713Z[0m [[32m[1minfo     [0m] [1mlogging_initialized           [0m [[0m[1m[34mapp.core.logger_utils[0m][0m [36menvironment[0m=[35mdevelopment[0m [36mfilename[0m=[35mlogger_utils.py[0m [36mfunc_name[0m=[35m<module>[0m [36mlineno[0m=[35m226[0m [36mlog_format[0m=[35mconsole[0m [36mlog_level[0m=[35mDEBUG[0m [36mmodule[0m=[35mlogger_utils[0m [36mpathname[0m=[35m/Users/apple/PycharmProjects/Bank-copilot/app/core/logger_utils.py[0m
[2m2026-01-14T14:49:15.696365Z[0m [[33m[1mwarning  [0m] [1mMongoDB usage is disabled via settings.DISABLE_MONGO=true. Using no-op client.[0m [[0m[1m[34mapp.core.logger_utils[0m][0m [36mcls[0m=[35m/Users/apple/PycharmProjects/Bank-copilot/app/core/db/mongo.py[0m [36menvironment[0m=[35mdevelopment[0m [36mfilename[0m=[35mmongo.py[0m [36mfunc_name[0m=[35m__new__[0m [36mlineno[0m=[35m60[0m [36mmodule[0m=[35mmongo[0m [36mpathname[0m=[35m/Users/apple/PycharmProjects/Bank-copilot/app/core/db/mongo.py[0m
None of PyTorch, TensorFlow >= 2.0, or Flax have been found. Models won't be available and only tokenizers, configuration and file/data utilities can be used.
[2m2026-01-14T14:49:17.335914Z[0m [[32m[1minfo     [0m] [1mllm_initialized               [0m [[0m[1m[34mapp.core.logger_utils[0m][0m [36menvironment[0m=[35mdevelopment[0m [36mfilename[0m=[35mchief_agent.py[0m [36mfunc_name[0m=[35m__init__[0m [36mlineno[0m=[35m78[0m [36mmodel[0m=[35mdeepseek-ai/DeepSeek-V3.2[0m [36mmodule[0m=[35mchief_agent[0m [36mpathname[0m=[35m/Users/apple/PycharmProjects/Bank-copilot/app/core/agent/graph/chief_agent.py[0m
Authentication error: Langfuse client initialized without public_key. Client will be disabled. Provide a public_key parameter or set LANGFUSE_PUBLIC_KEY environment variable. 
INFO:     Started server process [3052]
INFO:     Waiting for application startup.
[2m2026-01-14T14:49:17.496303Z[0m [[32m[1minfo     [0m] [1mapplication_startup           [0m [[0m[1m[34mapp.core.logger_utils[0m][0m [36mapi_prefix[0m=[35m/api/v1[0m [36menvironment[0m=[35mdevelopment[0m [36mfilename[0m=[35mmain.py[0m [36mfunc_name[0m=[35mlifespan[0m [36mlineno[0m=[35m42[0m [36mmodule[0m=[35mmain[0m [36mpathname[0m=[35m/Users/apple/PycharmProjects/Bank-copilot/app/main.py[0m [36mproject_name[0m=[35m'FastAPI LangGraph Template'[0m [36mversion[0m=[35m1.0.0[0m
[2m2026-01-14T14:49:17.547228Z[0m [[32m[1minfo     [0m] [1mdatabase_initialized          [0m [[0m[1m[34mapp.core.logger_utils[0m][0m [36menvironment[0m=[35mdevelopment[0m [36mfilename[0m=[35mdb_services.py[0m [36mfunc_name[0m=[35minit[0m [36mlineno[0m=[35m50[0m [36mmodule[0m=[35mdb_services[0m [36mpathname[0m=[35m/Users/apple/PycharmProjects/Bank-copilot/app/core/db/db_services.py[0m
INFO:     Application startup complete.
INFO:     Uvicorn running on http://0.0.0.0:8000 (Press CTRL+C to quit)
[2m2026-01-14T14:51:49.315865Z[0m [[32m[1minfo     [0m] [1mrequest_completed             [0m [[0m[1m[34mapp.core.logger_utils[0m][0m [36mclient[0m=[35m127.0.0.1[0m [36mduration_ms[0m=[35m8.83[0m [36menvironment[0m=[35mdevelopment[0m [36mfilename[0m=[35mmain.py[0m [36mfunc_name[0m=[35mlog_requests[0m [36mlineno[0m=[35m132[0m [36mmethod[0m=[35mGET[0m [36mmodule[0m=[35mmain[0m [36mpath[0m=[35m/api/v1/health[0m [36mpathname[0m=[35m/Users/apple/PycharmProjects/Bank-copilot/app/main.py[0m [36mrequest_id[0m=[35mc0eb64b8-0f74-4803-ac8b-9bf11c59bc50[0m [36mstatus_code[0m=[35m404[0m
INFO:     127.0.0.1:52642 - "GET /api/v1/health HTTP/1.1" 404 Not Found
[2m2026-01-14T14:51:58.677416Z[0m [[32m[1minfo     [0m] [1mrequest_completed             [0m [[0m[1m[34mapp.core.logger_utils[0m][0m [36mclient[0m=[35m127.0.0.1[0m [36mduration_ms[0m=[35m2.5[0m [36menvironment[0m=[35mdevelopment[0m [36mfilename[0m=[35mmain.py[0m [36mfunc_name[0m=[35mlog_requests[0m [36mlineno[0m=[35m132[0m [36mmethod[0m=[35mGET[0m [36mmodule[0m=[35mmain[0m [36mpath[0m=[35m/docs[0m [36mpathname[0m=[35m/Users/apple/PycharmProjects/Bank-copilot/app/main.py[0m [36mrequest_id[0m=[35m744f4909-3432-4077-ac1f-f59dcdde7302[0m [36mstatus_code[0m=[35m200[0m
INFO:     127.0.0.1:52705 - "GET /docs HTTP/1.1" 200 OK
connect_tcp.started host='127.0.0.1' port=7890 local_address=None timeout=30.0 socket_options=None
connect_tcp.complete return_value=<httpcore._backends.anyio.AnyIOStream object at 0x110242720>
send_request_headers.started request=<Request [b'GET']>
send_request_headers.complete
send_request_body.started request=<Request [b'GET']>
send_request_body.complete
receive_response_headers.started request=<Request [b'GET']>
receive_response_headers.complete return_value=(b'HTTP/1.1', 200, b'OK', [(b'Connection', b'close'), (b'Transfer-Encoding', b'chunked'), (b'Content-Encoding', b'br'), (b'Content-Type', b'application/json'), (b'Date', b'Wed, 14 Jan 2026 14:52:06 GMT'), (b'Vary', b'accept-encoding, Origin, Access-Control-Request-Method, Access-Control-Request-Headers')])
receive_response_body.started request=<Request [b'GET']>
receive_response_body.complete
response_closed.started
response_closed.complete
connect_tcp.started host='127.0.0.1' port=7890 local_address=None timeout=30.0 socket_options=None
connect_tcp.started host='127.0.0.1' port=7890 local_address=None timeout=30.0 socket_options=None
connect_tcp.started host='127.0.0.1' port=7890 local_address=None timeout=30.0 socket_options=None
connect_tcp.started host='127.0.0.1' port=7890 local_address=None timeout=30.0 socket_options=None
connect_tcp.started host='127.0.0.1' port=7890 local_address=None timeout=30.0 socket_options=None
connect_tcp.started host='127.0.0.1' port=7890 local_address=None timeout=30.0 socket_options=None
connect_tcp.complete return_value=<httpcore._backends.anyio.AnyIOStream object at 0x11029fcb0>
connect_tcp.complete return_value=<httpcore._backends.anyio.AnyIOStream object at 0x11029f110>
connect_tcp.complete return_value=<httpcore._backends.anyio.AnyIOStream object at 0x11029fd10>
send_request_headers.started request=<Request [b'GET']>
send_request_headers.started request=<Request [b'GET']>
send_request_headers.started request=<Request [b'GET']>
send_request_headers.complete
send_request_body.started request=<Request [b'GET']>
send_request_body.complete
receive_response_headers.started request=<Request [b'GET']>
send_request_headers.complete
send_request_body.started request=<Request [b'GET']>
send_request_body.complete
receive_response_headers.started request=<Request [b'GET']>
send_request_headers.complete
send_request_body.started request=<Request [b'GET']>
send_request_body.complete
receive_response_headers.started request=<Request [b'GET']>
connect_tcp.complete return_value=<httpcore._backends.anyio.AnyIOStream object at 0x1102c45c0>
connect_tcp.complete return_value=<httpcore._backends.anyio.AnyIOStream object at 0x11029e7e0>
send_request_headers.started request=<Request [b'GET']>
send_request_headers.started request=<Request [b'GET']>
connect_tcp.complete return_value=<httpcore._backends.anyio.AnyIOStream object at 0x1102c4e00>
send_request_headers.complete
send_request_body.started request=<Request [b'GET']>
send_request_body.complete
receive_response_headers.started request=<Request [b'GET']>
send_request_headers.complete
send_request_body.started request=<Request [b'GET']>
send_request_body.complete
receive_response_headers.started request=<Request [b'GET']>
send_request_headers.started request=<Request [b'GET']>
send_request_headers.complete
send_request_body.started request=<Request [b'GET']>
send_request_body.complete
receive_response_headers.started request=<Request [b'GET']>
receive_response_headers.complete return_value=(b'HTTP/1.1', 200, b'OK', [(b'Connection', b'close'), (b'Transfer-Encoding', b'chunked'), (b'Content-Encoding', b'br'), (b'Content-Type', b'application/json'), (b'Date', b'Wed, 14 Jan 2026 14:52:06 GMT'), (b'Vary', b'accept-encoding, Origin, Access-Control-Request-Method, Access-Control-Request-Headers')])
receive_response_body.started request=<Request [b'GET']>
receive_response_headers.complete return_value=(b'HTTP/1.1', 200, b'OK', [(b'Connection', b'close'), (b'Transfer-Encoding', b'chunked'), (b'Content-Encoding', b'br'), (b'Content-Type', b'application/json'), (b'Date', b'Wed, 14 Jan 2026 14:52:06 GMT'), (b'Vary', b'accept-encoding, Origin, Access-Control-Request-Method, Access-Control-Request-Headers')])
receive_response_body.started request=<Request [b'GET']>
receive_response_body.complete
response_closed.started
receive_response_headers.complete return_value=(b'HTTP/1.1', 200, b'OK', [(b'Connection', b'close'), (b'Transfer-Encoding', b'chunked'), (b'Content-Encoding', b'br'), (b'Content-Type', b'application/json'), (b'Date', b'Wed, 14 Jan 2026 14:52:06 GMT'), (b'Vary', b'accept-encoding, Origin, Access-Control-Request-Method, Access-Control-Request-Headers')])
receive_response_body.started request=<Request [b'GET']>
receive_response_body.complete
response_closed.started
receive_response_headers.complete return_value=(b'HTTP/1.1', 200, b'OK', [(b'Connection', b'close'), (b'Transfer-Encoding', b'chunked'), (b'Content-Encoding', b'br'), (b'Content-Type', b'application/json'), (b'Date', b'Wed, 14 Jan 2026 14:52:06 GMT'), (b'Vary', b'accept-encoding, Origin, Access-Control-Request-Method, Access-Control-Request-Headers')])
receive_response_body.started request=<Request [b'GET']>
receive_response_body.complete
response_closed.started
receive_response_headers.complete return_value=(b'HTTP/1.1', 200, b'OK', [(b'Connection', b'close'), (b'Transfer-Encoding', b'chunked'), (b'Content-Encoding', b'br'), (b'Content-Type', b'application/json'), (b'Date', b'Wed, 14 Jan 2026 14:52:06 GMT'), (b'Vary', b'accept-encoding, Origin, Access-Control-Request-Method, Access-Control-Request-Headers')])
receive_response_body.started request=<Request [b'GET']>
receive_response_body.complete
response_closed.started
receive_response_headers.complete return_value=(b'HTTP/1.1', 200, b'OK', [(b'Connection', b'close'), (b'Transfer-Encoding', b'chunked'), (b'Content-Encoding', b'br'), (b'Content-Type', b'application/json'), (b'Date', b'Wed, 14 Jan 2026 14:52:06 GMT'), (b'Vary', b'accept-encoding, Origin, Access-Control-Request-Method, Access-Control-Request-Headers')])
receive_response_body.started request=<Request [b'GET']>
receive_response_body.complete
response_closed.started
receive_response_body.complete
response_closed.started
response_closed.complete
response_closed.complete
connect_tcp.started host='127.0.0.1' port=7890 local_address=None timeout=30.0 socket_options=None
connect_tcp.started host='127.0.0.1' port=7890 local_address=None timeout=30.0 socket_options=None
response_closed.complete
response_closed.complete
response_closed.complete
response_closed.complete
connect_tcp.started host='127.0.0.1' port=7890 local_address=None timeout=30.0 socket_options=None
connect_tcp.started host='127.0.0.1' port=7890 local_address=None timeout=30.0 socket_options=None
connect_tcp.started host='127.0.0.1' port=7890 local_address=None timeout=30.0 socket_options=None
connect_tcp.started host='127.0.0.1' port=7890 local_address=None timeout=30.0 socket_options=None
connect_tcp.complete return_value=<httpcore._backends.anyio.AnyIOStream object at 0x1102e0740>
connect_tcp.complete return_value=<httpcore._backends.anyio.AnyIOStream object at 0x1102e05c0>
send_request_headers.started request=<Request [b'POST']>
send_request_headers.started request=<Request [b'POST']>
send_request_headers.complete
send_request_body.started request=<Request [b'POST']>
send_request_headers.complete
send_request_body.started request=<Request [b'POST']>
connect_tcp.complete return_value=<httpcore._backends.anyio.AnyIOStream object at 0x11029e900>
send_request_body.complete
receive_response_headers.started request=<Request [b'POST']>
send_request_body.complete
receive_response_headers.started request=<Request [b'POST']>
send_request_headers.started request=<Request [b'POST']>
send_request_headers.complete
send_request_body.started request=<Request [b'POST']>
connect_tcp.complete return_value=<httpcore._backends.anyio.AnyIOStream object at 0x11029f6e0>
connect_tcp.complete return_value=<httpcore._backends.anyio.AnyIOStream object at 0x1101f3680>
connect_tcp.complete return_value=<httpcore._backends.anyio.AnyIOStream object at 0x11029f4a0>
send_request_body.complete
receive_response_headers.started request=<Request [b'POST']>
send_request_headers.started request=<Request [b'POST']>
send_request_headers.started request=<Request [b'POST']>
send_request_headers.started request=<Request [b'POST']>
send_request_headers.complete
send_request_body.started request=<Request [b'POST']>
send_request_headers.complete
send_request_body.started request=<Request [b'POST']>
send_request_headers.complete
send_request_body.started request=<Request [b'POST']>
send_request_body.complete
receive_response_headers.started request=<Request [b'POST']>
send_request_body.complete
receive_response_headers.started request=<Request [b'POST']>
send_request_body.complete
receive_response_headers.started request=<Request [b'POST']>
receive_response_headers.complete return_value=(b'HTTP/1.1', 200, b'OK', [(b'Connection', b'close'), (b'Transfer-Encoding', b'chunked'), (b'Content-Encoding', b'br'), (b'Content-Type', b'application/json'), (b'Date', b'Wed, 14 Jan 2026 14:52:06 GMT'), (b'Vary', b'accept-encoding, Origin, Access-Control-Request-Method, Access-Control-Request-Headers')])
receive_response_body.started request=<Request [b'POST']>
receive_response_headers.complete return_value=(b'HTTP/1.1', 200, b'OK', [(b'Connection', b'close'), (b'Transfer-Encoding', b'chunked'), (b'Content-Encoding', b'br'), (b'Content-Type', b'application/json'), (b'Date', b'Wed, 14 Jan 2026 14:52:06 GMT'), (b'Vary', b'accept-encoding, Origin, Access-Control-Request-Method, Access-Control-Request-Headers')])
receive_response_body.started request=<Request [b'POST']>
receive_response_headers.complete return_value=(b'HTTP/1.1', 200, b'OK', [(b'Connection', b'close'), (b'Transfer-Encoding', b'chunked'), (b'Content-Encoding', b'br'), (b'Content-Type', b'application/json'), (b'Date', b'Wed, 14 Jan 2026 14:52:06 GMT'), (b'Vary', b'accept-encoding, Origin, Access-Control-Request-Method, Access-Control-Request-Headers')])
receive_response_body.started request=<Request [b'POST']>
receive_response_body.complete
response_closed.started
receive_response_headers.complete return_value=(b'HTTP/1.1', 200, b'OK', [(b'Connection', b'close'), (b'Transfer-Encoding', b'chunked'), (b'Content-Encoding', b'br'), (b'Content-Type', b'application/json'), (b'Date', b'Wed, 14 Jan 2026 14:52:06 GMT'), (b'Vary', b'accept-encoding, Origin, Access-Control-Request-Method, Access-Control-Request-Headers')])
receive_response_body.started request=<Request [b'POST']>
receive_response_body.complete
response_closed.started
receive_response_body.complete
response_closed.started
receive_response_headers.complete return_value=(b'HTTP/1.1', 200, b'OK', [(b'Connection', b'close'), (b'Transfer-Encoding', b'chunked'), (b'Content-Encoding', b'br'), (b'Content-Type', b'application/json'), (b'Date', b'Wed, 14 Jan 2026 14:52:06 GMT'), (b'Vary', b'accept-encoding, Origin, Access-Control-Request-Method, Access-Control-Request-Headers')])
receive_response_body.started request=<Request [b'POST']>
receive_response_body.complete
response_closed.started
receive_response_headers.complete return_value=(b'HTTP/1.1', 200, b'OK', [(b'Connection', b'close'), (b'Transfer-Encoding', b'chunked'), (b'Content-Encoding', b'br'), (b'Content-Type', b'application/json'), (b'Date', b'Wed, 14 Jan 2026 14:52:06 GMT'), (b'Vary', b'accept-encoding, Origin, Access-Control-Request-Method, Access-Control-Request-Headers')])
receive_response_body.started request=<Request [b'POST']>
receive_response_body.complete
response_closed.started
receive_response_body.complete
response_closed.started
response_closed.complete
response_closed.complete
response_closed.complete
response_closed.complete
response_closed.complete
response_closed.complete
[2m2026-01-14T14:52:06.633333Z[0m [[32m[1minfo     [0m] [1mrequest_completed             [0m [[0m[1m[34mapp.core.logger_utils[0m][0m [36mclient[0m=[35m127.0.0.1[0m [36mduration_ms[0m=[35m243.88[0m [36menvironment[0m=[35mdevelopment[0m [36mfilename[0m=[35mmain.py[0m [36mfunc_name[0m=[35mlog_requests[0m [36mlineno[0m=[35m132[0m [36mmethod[0m=[35mGET[0m [36mmodule[0m=[35mmain[0m [36mpath[0m=[35m/api/v1/knowledge/stats[0m [36mpathname[0m=[35m/Users/apple/PycharmProjects/Bank-copilot/app/main.py[0m [36mrequest_id[0m=[35mb95aff67-1b5b-48d6-bcb9-3f3bf020e126[0m [36mstatus_code[0m=[35m200[0m
INFO:     127.0.0.1:52728 - "GET /api/v1/knowledge/stats HTTP/1.1" 200 OK
[2m2026-01-14T14:52:52.392327Z[0m [[32m[1minfo     [0m] [1mrequest_completed             [0m [[0m[1m[34mapp.core.logger_utils[0m][0m [36mclient[0m=[35m127.0.0.1[0m [36mduration_ms[0m=[35m1.76[0m [36menvironment[0m=[35mdevelopment[0m [36mfilename[0m=[35mmain.py[0m [36mfunc_name[0m=[35mlog_requests[0m [36mlineno[0m=[35m132[0m [36mmethod[0m=[35mOPTIONS[0m [36mmodule[0m=[35mmain[0m [36mpath[0m=[35m/api/v1/knowledge/collections/demo/chunks[0m [36mpathname[0m=[35m/Users/apple/PycharmProjects/Bank-copilot/app/main.py[0m [36mrequest_id[0m=[35m54c15d3f-698b-4fb6-9de1-029c9ab34182[0m [36mstatus_code[0m=[35m200[0m
INFO:     127.0.0.1:52858 - "OPTIONS /api/v1/knowledge/collections/demo/chunks?limit=20 HTTP/1.1" 200 OK
[2m2026-01-14T14:52:52.399789Z[0m [[32m[1minfo     [0m] [1mrequest_completed             [0m [[0m[1m[34mapp.core.logger_utils[0m][0m [36mclient[0m=[35m127.0.0.1[0m [36mduration_ms[0m=[35m10.18[0m [36menvironment[0m=[35mdevelopment[0m [36mfilename[0m=[35mmain.py[0m [36mfunc_name[0m=[35mlog_requests[0m [36mlineno[0m=[35m132[0m [36mmethod[0m=[35mOPTIONS[0m [36mmodule[0m=[35mmain[0m [36mpath[0m=[35m/api/v1/knowledge/collections/demo/chunks[0m [36mpathname[0m=[35m/Users/apple/PycharmProjects/Bank-copilot/app/main.py[0m [36mrequest_id[0m=[35m0c4ef302-4d2d-43d0-8c95-7aff20070be6[0m [36mstatus_code[0m=[35m200[0m
INFO:     127.0.0.1:52859 - "OPTIONS /api/v1/knowledge/collections/demo/chunks?limit=20 HTTP/1.1" 200 OK
connect_tcp.started host='127.0.0.1' port=7890 local_address=None timeout=30.0 socket_options=None
connect_tcp.complete return_value=<httpcore._backends.anyio.AnyIOStream object at 0x1102c5610>
send_request_headers.started request=<Request [b'POST']>
send_request_headers.complete
send_request_body.started request=<Request [b'POST']>
send_request_body.complete
receive_response_headers.started request=<Request [b'POST']>
receive_response_headers.complete return_value=(b'HTTP/1.1', 200, b'OK', [(b'Connection', b'close'), (b'Transfer-Encoding', b'chunked'), (b'Content-Encoding', b'br'), (b'Content-Type', b'application/json'), (b'Date', b'Wed, 14 Jan 2026 14:52:51 GMT'), (b'Vary', b'accept-encoding, Origin, Access-Control-Request-Method, Access-Control-Request-Headers')])
receive_response_body.started request=<Request [b'POST']>
receive_response_body.complete
response_closed.started
response_closed.complete
[2m2026-01-14T14:52:52.477851Z[0m [[32m[1minfo     [0m] [1mrequest_completed             [0m [[0m[1m[34mapp.core.logger_utils[0m][0m [36mclient[0m=[35m127.0.0.1[0m [36mduration_ms[0m=[35m74.49[0m [36menvironment[0m=[35mdevelopment[0m [36mfilename[0m=[35mmain.py[0m [36mfunc_name[0m=[35mlog_requests[0m [36mlineno[0m=[35m132[0m [36mmethod[0m=[35mGET[0m [36mmodule[0m=[35mmain[0m [36mpath[0m=[35m/api/v1/knowledge/collections/demo/chunks[0m [36mpathname[0m=[35m/Users/apple/PycharmProjects/Bank-copilot/app/main.py[0m [36mrequest_id[0m=[35m933d8766-c8c4-4cbd-8b2e-e5ccff9bf479[0m [36mstatus_code[0m=[35m200[0m
INFO:     127.0.0.1:52861 - "GET /api/v1/knowledge/collections/demo/chunks?limit=20 HTTP/1.1" 200 OK
connect_tcp.started host='127.0.0.1' port=7890 local_address=None timeout=30.0 socket_options=None
connect_tcp.complete return_value=<httpcore._backends.anyio.AnyIOStream object at 0x1102bb1d0>
send_request_headers.started request=<Request [b'POST']>
send_request_headers.complete
send_request_body.started request=<Request [b'POST']>
send_request_body.complete
receive_response_headers.started request=<Request [b'POST']>
receive_response_headers.complete return_value=(b'HTTP/1.1', 200, b'OK', [(b'Connection', b'close'), (b'Transfer-Encoding', b'chunked'), (b'Content-Encoding', b'br'), (b'Content-Type', b'application/json'), (b'Date', b'Wed, 14 Jan 2026 14:52:52 GMT'), (b'Vary', b'accept-encoding, Origin, Access-Control-Request-Method, Access-Control-Request-Headers')])
receive_response_body.started request=<Request [b'POST']>
receive_response_body.complete
response_closed.started
response_closed.complete
[2m2026-01-14T14:52:52.591947Z[0m [[32m[1minfo     [0m] [1mrequest_completed             [0m [[0m[1m[34mapp.core.logger_utils[0m][0m [36mclient[0m=[35m127.0.0.1[0m [36mduration_ms[0m=[35m110.59[0m [36menvironment[0m=[35mdevelopment[0m [36mfilename[0m=[35mmain.py[0m [36mfunc_name[0m=[35mlog_requests[0m [36mlineno[0m=[35m132[0m [36mmethod[0m=[35mGET[0m [36mmodule[0m=[35mmain[0m [36mpath[0m=[35m/api/v1/knowledge/collections/demo/chunks[0m [36mpathname[0m=[35m/Users/apple/PycharmProjects/Bank-copilot/app/main.py[0m [36mrequest_id[0m=[35mc3ba17fb-0f9e-42ee-96be-85cfaf8bbed9[0m [36mstatus_code[0m=[35m200[0m
INFO:     127.0.0.1:52861 - "GET /api/v1/knowledge/collections/demo/chunks?limit=20 HTTP/1.1" 200 OK
[2m2026-01-14T14:52:54.181976Z[0m [[32m[1minfo     [0m] [1mrequest_completed             [0m [[0m[1m[34mapp.core.logger_utils[0m][0m [36mclient[0m=[35m127.0.0.1[0m [36mduration_ms[0m=[35m1.07[0m [36menvironment[0m=[35mdevelopment[0m [36mfilename[0m=[35mmain.py[0m [36mfunc_name[0m=[35mlog_requests[0m [36mlineno[0m=[35m132[0m [36mmethod[0m=[35mOPTIONS[0m [36mmodule[0m=[35mmain[0m [36mpath[0m=[35m/api/v1/knowledge/collections[0m [36mpathname[0m=[35m/Users/apple/PycharmProjects/Bank-copilot/app/main.py[0m [36mrequest_id[0m=[35m8e7f714a-001f-4443-9a81-a2e9f5278158[0m [36mstatus_code[0m=[35m200[0m
INFO:     127.0.0.1:52861 - "OPTIONS /api/v1/knowledge/collections HTTP/1.1" 200 OK
[2m2026-01-14T14:52:54.183824Z[0m [[32m[1minfo     [0m] [1mrequest_completed             [0m [[0m[1m[34mapp.core.logger_utils[0m][0m [36mclient[0m=[35m127.0.0.1[0m [36mduration_ms[0m=[35m2.19[0m [36menvironment[0m=[35mdevelopment[0m [36mfilename[0m=[35mmain.py[0m [36mfunc_name[0m=[35mlog_requests[0m [36mlineno[0m=[35m132[0m [36mmethod[0m=[35mOPTIONS[0m [36mmodule[0m=[35mmain[0m [36mpath[0m=[35m/api/v1/knowledge/stats[0m [36mpathname[0m=[35m/Users/apple/PycharmProjects/Bank-copilot/app/main.py[0m [36mrequest_id[0m=[35mbbb73cbf-cff7-43a1-a3d3-0f8c5d85b3b3[0m [36mstatus_code[0m=[35m200[0m
INFO:     127.0.0.1:52865 - "OPTIONS /api/v1/knowledge/stats HTTP/1.1" 200 OK
connect_tcp.started host='127.0.0.1' port=7890 local_address=None timeout=30.0 socket_options=None
connect_tcp.started host='127.0.0.1' port=7890 local_address=None timeout=30.0 socket_options=None
connect_tcp.complete return_value=<httpcore._backends.anyio.AnyIOStream object at 0x11029e240>
send_request_headers.started request=<Request [b'GET']>
send_request_headers.complete
send_request_body.started request=<Request [b'GET']>
send_request_body.complete
receive_response_headers.started request=<Request [b'GET']>
connect_tcp.complete return_value=<httpcore._backends.anyio.AnyIOStream object at 0x11029fce0>
send_request_headers.started request=<Request [b'GET']>
send_request_headers.complete
send_request_body.started request=<Request [b'GET']>
send_request_body.complete
receive_response_headers.started request=<Request [b'GET']>
receive_response_headers.complete return_value=(b'HTTP/1.1', 200, b'OK', [(b'Connection', b'close'), (b'Transfer-Encoding', b'chunked'), (b'Content-Encoding', b'br'), (b'Content-Type', b'application/json'), (b'Date', b'Wed, 14 Jan 2026 14:52:53 GMT'), (b'Vary', b'accept-encoding, Origin, Access-Control-Request-Method, Access-Control-Request-Headers')])
receive_response_body.started request=<Request [b'GET']>
receive_response_headers.complete return_value=(b'HTTP/1.1', 200, b'OK', [(b'Connection', b'close'), (b'Transfer-Encoding', b'chunked'), (b'Content-Encoding', b'br'), (b'Content-Type', b'application/json'), (b'Date', b'Wed, 14 Jan 2026 14:52:53 GMT'), (b'Vary', b'accept-encoding, Origin, Access-Control-Request-Method, Access-Control-Request-Headers')])
receive_response_body.started request=<Request [b'GET']>
receive_response_body.complete
response_closed.started
response_closed.complete
receive_response_body.complete
response_closed.started
connect_tcp.started host='127.0.0.1' port=7890 local_address=None timeout=30.0 socket_options=None
connect_tcp.started host='127.0.0.1' port=7890 local_address=None timeout=30.0 socket_options=None
connect_tcp.started host='127.0.0.1' port=7890 local_address=None timeout=30.0 socket_options=None
connect_tcp.started host='127.0.0.1' port=7890 local_address=None timeout=30.0 socket_options=None
connect_tcp.started host='127.0.0.1' port=7890 local_address=None timeout=30.0 socket_options=None
connect_tcp.started host='127.0.0.1' port=7890 local_address=None timeout=30.0 socket_options=None
response_closed.complete
connect_tcp.started host='127.0.0.1' port=7890 local_address=None timeout=30.0 socket_options=None
connect_tcp.started host='127.0.0.1' port=7890 local_address=None timeout=30.0 socket_options=None
connect_tcp.started host='127.0.0.1' port=7890 local_address=None timeout=30.0 socket_options=None
connect_tcp.started host='127.0.0.1' port=7890 local_address=None timeout=30.0 socket_options=None
connect_tcp.started host='127.0.0.1' port=7890 local_address=None timeout=30.0 socket_options=None
connect_tcp.started host='127.0.0.1' port=7890 local_address=None timeout=30.0 socket_options=None
connect_tcp.complete return_value=<httpcore._backends.anyio.AnyIOStream object at 0x1102c60c0>
connect_tcp.complete return_value=<httpcore._backends.anyio.AnyIOStream object at 0x1102c78c0>
connect_tcp.complete return_value=<httpcore._backends.anyio.AnyIOStream object at 0x1102e14c0>
connect_tcp.complete return_value=<httpcore._backends.anyio.AnyIOStream object at 0x1102e2ab0>
connect_tcp.complete return_value=<httpcore._backends.anyio.AnyIOStream object at 0x11029ef60>
connect_tcp.complete return_value=<httpcore._backends.anyio.AnyIOStream object at 0x1102c42c0>
send_request_headers.started request=<Request [b'GET']>
send_request_headers.started request=<Request [b'GET']>
send_request_headers.started request=<Request [b'GET']>
send_request_headers.started request=<Request [b'GET']>
send_request_headers.started request=<Request [b'GET']>
send_request_headers.started request=<Request [b'GET']>
send_request_headers.complete
send_request_body.started request=<Request [b'GET']>
send_request_body.complete
receive_response_headers.started request=<Request [b'GET']>
send_request_headers.complete
send_request_body.started request=<Request [b'GET']>
send_request_body.complete
receive_response_headers.started request=<Request [b'GET']>
send_request_headers.complete
send_request_body.started request=<Request [b'GET']>
send_request_body.complete
receive_response_headers.started request=<Request [b'GET']>
send_request_headers.complete
send_request_body.started request=<Request [b'GET']>
send_request_body.complete
receive_response_headers.started request=<Request [b'GET']>
send_request_headers.complete
send_request_body.started request=<Request [b'GET']>
send_request_body.complete
receive_response_headers.started request=<Request [b'GET']>
send_request_headers.complete
send_request_body.started request=<Request [b'GET']>
send_request_body.complete
receive_response_headers.started request=<Request [b'GET']>
connect_tcp.complete return_value=<httpcore._backends.anyio.AnyIOStream object at 0x1102fe240>
connect_tcp.complete return_value=<httpcore._backends.anyio.AnyIOStream object at 0x1102dcbf0>
connect_tcp.complete return_value=<httpcore._backends.anyio.AnyIOStream object at 0x1102ddd00>
connect_tcp.complete return_value=<httpcore._backends.anyio.AnyIOStream object at 0x1102dee70>
connect_tcp.complete return_value=<httpcore._backends.anyio.AnyIOStream object at 0x1102dfec0>
connect_tcp.complete return_value=<httpcore._backends.anyio.AnyIOStream object at 0x1102dfb60>
send_request_headers.started request=<Request [b'GET']>
send_request_headers.started request=<Request [b'GET']>
send_request_headers.started request=<Request [b'GET']>
send_request_headers.started request=<Request [b'GET']>
send_request_headers.started request=<Request [b'GET']>
send_request_headers.started request=<Request [b'GET']>
send_request_headers.complete
send_request_body.started request=<Request [b'GET']>
send_request_body.complete
receive_response_headers.started request=<Request [b'GET']>
send_request_headers.complete
send_request_body.started request=<Request [b'GET']>
send_request_body.complete
receive_response_headers.started request=<Request [b'GET']>
send_request_headers.complete
send_request_body.started request=<Request [b'GET']>
send_request_body.complete
receive_response_headers.started request=<Request [b'GET']>
send_request_headers.complete
send_request_body.started request=<Request [b'GET']>
send_request_body.complete
receive_response_headers.started request=<Request [b'GET']>
send_request_headers.complete
send_request_body.started request=<Request [b'GET']>
send_request_body.complete
receive_response_headers.started request=<Request [b'GET']>
send_request_headers.complete
send_request_body.started request=<Request [b'GET']>
send_request_body.complete
receive_response_headers.started request=<Request [b'GET']>
receive_response_headers.complete return_value=(b'HTTP/1.1', 200, b'OK', [(b'Connection', b'close'), (b'Transfer-Encoding', b'chunked'), (b'Content-Encoding', b'br'), (b'Content-Type', b'application/json'), (b'Date', b'Wed, 14 Jan 2026 14:52:54 GMT'), (b'Vary', b'accept-encoding, Origin, Access-Control-Request-Method, Access-Control-Request-Headers')])
receive_response_body.started request=<Request [b'GET']>
receive_response_headers.complete return_value=(b'HTTP/1.1', 200, b'OK', [(b'Connection', b'close'), (b'Transfer-Encoding', b'chunked'), (b'Content-Encoding', b'br'), (b'Content-Type', b'application/json'), (b'Date', b'Wed, 14 Jan 2026 14:52:53 GMT'), (b'Vary', b'accept-encoding, Origin, Access-Control-Request-Method, Access-Control-Request-Headers')])
receive_response_body.started request=<Request [b'GET']>
receive_response_headers.complete return_value=(b'HTTP/1.1', 200, b'OK', [(b'Connection', b'close'), (b'Transfer-Encoding', b'chunked'), (b'Content-Encoding', b'br'), (b'Content-Type', b'application/json'), (b'Date', b'Wed, 14 Jan 2026 14:52:53 GMT'), (b'Vary', b'accept-encoding, Origin, Access-Control-Request-Method, Access-Control-Request-Headers')])
receive_response_body.started request=<Request [b'GET']>
receive_response_headers.complete return_value=(b'HTTP/1.1', 200, b'OK', [(b'Connection', b'close'), (b'Transfer-Encoding', b'chunked'), (b'Content-Encoding', b'br'), (b'Content-Type', b'application/json'), (b'Date', b'Wed, 14 Jan 2026 14:52:53 GMT'), (b'Vary', b'accept-encoding, Origin, Access-Control-Request-Method, Access-Control-Request-Headers')])
receive_response_body.started request=<Request [b'GET']>
receive_response_body.complete
response_closed.started
receive_response_body.complete
response_closed.started
receive_response_body.complete
response_closed.started
receive_response_body.complete
response_closed.started
response_closed.complete
connect_tcp.started host='127.0.0.1' port=7890 local_address=None timeout=30.0 socket_options=None
response_closed.complete
response_closed.complete
response_closed.complete
connect_tcp.started host='127.0.0.1' port=7890 local_address=None timeout=30.0 socket_options=None
connect_tcp.started host='127.0.0.1' port=7890 local_address=None timeout=30.0 socket_options=None
connect_tcp.started host='127.0.0.1' port=7890 local_address=None timeout=30.0 socket_options=None
receive_response_headers.complete return_value=(b'HTTP/1.1', 200, b'OK', [(b'Connection', b'close'), (b'Transfer-Encoding', b'chunked'), (b'Content-Encoding', b'br'), (b'Content-Type', b'application/json'), (b'Date', b'Wed, 14 Jan 2026 14:52:54 GMT'), (b'Vary', b'accept-encoding, Origin, Access-Control-Request-Method, Access-Control-Request-Headers')])
receive_response_body.started request=<Request [b'GET']>
receive_response_body.complete
response_closed.started
receive_response_headers.complete return_value=(b'HTTP/1.1', 200, b'OK', [(b'Connection', b'close'), (b'Transfer-Encoding', b'chunked'), (b'Content-Encoding', b'br'), (b'Content-Type', b'application/json'), (b'Date', b'Wed, 14 Jan 2026 14:52:53 GMT'), (b'Vary', b'accept-encoding, Origin, Access-Control-Request-Method, Access-Control-Request-Headers')])
receive_response_body.started request=<Request [b'GET']>
receive_response_body.complete
response_closed.started
receive_response_headers.complete return_value=(b'HTTP/1.1', 200, b'OK', [(b'Connection', b'close'), (b'Transfer-Encoding', b'chunked'), (b'Content-Encoding', b'br'), (b'Content-Type', b'application/json'), (b'Date', b'Wed, 14 Jan 2026 14:52:53 GMT'), (b'Vary', b'accept-encoding, Origin, Access-Control-Request-Method, Access-Control-Request-Headers')])
receive_response_body.started request=<Request [b'GET']>
receive_response_body.complete
response_closed.started
receive_response_headers.complete return_value=(b'HTTP/1.1', 200, b'OK', [(b'Connection', b'close'), (b'Transfer-Encoding', b'chunked'), (b'Content-Encoding', b'br'), (b'Content-Type', b'application/json'), (b'Date', b'Wed, 14 Jan 2026 14:52:53 GMT'), (b'Vary', b'accept-encoding, Origin, Access-Control-Request-Method, Access-Control-Request-Headers')])
receive_response_body.started request=<Request [b'GET']>
receive_response_body.complete
response_closed.started
receive_response_headers.complete return_value=(b'HTTP/1.1', 200, b'OK', [(b'Connection', b'close'), (b'Transfer-Encoding', b'chunked'), (b'Content-Encoding', b'br'), (b'Content-Type', b'application/json'), (b'Date', b'Wed, 14 Jan 2026 14:52:53 GMT'), (b'Vary', b'accept-encoding, Origin, Access-Control-Request-Method, Access-Control-Request-Headers')])
receive_response_body.started request=<Request [b'GET']>
receive_response_body.complete
response_closed.started
receive_response_headers.complete return_value=(b'HTTP/1.1', 200, b'OK', [(b'Connection', b'close'), (b'Transfer-Encoding', b'chunked'), (b'Content-Encoding', b'br'), (b'Content-Type', b'application/json'), (b'Date', b'Wed, 14 Jan 2026 14:52:53 GMT'), (b'Vary', b'accept-encoding, Origin, Access-Control-Request-Method, Access-Control-Request-Headers')])
receive_response_body.started request=<Request [b'GET']>
receive_response_body.complete
response_closed.started
receive_response_headers.complete return_value=(b'HTTP/1.1', 200, b'OK', [(b'Connection', b'close'), (b'Transfer-Encoding', b'chunked'), (b'Content-Encoding', b'br'), (b'Content-Type', b'application/json'), (b'Date', b'Wed, 14 Jan 2026 14:52:53 GMT'), (b'Vary', b'accept-encoding, Origin, Access-Control-Request-Method, Access-Control-Request-Headers')])
receive_response_body.started request=<Request [b'GET']>
receive_response_body.complete
response_closed.started
receive_response_headers.complete return_value=(b'HTTP/1.1', 200, b'OK', [(b'Connection', b'close'), (b'Transfer-Encoding', b'chunked'), (b'Content-Encoding', b'br'), (b'Content-Type', b'application/json'), (b'Date', b'Wed, 14 Jan 2026 14:52:53 GMT'), (b'Vary', b'accept-encoding, Origin, Access-Control-Request-Method, Access-Control-Request-Headers')])
receive_response_body.started request=<Request [b'GET']>
receive_response_body.complete
response_closed.started
response_closed.complete
response_closed.complete
response_closed.complete
response_closed.complete
response_closed.complete
response_closed.complete
response_closed.complete
response_closed.complete
connect_tcp.started host='127.0.0.1' port=7890 local_address=None timeout=30.0 socket_options=None
connect_tcp.started host='127.0.0.1' port=7890 local_address=None timeout=30.0 socket_options=None
connect_tcp.started host='127.0.0.1' port=7890 local_address=None timeout=30.0 socket_options=None
connect_tcp.started host='127.0.0.1' port=7890 local_address=None timeout=30.0 socket_options=None
connect_tcp.started host='127.0.0.1' port=7890 local_address=None timeout=30.0 socket_options=None
connect_tcp.started host='127.0.0.1' port=7890 local_address=None timeout=30.0 socket_options=None
connect_tcp.started host='127.0.0.1' port=7890 local_address=None timeout=30.0 socket_options=None
connect_tcp.started host='127.0.0.1' port=7890 local_address=None timeout=30.0 socket_options=None
connect_tcp.complete return_value=<httpcore._backends.anyio.AnyIOStream object at 0x1102e0c20>
send_request_headers.started request=<Request [b'POST']>
connect_tcp.complete return_value=<httpcore._backends.anyio.AnyIOStream object at 0x11781c560>
connect_tcp.complete return_value=<httpcore._backends.anyio.AnyIOStream object at 0x11781c950>
connect_tcp.complete return_value=<httpcore._backends.anyio.AnyIOStream object at 0x11781c470>
send_request_headers.complete
send_request_body.started request=<Request [b'POST']>
send_request_headers.started request=<Request [b'POST']>
send_request_headers.started request=<Request [b'POST']>
send_request_headers.started request=<Request [b'POST']>
send_request_body.complete
receive_response_headers.started request=<Request [b'POST']>
send_request_headers.complete
send_request_body.started request=<Request [b'POST']>
send_request_headers.complete
send_request_body.started request=<Request [b'POST']>
send_request_headers.complete
send_request_body.started request=<Request [b'POST']>
send_request_body.complete
receive_response_headers.started request=<Request [b'POST']>
send_request_body.complete
receive_response_headers.started request=<Request [b'POST']>
send_request_body.complete
receive_response_headers.started request=<Request [b'POST']>
connect_tcp.complete return_value=<httpcore._backends.anyio.AnyIOStream object at 0x11781c800>
connect_tcp.complete return_value=<httpcore._backends.anyio.AnyIOStream object at 0x1102e36e0>
connect_tcp.complete return_value=<httpcore._backends.anyio.AnyIOStream object at 0x1102e0c50>
connect_tcp.complete return_value=<httpcore._backends.anyio.AnyIOStream object at 0x11781daf0>
connect_tcp.complete return_value=<httpcore._backends.anyio.AnyIOStream object at 0x11781e690>
connect_tcp.complete return_value=<httpcore._backends.anyio.AnyIOStream object at 0x11781f290>
connect_tcp.complete return_value=<httpcore._backends.anyio.AnyIOStream object at 0x1102dea20>
connect_tcp.complete return_value=<httpcore._backends.anyio.AnyIOStream object at 0x11781fec0>
send_request_headers.started request=<Request [b'POST']>
send_request_headers.started request=<Request [b'POST']>
send_request_headers.started request=<Request [b'POST']>
send_request_headers.started request=<Request [b'POST']>
send_request_headers.started request=<Request [b'POST']>
send_request_headers.started request=<Request [b'POST']>
send_request_headers.started request=<Request [b'POST']>
send_request_headers.started request=<Request [b'POST']>
send_request_headers.complete
send_request_body.started request=<Request [b'POST']>
send_request_headers.complete
send_request_body.started request=<Request [b'POST']>
send_request_headers.complete
send_request_body.started request=<Request [b'POST']>
send_request_headers.complete
send_request_body.started request=<Request [b'POST']>
send_request_headers.complete
send_request_body.started request=<Request [b'POST']>
send_request_headers.complete
send_request_body.started request=<Request [b'POST']>
send_request_headers.complete
send_request_body.started request=<Request [b'POST']>
send_request_headers.complete
send_request_body.started request=<Request [b'POST']>
send_request_body.complete
receive_response_headers.started request=<Request [b'POST']>
send_request_body.complete
receive_response_headers.started request=<Request [b'POST']>
send_request_body.complete
receive_response_headers.started request=<Request [b'POST']>
send_request_body.complete
receive_response_headers.started request=<Request [b'POST']>
send_request_body.complete
receive_response_headers.started request=<Request [b'POST']>
send_request_body.complete
receive_response_headers.started request=<Request [b'POST']>
send_request_body.complete
receive_response_headers.started request=<Request [b'POST']>
send_request_body.complete
receive_response_headers.started request=<Request [b'POST']>
receive_response_headers.complete return_value=(b'HTTP/1.1', 200, b'OK', [(b'Connection', b'close'), (b'Transfer-Encoding', b'chunked'), (b'Content-Encoding', b'br'), (b'Content-Type', b'application/json'), (b'Date', b'Wed, 14 Jan 2026 14:52:54 GMT'), (b'Vary', b'accept-encoding, Origin, Access-Control-Request-Method, Access-Control-Request-Headers')])
receive_response_body.started request=<Request [b'POST']>
receive_response_body.complete
response_closed.started
receive_response_headers.complete return_value=(b'HTTP/1.1', 200, b'OK', [(b'Connection', b'close'), (b'Transfer-Encoding', b'chunked'), (b'Content-Encoding', b'br'), (b'Content-Type', b'application/json'), (b'Date', b'Wed, 14 Jan 2026 14:52:54 GMT'), (b'Vary', b'accept-encoding, Origin, Access-Control-Request-Method, Access-Control-Request-Headers')])
receive_response_body.started request=<Request [b'POST']>
receive_response_body.complete
response_closed.started
receive_response_headers.complete return_value=(b'HTTP/1.1', 200, b'OK', [(b'Connection', b'close'), (b'Transfer-Encoding', b'chunked'), (b'Content-Encoding', b'br'), (b'Content-Type', b'application/json'), (b'Date', b'Wed, 14 Jan 2026 14:52:54 GMT'), (b'Vary', b'accept-encoding, Origin, Access-Control-Request-Method, Access-Control-Request-Headers')])
receive_response_body.started request=<Request [b'POST']>
receive_response_body.complete
response_closed.started
receive_response_headers.complete return_value=(b'HTTP/1.1', 200, b'OK', [(b'Connection', b'close'), (b'Transfer-Encoding', b'chunked'), (b'Content-Encoding', b'br'), (b'Content-Type', b'application/json'), (b'Date', b'Wed, 14 Jan 2026 14:52:54 GMT'), (b'Vary', b'accept-encoding, Origin, Access-Control-Request-Method, Access-Control-Request-Headers')])
receive_response_body.started request=<Request [b'POST']>
receive_response_body.complete
response_closed.started
response_closed.complete
response_closed.complete
response_closed.complete
response_closed.complete
receive_response_headers.complete return_value=(b'HTTP/1.1', 200, b'OK', [(b'Connection', b'close'), (b'Transfer-Encoding', b'chunked'), (b'Content-Encoding', b'br'), (b'Content-Type', b'application/json'), (b'Date', b'Wed, 14 Jan 2026 14:52:54 GMT'), (b'Vary', b'accept-encoding, Origin, Access-Control-Request-Method, Access-Control-Request-Headers')])
receive_response_body.started request=<Request [b'POST']>
receive_response_body.complete
response_closed.started
receive_response_headers.complete return_value=(b'HTTP/1.1', 200, b'OK', [(b'Connection', b'close'), (b'Transfer-Encoding', b'chunked'), (b'Content-Encoding', b'br'), (b'Content-Type', b'application/json'), (b'Date', b'Wed, 14 Jan 2026 14:52:54 GMT'), (b'Vary', b'accept-encoding, Origin, Access-Control-Request-Method, Access-Control-Request-Headers')])
receive_response_body.started request=<Request [b'POST']>
receive_response_body.complete
response_closed.started
receive_response_headers.complete return_value=(b'HTTP/1.1', 200, b'OK', [(b'Connection', b'close'), (b'Transfer-Encoding', b'chunked'), (b'Content-Encoding', b'br'), (b'Content-Type', b'application/json'), (b'Date', b'Wed, 14 Jan 2026 14:52:54 GMT'), (b'Vary', b'accept-encoding, Origin, Access-Control-Request-Method, Access-Control-Request-Headers')])
receive_response_body.started request=<Request [b'POST']>
receive_response_body.complete
response_closed.started
receive_response_headers.complete return_value=(b'HTTP/1.1', 200, b'OK', [(b'Connection', b'close'), (b'Transfer-Encoding', b'chunked'), (b'Content-Encoding', b'br'), (b'Content-Type', b'application/json'), (b'Date', b'Wed, 14 Jan 2026 14:52:54 GMT'), (b'Vary', b'accept-encoding, Origin, Access-Control-Request-Method, Access-Control-Request-Headers')])
receive_response_body.started request=<Request [b'POST']>
receive_response_body.complete
response_closed.started
receive_response_headers.complete return_value=(b'HTTP/1.1', 200, b'OK', [(b'Connection', b'close'), (b'Transfer-Encoding', b'chunked'), (b'Content-Encoding', b'br'), (b'Content-Type', b'application/json'), (b'Date', b'Wed, 14 Jan 2026 14:52:54 GMT'), (b'Vary', b'accept-encoding, Origin, Access-Control-Request-Method, Access-Control-Request-Headers')])
receive_response_body.started request=<Request [b'POST']>
receive_response_body.complete
response_closed.started
receive_response_headers.complete return_value=(b'HTTP/1.1', 200, b'OK', [(b'Connection', b'close'), (b'Transfer-Encoding', b'chunked'), (b'Content-Encoding', b'br'), (b'Content-Type', b'application/json'), (b'Date', b'Wed, 14 Jan 2026 14:52:54 GMT'), (b'Vary', b'accept-encoding, Origin, Access-Control-Request-Method, Access-Control-Request-Headers')])
receive_response_body.started request=<Request [b'POST']>
receive_response_body.complete
response_closed.started
receive_response_headers.complete return_value=(b'HTTP/1.1', 200, b'OK', [(b'Connection', b'close'), (b'Transfer-Encoding', b'chunked'), (b'Content-Encoding', b'br'), (b'Content-Type', b'application/json'), (b'Date', b'Wed, 14 Jan 2026 14:52:54 GMT'), (b'Vary', b'accept-encoding, Origin, Access-Control-Request-Method, Access-Control-Request-Headers')])
receive_response_body.started request=<Request [b'POST']>
receive_response_body.complete
response_closed.started
receive_response_headers.complete return_value=(b'HTTP/1.1', 200, b'OK', [(b'Connection', b'close'), (b'Transfer-Encoding', b'chunked'), (b'Content-Encoding', b'br'), (b'Content-Type', b'application/json'), (b'Date', b'Wed, 14 Jan 2026 14:52:54 GMT'), (b'Vary', b'accept-encoding, Origin, Access-Control-Request-Method, Access-Control-Request-Headers')])
receive_response_body.started request=<Request [b'POST']>
receive_response_body.complete
response_closed.started
response_closed.complete
response_closed.complete
response_closed.complete
response_closed.complete
response_closed.complete
response_closed.complete
response_closed.complete
response_closed.complete
[2m2026-01-14T14:52:54.666395Z[0m [[32m[1minfo     [0m] [1mrequest_completed             [0m [[0m[1m[34mapp.core.logger_utils[0m][0m [36mclient[0m=[35m127.0.0.1[0m [36mduration_ms[0m=[35m415.69[0m [36menvironment[0m=[35mdevelopment[0m [36mfilename[0m=[35mmain.py[0m [36mfunc_name[0m=[35mlog_requests[0m [36mlineno[0m=[35m132[0m [36mmethod[0m=[35mGET[0m [36mmodule[0m=[35mmain[0m [36mpath[0m=[35m/api/v1/knowledge/stats[0m [36mpathname[0m=[35m/Users/apple/PycharmProjects/Bank-copilot/app/main.py[0m [36mrequest_id[0m=[35mb3fb850f-d642-43f8-a76d-fd9a1ec91db4[0m [36mstatus_code[0m=[35m200[0m
INFO:     127.0.0.1:52865 - "GET /api/v1/knowledge/stats HTTP/1.1" 200 OK
[2m2026-01-14T14:52:54.666859Z[0m [[32m[1minfo     [0m] [1mrequest_completed             [0m [[0m[1m[34mapp.core.logger_utils[0m][0m [36mclient[0m=[35m127.0.0.1[0m [36mduration_ms[0m=[35m479.03[0m [36menvironment[0m=[35mdevelopment[0m [36mfilename[0m=[35mmain.py[0m [36mfunc_name[0m=[35mlog_requests[0m [36mlineno[0m=[35m132[0m [36mmethod[0m=[35mGET[0m [36mmodule[0m=[35mmain[0m [36mpath[0m=[35m/api/v1/knowledge/collections[0m [36mpathname[0m=[35m/Users/apple/PycharmProjects/Bank-copilot/app/main.py[0m [36mrequest_id[0m=[35m8bbdd932-5b69-4b29-ae87-2da182a0e395[0m [36mstatus_code[0m=[35m200[0m
INFO:     127.0.0.1:52861 - "GET /api/v1/knowledge/collections HTTP/1.1" 200 OK
connect_tcp.started host='127.0.0.1' port=7890 local_address=None timeout=30.0 socket_options=None
connect_tcp.complete return_value=<httpcore._backends.anyio.AnyIOStream object at 0x11781e7e0>
send_request_headers.started request=<Request [b'GET']>
send_request_headers.complete
send_request_body.started request=<Request [b'GET']>
send_request_body.complete
receive_response_headers.started request=<Request [b'GET']>
receive_response_headers.complete return_value=(b'HTTP/1.1', 200, b'OK', [(b'Connection', b'close'), (b'Transfer-Encoding', b'chunked'), (b'Content-Encoding', b'br'), (b'Content-Type', b'application/json'), (b'Date', b'Wed, 14 Jan 2026 14:54:23 GMT'), (b'Vary', b'accept-encoding, Origin, Access-Control-Request-Method, Access-Control-Request-Headers')])
receive_response_body.started request=<Request [b'GET']>
receive_response_body.complete
response_closed.started
response_closed.complete
connect_tcp.started host='127.0.0.1' port=7890 local_address=None timeout=30.0 socket_options=None
connect_tcp.started host='127.0.0.1' port=7890 local_address=None timeout=30.0 socket_options=None
connect_tcp.started host='127.0.0.1' port=7890 local_address=None timeout=30.0 socket_options=None
connect_tcp.started host='127.0.0.1' port=7890 local_address=None timeout=30.0 socket_options=None
connect_tcp.started host='127.0.0.1' port=7890 local_address=None timeout=30.0 socket_options=None
connect_tcp.started host='127.0.0.1' port=7890 local_address=None timeout=30.0 socket_options=None
connect_tcp.complete return_value=<httpcore._backends.anyio.AnyIOStream object at 0x11781fdd0>
connect_tcp.complete return_value=<httpcore._backends.anyio.AnyIOStream object at 0x11781fa40>
connect_tcp.complete return_value=<httpcore._backends.anyio.AnyIOStream object at 0x11781ebd0>
connect_tcp.complete return_value=<httpcore._backends.anyio.AnyIOStream object at 0x11781e3c0>
connect_tcp.complete return_value=<httpcore._backends.anyio.AnyIOStream object at 0x11781d9d0>
send_request_headers.started request=<Request [b'GET']>
send_request_headers.started request=<Request [b'GET']>
send_request_headers.started request=<Request [b'GET']>
send_request_headers.started request=<Request [b'GET']>
send_request_headers.started request=<Request [b'GET']>
connect_tcp.complete return_value=<httpcore._backends.anyio.AnyIOStream object at 0x11781e660>
send_request_headers.complete
send_request_body.started request=<Request [b'GET']>
send_request_body.complete
receive_response_headers.started request=<Request [b'GET']>
send_request_headers.complete
send_request_body.started request=<Request [b'GET']>
send_request_body.complete
receive_response_headers.started request=<Request [b'GET']>
send_request_headers.complete
send_request_body.started request=<Request [b'GET']>
send_request_body.complete
receive_response_headers.started request=<Request [b'GET']>
send_request_headers.complete
send_request_body.started request=<Request [b'GET']>
send_request_body.complete
receive_response_headers.started request=<Request [b'GET']>
send_request_headers.complete
send_request_body.started request=<Request [b'GET']>
send_request_body.complete
receive_response_headers.started request=<Request [b'GET']>
send_request_headers.started request=<Request [b'GET']>
send_request_headers.complete
send_request_body.started request=<Request [b'GET']>
send_request_body.complete
receive_response_headers.started request=<Request [b'GET']>
receive_response_headers.complete return_value=(b'HTTP/1.1', 200, b'OK', [(b'Connection', b'close'), (b'Transfer-Encoding', b'chunked'), (b'Content-Encoding', b'br'), (b'Content-Type', b'application/json'), (b'Date', b'Wed, 14 Jan 2026 14:54:23 GMT'), (b'Vary', b'accept-encoding, Origin, Access-Control-Request-Method, Access-Control-Request-Headers')])
receive_response_body.started request=<Request [b'GET']>
receive_response_headers.complete return_value=(b'HTTP/1.1', 200, b'OK', [(b'Connection', b'close'), (b'Transfer-Encoding', b'chunked'), (b'Content-Encoding', b'br'), (b'Content-Type', b'application/json'), (b'Date', b'Wed, 14 Jan 2026 14:54:23 GMT'), (b'Vary', b'accept-encoding, Origin, Access-Control-Request-Method, Access-Control-Request-Headers')])
receive_response_body.started request=<Request [b'GET']>
receive_response_body.complete
response_closed.started
response_closed.complete
receive_response_headers.complete return_value=(b'HTTP/1.1', 200, b'OK', [(b'Connection', b'close'), (b'Transfer-Encoding', b'chunked'), (b'Content-Encoding', b'br'), (b'Content-Type', b'application/json'), (b'Date', b'Wed, 14 Jan 2026 14:54:23 GMT'), (b'Vary', b'accept-encoding, Origin, Access-Control-Request-Method, Access-Control-Request-Headers')])
receive_response_body.started request=<Request [b'GET']>
receive_response_body.complete
response_closed.started
receive_response_headers.complete return_value=(b'HTTP/1.1', 200, b'OK', [(b'Connection', b'close'), (b'Transfer-Encoding', b'chunked'), (b'Content-Encoding', b'br'), (b'Content-Type', b'application/json'), (b'Date', b'Wed, 14 Jan 2026 14:54:23 GMT'), (b'Vary', b'accept-encoding, Origin, Access-Control-Request-Method, Access-Control-Request-Headers')])
receive_response_body.started request=<Request [b'GET']>
receive_response_body.complete
response_closed.started
receive_response_headers.complete return_value=(b'HTTP/1.1', 200, b'OK', [(b'Connection', b'close'), (b'Transfer-Encoding', b'chunked'), (b'Content-Encoding', b'br'), (b'Content-Type', b'application/json'), (b'Date', b'Wed, 14 Jan 2026 14:54:23 GMT'), (b'Vary', b'accept-encoding, Origin, Access-Control-Request-Method, Access-Control-Request-Headers')])
receive_response_body.started request=<Request [b'GET']>
receive_response_body.complete
response_closed.started
receive_response_body.complete
response_closed.started
connect_tcp.started host='127.0.0.1' port=7890 local_address=None timeout=30.0 socket_options=None
response_closed.complete
response_closed.complete
response_closed.complete
response_closed.complete
receive_response_headers.complete return_value=(b'HTTP/1.1', 200, b'OK', [(b'Connection', b'close'), (b'Transfer-Encoding', b'chunked'), (b'Content-Encoding', b'br'), (b'Content-Type', b'application/json'), (b'Date', b'Wed, 14 Jan 2026 14:54:23 GMT'), (b'Vary', b'accept-encoding, Origin, Access-Control-Request-Method, Access-Control-Request-Headers')])
receive_response_body.started request=<Request [b'GET']>
receive_response_body.complete
response_closed.started
connect_tcp.started host='127.0.0.1' port=7890 local_address=None timeout=30.0 socket_options=None
connect_tcp.started host='127.0.0.1' port=7890 local_address=None timeout=30.0 socket_options=None
connect_tcp.started host='127.0.0.1' port=7890 local_address=None timeout=30.0 socket_options=None
connect_tcp.started host='127.0.0.1' port=7890 local_address=None timeout=30.0 socket_options=None
response_closed.complete
connect_tcp.started host='127.0.0.1' port=7890 local_address=None timeout=30.0 socket_options=None
connect_tcp.complete return_value=<httpcore._backends.anyio.AnyIOStream object at 0x1102dc860>
send_request_headers.started request=<Request [b'POST']>
send_request_headers.complete
send_request_body.started request=<Request [b'POST']>
connect_tcp.complete return_value=<httpcore._backends.anyio.AnyIOStream object at 0x1102dc650>
connect_tcp.complete return_value=<httpcore._backends.anyio.AnyIOStream object at 0x1102dc830>
connect_tcp.complete return_value=<httpcore._backends.anyio.AnyIOStream object at 0x1102df830>
connect_tcp.complete return_value=<httpcore._backends.anyio.AnyIOStream object at 0x1102dfd70>
send_request_body.complete
receive_response_headers.started request=<Request [b'POST']>
send_request_headers.started request=<Request [b'POST']>
send_request_headers.started request=<Request [b'POST']>
send_request_headers.started request=<Request [b'POST']>
send_request_headers.started request=<Request [b'POST']>
send_request_headers.complete
send_request_body.started request=<Request [b'POST']>
send_request_headers.complete
send_request_body.started request=<Request [b'POST']>
send_request_headers.complete
send_request_body.started request=<Request [b'POST']>
send_request_headers.complete
send_request_body.started request=<Request [b'POST']>
connect_tcp.complete return_value=<httpcore._backends.anyio.AnyIOStream object at 0x117810fe0>
send_request_body.complete
receive_response_headers.started request=<Request [b'POST']>
send_request_body.complete
receive_response_headers.started request=<Request [b'POST']>
send_request_body.complete
receive_response_headers.started request=<Request [b'POST']>
send_request_body.complete
receive_response_headers.started request=<Request [b'POST']>
send_request_headers.started request=<Request [b'POST']>
send_request_headers.complete
send_request_body.started request=<Request [b'POST']>
send_request_body.complete
receive_response_headers.started request=<Request [b'POST']>
receive_response_headers.complete return_value=(b'HTTP/1.1', 200, b'OK', [(b'Connection', b'close'), (b'Transfer-Encoding', b'chunked'), (b'Content-Encoding', b'br'), (b'Content-Type', b'application/json'), (b'Date', b'Wed, 14 Jan 2026 14:54:23 GMT'), (b'Vary', b'accept-encoding, Origin, Access-Control-Request-Method, Access-Control-Request-Headers')])
receive_response_body.started request=<Request [b'POST']>
receive_response_body.complete
response_closed.started
response_closed.complete
receive_response_headers.complete return_value=(b'HTTP/1.1', 200, b'OK', [(b'Connection', b'close'), (b'Transfer-Encoding', b'chunked'), (b'Content-Encoding', b'br'), (b'Content-Type', b'application/json'), (b'Date', b'Wed, 14 Jan 2026 14:54:23 GMT'), (b'Vary', b'accept-encoding, Origin, Access-Control-Request-Method, Access-Control-Request-Headers')])
receive_response_body.started request=<Request [b'POST']>
receive_response_body.complete
response_closed.started
receive_response_headers.complete return_value=(b'HTTP/1.1', 200, b'OK', [(b'Connection', b'close'), (b'Transfer-Encoding', b'chunked'), (b'Content-Encoding', b'br'), (b'Content-Type', b'application/json'), (b'Date', b'Wed, 14 Jan 2026 14:54:23 GMT'), (b'Vary', b'accept-encoding, Origin, Access-Control-Request-Method, Access-Control-Request-Headers')])
receive_response_body.started request=<Request [b'POST']>
receive_response_body.complete
response_closed.started
response_closed.complete
response_closed.complete
receive_response_headers.complete return_value=(b'HTTP/1.1', 200, b'OK', [(b'Connection', b'close'), (b'Transfer-Encoding', b'chunked'), (b'Content-Encoding', b'br'), (b'Content-Type', b'application/json'), (b'Date', b'Wed, 14 Jan 2026 14:54:23 GMT'), (b'Vary', b'accept-encoding, Origin, Access-Control-Request-Method, Access-Control-Request-Headers')])
receive_response_body.started request=<Request [b'POST']>
receive_response_body.complete
response_closed.started
receive_response_headers.complete return_value=(b'HTTP/1.1', 200, b'OK', [(b'Connection', b'close'), (b'Transfer-Encoding', b'chunked'), (b'Content-Encoding', b'br'), (b'Content-Type', b'application/json'), (b'Date', b'Wed, 14 Jan 2026 14:54:23 GMT'), (b'Vary', b'accept-encoding, Origin, Access-Control-Request-Method, Access-Control-Request-Headers')])
receive_response_body.started request=<Request [b'POST']>
receive_response_body.complete
response_closed.started
response_closed.complete
response_closed.complete
receive_response_headers.complete return_value=(b'HTTP/1.1', 200, b'OK', [(b'Connection', b'close'), (b'Transfer-Encoding', b'chunked'), (b'Content-Encoding', b'br'), (b'Content-Type', b'application/json'), (b'Date', b'Wed, 14 Jan 2026 14:54:23 GMT'), (b'Vary', b'accept-encoding, Origin, Access-Control-Request-Method, Access-Control-Request-Headers')])
receive_response_body.started request=<Request [b'POST']>
receive_response_body.complete
response_closed.started
response_closed.complete
[2m2026-01-14T14:54:23.843768Z[0m [[32m[1minfo     [0m] [1mrequest_completed             [0m [[0m[1m[34mapp.core.logger_utils[0m][0m [36mclient[0m=[35m127.0.0.1[0m [36mduration_ms[0m=[35m394.19[0m [36menvironment[0m=[35mdevelopment[0m [36mfilename[0m=[35mmain.py[0m [36mfunc_name[0m=[35mlog_requests[0m [36mlineno[0m=[35m132[0m [36mmethod[0m=[35mGET[0m [36mmodule[0m=[35mmain[0m [36mpath[0m=[35m/api/v1/knowledge/collections[0m [36mpathname[0m=[35m/Users/apple/PycharmProjects/Bank-copilot/app/main.py[0m [36mrequest_id[0m=[35mde113b3e-cf1d-43f8-8371-69d2f9ffe044[0m [36mstatus_code[0m=[35m200[0m
INFO:     127.0.0.1:53152 - "GET /api/v1/knowledge/collections HTTP/1.1" 200 OK
connect_tcp.started host='127.0.0.1' port=7890 local_address=None timeout=30.0 socket_options=None
connect_tcp.complete return_value=<httpcore._backends.anyio.AnyIOStream object at 0x11781d2e0>
send_request_headers.started request=<Request [b'GET']>
send_request_headers.complete
send_request_body.started request=<Request [b'GET']>
send_request_body.complete
receive_response_headers.started request=<Request [b'GET']>
receive_response_headers.complete return_value=(b'HTTP/1.1', 200, b'OK', [(b'Connection', b'close'), (b'Transfer-Encoding', b'chunked'), (b'Content-Encoding', b'br'), (b'Content-Type', b'application/json'), (b'Date', b'Wed, 14 Jan 2026 14:54:23 GMT'), (b'Vary', b'accept-encoding, Origin, Access-Control-Request-Method, Access-Control-Request-Headers')])
receive_response_body.started request=<Request [b'GET']>
receive_response_body.complete
response_closed.started
response_closed.complete
connect_tcp.started host='127.0.0.1' port=7890 local_address=None timeout=30.0 socket_options=None
connect_tcp.started host='127.0.0.1' port=7890 local_address=None timeout=30.0 socket_options=None
connect_tcp.started host='127.0.0.1' port=7890 local_address=None timeout=30.0 socket_options=None
connect_tcp.started host='127.0.0.1' port=7890 local_address=None timeout=30.0 socket_options=None
connect_tcp.started host='127.0.0.1' port=7890 local_address=None timeout=30.0 socket_options=None
connect_tcp.started host='127.0.0.1' port=7890 local_address=None timeout=30.0 socket_options=None
connect_tcp.complete return_value=<httpcore._backends.anyio.AnyIOStream object at 0x117810c50>
connect_tcp.complete return_value=<httpcore._backends.anyio.AnyIOStream object at 0x1102bb380>
connect_tcp.complete return_value=<httpcore._backends.anyio.AnyIOStream object at 0x1102b8b60>
send_request_headers.started request=<Request [b'GET']>
send_request_headers.started request=<Request [b'GET']>
send_request_headers.started request=<Request [b'GET']>
connect_tcp.complete return_value=<httpcore._backends.anyio.AnyIOStream object at 0x117813680>
send_request_headers.complete
send_request_body.started request=<Request [b'GET']>
send_request_body.complete
receive_response_headers.started request=<Request [b'GET']>
send_request_headers.complete
send_request_body.started request=<Request [b'GET']>
send_request_body.complete
receive_response_headers.started request=<Request [b'GET']>
send_request_headers.complete
send_request_body.started request=<Request [b'GET']>
send_request_body.complete
receive_response_headers.started request=<Request [b'GET']>
send_request_headers.started request=<Request [b'GET']>
connect_tcp.complete return_value=<httpcore._backends.anyio.AnyIOStream object at 0x1178126c0>
connect_tcp.complete return_value=<httpcore._backends.anyio.AnyIOStream object at 0x1178108c0>
send_request_headers.complete
send_request_body.started request=<Request [b'GET']>
send_request_body.complete
receive_response_headers.started request=<Request [b'GET']>
send_request_headers.started request=<Request [b'GET']>
send_request_headers.started request=<Request [b'GET']>
send_request_headers.complete
send_request_body.started request=<Request [b'GET']>
send_request_body.complete
receive_response_headers.started request=<Request [b'GET']>
send_request_headers.complete
send_request_body.started request=<Request [b'GET']>
send_request_body.complete
receive_response_headers.started request=<Request [b'GET']>
receive_response_headers.complete return_value=(b'HTTP/1.1', 200, b'OK', [(b'Connection', b'close'), (b'Transfer-Encoding', b'chunked'), (b'Content-Encoding', b'br'), (b'Content-Type', b'application/json'), (b'Date', b'Wed, 14 Jan 2026 14:54:23 GMT'), (b'Vary', b'accept-encoding, Origin, Access-Control-Request-Method, Access-Control-Request-Headers')])
receive_response_body.started request=<Request [b'GET']>
receive_response_body.complete
response_closed.started
response_closed.complete
connect_tcp.started host='127.0.0.1' port=7890 local_address=None timeout=30.0 socket_options=None
receive_response_headers.complete return_value=(b'HTTP/1.1', 200, b'OK', [(b'Connection', b'close'), (b'Transfer-Encoding', b'chunked'), (b'Content-Encoding', b'br'), (b'Content-Type', b'application/json'), (b'Date', b'Wed, 14 Jan 2026 14:54:23 GMT'), (b'Vary', b'accept-encoding, Origin, Access-Control-Request-Method, Access-Control-Request-Headers')])
receive_response_body.started request=<Request [b'GET']>
receive_response_body.complete
response_closed.started
receive_response_headers.complete return_value=(b'HTTP/1.1', 200, b'OK', [(b'Connection', b'close'), (b'Transfer-Encoding', b'chunked'), (b'Content-Encoding', b'br'), (b'Content-Type', b'application/json'), (b'Date', b'Wed, 14 Jan 2026 14:54:23 GMT'), (b'Vary', b'accept-encoding, Origin, Access-Control-Request-Method, Access-Control-Request-Headers')])
receive_response_body.started request=<Request [b'GET']>
receive_response_body.complete
response_closed.started
receive_response_headers.complete return_value=(b'HTTP/1.1', 200, b'OK', [(b'Connection', b'close'), (b'Transfer-Encoding', b'chunked'), (b'Content-Encoding', b'br'), (b'Content-Type', b'application/json'), (b'Date', b'Wed, 14 Jan 2026 14:54:23 GMT'), (b'Vary', b'accept-encoding, Origin, Access-Control-Request-Method, Access-Control-Request-Headers')])
receive_response_body.started request=<Request [b'GET']>
receive_response_body.complete
response_closed.started
receive_response_headers.complete return_value=(b'HTTP/1.1', 200, b'OK', [(b'Connection', b'close'), (b'Transfer-Encoding', b'chunked'), (b'Content-Encoding', b'br'), (b'Content-Type', b'application/json'), (b'Date', b'Wed, 14 Jan 2026 14:54:23 GMT'), (b'Vary', b'accept-encoding, Origin, Access-Control-Request-Method, Access-Control-Request-Headers')])
receive_response_body.started request=<Request [b'GET']>
receive_response_body.complete
response_closed.started
receive_response_headers.complete return_value=(b'HTTP/1.1', 200, b'OK', [(b'Connection', b'close'), (b'Transfer-Encoding', b'chunked'), (b'Content-Encoding', b'br'), (b'Content-Type', b'application/json'), (b'Date', b'Wed, 14 Jan 2026 14:54:23 GMT'), (b'Vary', b'accept-encoding, Origin, Access-Control-Request-Method, Access-Control-Request-Headers')])
receive_response_body.started request=<Request [b'GET']>
receive_response_body.complete
response_closed.started
response_closed.complete
response_closed.complete
response_closed.complete
response_closed.complete
response_closed.complete
connect_tcp.started host='127.0.0.1' port=7890 local_address=None timeout=30.0 socket_options=None
connect_tcp.started host='127.0.0.1' port=7890 local_address=None timeout=30.0 socket_options=None
connect_tcp.started host='127.0.0.1' port=7890 local_address=None timeout=30.0 socket_options=None
connect_tcp.started host='127.0.0.1' port=7890 local_address=None timeout=30.0 socket_options=None
connect_tcp.started host='127.0.0.1' port=7890 local_address=None timeout=30.0 socket_options=None
connect_tcp.complete return_value=<httpcore._backends.anyio.AnyIOStream object at 0x11781ecf0>
send_request_headers.started request=<Request [b'POST']>
send_request_headers.complete
send_request_body.started request=<Request [b'POST']>
send_request_body.complete
receive_response_headers.started request=<Request [b'POST']>
connect_tcp.complete return_value=<httpcore._backends.anyio.AnyIOStream object at 0x11781cb30>
send_request_headers.started request=<Request [b'POST']>
connect_tcp.complete return_value=<httpcore._backends.anyio.AnyIOStream object at 0x117813bf0>
connect_tcp.complete return_value=<httpcore._backends.anyio.AnyIOStream object at 0x1102dc6b0>
connect_tcp.complete return_value=<httpcore._backends.anyio.AnyIOStream object at 0x1102dd760>
connect_tcp.complete return_value=<httpcore._backends.anyio.AnyIOStream object at 0x11781cf20>
send_request_headers.complete
send_request_body.started request=<Request [b'POST']>
send_request_headers.started request=<Request [b'POST']>
send_request_headers.started request=<Request [b'POST']>
send_request_headers.started request=<Request [b'POST']>
send_request_headers.started request=<Request [b'POST']>
send_request_body.complete
receive_response_headers.started request=<Request [b'POST']>
send_request_headers.complete
send_request_body.started request=<Request [b'POST']>
send_request_headers.complete
send_request_body.started request=<Request [b'POST']>
send_request_headers.complete
send_request_body.started request=<Request [b'POST']>
send_request_headers.complete
send_request_body.started request=<Request [b'POST']>
send_request_body.complete
receive_response_headers.started request=<Request [b'POST']>
send_request_body.complete
receive_response_headers.started request=<Request [b'POST']>
send_request_body.complete
receive_response_headers.started request=<Request [b'POST']>
send_request_body.complete
receive_response_headers.started request=<Request [b'POST']>
receive_response_headers.complete return_value=(b'HTTP/1.1', 200, b'OK', [(b'Connection', b'close'), (b'Transfer-Encoding', b'chunked'), (b'Content-Encoding', b'br'), (b'Content-Type', b'application/json'), (b'Date', b'Wed, 14 Jan 2026 14:54:23 GMT'), (b'Vary', b'accept-encoding, Origin, Access-Control-Request-Method, Access-Control-Request-Headers')])
receive_response_body.started request=<Request [b'POST']>
receive_response_body.complete
response_closed.started
response_closed.complete
receive_response_headers.complete return_value=(b'HTTP/1.1', 200, b'OK', [(b'Connection', b'close'), (b'Transfer-Encoding', b'chunked'), (b'Content-Encoding', b'br'), (b'Content-Type', b'application/json'), (b'Date', b'Wed, 14 Jan 2026 14:54:23 GMT'), (b'Vary', b'accept-encoding, Origin, Access-Control-Request-Method, Access-Control-Request-Headers')])
receive_response_body.started request=<Request [b'POST']>
receive_response_body.complete
response_closed.started
response_closed.complete
receive_response_headers.complete return_value=(b'HTTP/1.1', 200, b'OK', [(b'Connection', b'close'), (b'Transfer-Encoding', b'chunked'), (b'Content-Encoding', b'br'), (b'Content-Type', b'application/json'), (b'Date', b'Wed, 14 Jan 2026 14:54:23 GMT'), (b'Vary', b'accept-encoding, Origin, Access-Control-Request-Method, Access-Control-Request-Headers')])
receive_response_body.started request=<Request [b'POST']>
receive_response_body.complete
response_closed.started
response_closed.complete
receive_response_headers.complete return_value=(b'HTTP/1.1', 200, b'OK', [(b'Connection', b'close'), (b'Transfer-Encoding', b'chunked'), (b'Content-Encoding', b'br'), (b'Content-Type', b'application/json'), (b'Date', b'Wed, 14 Jan 2026 14:54:24 GMT'), (b'Vary', b'accept-encoding, Origin, Access-Control-Request-Method, Access-Control-Request-Headers')])
receive_response_body.started request=<Request [b'POST']>
receive_response_body.complete
response_closed.started
receive_response_headers.complete return_value=(b'HTTP/1.1', 200, b'OK', [(b'Connection', b'close'), (b'Transfer-Encoding', b'chunked'), (b'Content-Encoding', b'br'), (b'Content-Type', b'application/json'), (b'Date', b'Wed, 14 Jan 2026 14:54:23 GMT'), (b'Vary', b'accept-encoding, Origin, Access-Control-Request-Method, Access-Control-Request-Headers')])
receive_response_body.started request=<Request [b'POST']>
receive_response_body.complete
response_closed.started
receive_response_headers.complete return_value=(b'HTTP/1.1', 200, b'OK', [(b'Connection', b'close'), (b'Transfer-Encoding', b'chunked'), (b'Content-Encoding', b'br'), (b'Content-Type', b'application/json'), (b'Date', b'Wed, 14 Jan 2026 14:54:23 GMT'), (b'Vary', b'accept-encoding, Origin, Access-Control-Request-Method, Access-Control-Request-Headers')])
receive_response_body.started request=<Request [b'POST']>
receive_response_body.complete
response_closed.started
response_closed.complete
response_closed.complete
response_closed.complete
[2m2026-01-14T14:54:24.060661Z[0m [[32m[1minfo     [0m] [1mrequest_completed             [0m [[0m[1m[34mapp.core.logger_utils[0m][0m [36mclient[0m=[35m127.0.0.1[0m [36mduration_ms[0m=[35m215.66[0m [36menvironment[0m=[35mdevelopment[0m [36mfilename[0m=[35mmain.py[0m [36mfunc_name[0m=[35mlog_requests[0m [36mlineno[0m=[35m132[0m [36mmethod[0m=[35mGET[0m [36mmodule[0m=[35mmain[0m [36mpath[0m=[35m/api/v1/knowledge/collections[0m [36mpathname[0m=[35m/Users/apple/PycharmProjects/Bank-copilot/app/main.py[0m [36mrequest_id[0m=[35m6be826d4-a9b3-4458-a5bc-490a3d4e835b[0m [36mstatus_code[0m=[35m200[0m
INFO:     127.0.0.1:53198 - "GET /api/v1/knowledge/collections HTTP/1.1" 200 OK
[2m2026-01-14T15:03:55.575328Z[0m [[32m[1minfo     [0m] [1mrequest_completed             [0m [[0m[1m[34mapp.core.logger_utils[0m][0m [36mclient[0m=[35m127.0.0.1[0m [36mduration_ms[0m=[35m5.69[0m [36menvironment[0m=[35mdevelopment[0m [36mfilename[0m=[35mmain.py[0m [36mfunc_name[0m=[35mlog_requests[0m [36mlineno[0m=[35m132[0m [36mmethod[0m=[35mOPTIONS[0m [36mmodule[0m=[35mmain[0m [36mpath[0m=[35m/api/v1/knowledge/collections[0m [36mpathname[0m=[35m/Users/apple/PycharmProjects/Bank-copilot/app/main.py[0m [36mrequest_id[0m=[35mcfd07e15-de55-4cb7-b58e-35e410c6b8df[0m [36mstatus_code[0m=[35m200[0m
INFO:     127.0.0.1:55005 - "OPTIONS /api/v1/knowledge/collections HTTP/1.1" 200 OK
[2m2026-01-14T15:03:55.586659Z[0m [[32m[1minfo     [0m] [1mrequest_completed             [0m [[0m[1m[34mapp.core.logger_utils[0m][0m [36mclient[0m=[35m127.0.0.1[0m [36mduration_ms[0m=[35m13.94[0m [36menvironment[0m=[35mdevelopment[0m [36mfilename[0m=[35mmain.py[0m [36mfunc_name[0m=[35mlog_requests[0m [36mlineno[0m=[35m132[0m [36mmethod[0m=[35mOPTIONS[0m [36mmodule[0m=[35mmain[0m [36mpath[0m=[35m/api/v1/knowledge/stats[0m [36mpathname[0m=[35m/Users/apple/PycharmProjects/Bank-copilot/app/main.py[0m [36mrequest_id[0m=[35meab9c512-3af0-4110-92cd-cca3edb62c28[0m [36mstatus_code[0m=[35m200[0m
INFO:     127.0.0.1:55008 - "OPTIONS /api/v1/knowledge/stats HTTP/1.1" 200 OK
[2m2026-01-14T15:03:55.588172Z[0m [[32m[1minfo     [0m] [1mrequest_completed             [0m [[0m[1m[34mapp.core.logger_utils[0m][0m [36mclient[0m=[35m127.0.0.1[0m [36mduration_ms[0m=[35m15.0[0m [36menvironment[0m=[35mdevelopment[0m [36mfilename[0m=[35mmain.py[0m [36mfunc_name[0m=[35mlog_requests[0m [36mlineno[0m=[35m132[0m [36mmethod[0m=[35mOPTIONS[0m [36mmodule[0m=[35mmain[0m [36mpath[0m=[35m/api/v1/knowledge/collections[0m [36mpathname[0m=[35m/Users/apple/PycharmProjects/Bank-copilot/app/main.py[0m [36mrequest_id[0m=[35m81f38c41-90d9-4fba-a206-496ab2e6c43b[0m [36mstatus_code[0m=[35m200[0m
INFO:     127.0.0.1:55009 - "OPTIONS /api/v1/knowledge/collections HTTP/1.1" 200 OK
[2m2026-01-14T15:03:55.588939Z[0m [[32m[1minfo     [0m] [1mrequest_completed             [0m [[0m[1m[34mapp.core.logger_utils[0m][0m [36mclient[0m=[35m127.0.0.1[0m [36mduration_ms[0m=[35m15.77[0m [36menvironment[0m=[35mdevelopment[0m [36mfilename[0m=[35mmain.py[0m [36mfunc_name[0m=[35mlog_requests[0m [36mlineno[0m=[35m132[0m [36mmethod[0m=[35mOPTIONS[0m [36mmodule[0m=[35mmain[0m [36mpath[0m=[35m/api/v1/knowledge/stats[0m [36mpathname[0m=[35m/Users/apple/PycharmProjects/Bank-copilot/app/main.py[0m [36mrequest_id[0m=[35m5d6fd3ff-4e2b-430a-b381-586644a82762[0m [36mstatus_code[0m=[35m200[0m
INFO:     127.0.0.1:55011 - "OPTIONS /api/v1/knowledge/stats HTTP/1.1" 200 OK
connect_tcp.started host='127.0.0.1' port=7890 local_address=None timeout=30.0 socket_options=None
connect_tcp.started host='127.0.0.1' port=7890 local_address=None timeout=30.0 socket_options=None
connect_tcp.complete return_value=<httpcore._backends.anyio.AnyIOStream object at 0x1102dd880>
send_request_headers.started request=<Request [b'GET']>
send_request_headers.complete
send_request_body.started request=<Request [b'GET']>
send_request_body.complete
receive_response_headers.started request=<Request [b'GET']>
connect_tcp.complete return_value=<httpcore._backends.anyio.AnyIOStream object at 0x1101f3e60>
send_request_headers.started request=<Request [b'GET']>
send_request_headers.complete
send_request_body.started request=<Request [b'GET']>
send_request_body.complete
receive_response_headers.started request=<Request [b'GET']>
receive_response_headers.complete return_value=(b'HTTP/1.1', 200, b'OK', [(b'Connection', b'close'), (b'Transfer-Encoding', b'chunked'), (b'Content-Encoding', b'br'), (b'Content-Type', b'application/json'), (b'Date', b'Wed, 14 Jan 2026 15:03:55 GMT'), (b'Vary', b'accept-encoding, Origin, Access-Control-Request-Method, Access-Control-Request-Headers')])
receive_response_body.started request=<Request [b'GET']>
receive_response_body.complete
response_closed.started
receive_response_headers.complete return_value=(b'HTTP/1.1', 200, b'OK', [(b'Connection', b'close'), (b'Transfer-Encoding', b'chunked'), (b'Content-Encoding', b'br'), (b'Content-Type', b'application/json'), (b'Date', b'Wed, 14 Jan 2026 15:03:55 GMT'), (b'Vary', b'accept-encoding, Origin, Access-Control-Request-Method, Access-Control-Request-Headers')])
receive_response_body.started request=<Request [b'GET']>
receive_response_body.complete
response_closed.started
response_closed.complete
response_closed.complete
connect_tcp.started host='127.0.0.1' port=7890 local_address=None timeout=30.0 socket_options=None
connect_tcp.started host='127.0.0.1' port=7890 local_address=None timeout=30.0 socket_options=None
connect_tcp.started host='127.0.0.1' port=7890 local_address=None timeout=30.0 socket_options=None
connect_tcp.started host='127.0.0.1' port=7890 local_address=None timeout=30.0 socket_options=None
connect_tcp.started host='127.0.0.1' port=7890 local_address=None timeout=30.0 socket_options=None
connect_tcp.started host='127.0.0.1' port=7890 local_address=None timeout=30.0 socket_options=None
connect_tcp.started host='127.0.0.1' port=7890 local_address=None timeout=30.0 socket_options=None
connect_tcp.started host='127.0.0.1' port=7890 local_address=None timeout=30.0 socket_options=None
connect_tcp.started host='127.0.0.1' port=7890 local_address=None timeout=30.0 socket_options=None
connect_tcp.started host='127.0.0.1' port=7890 local_address=None timeout=30.0 socket_options=None
connect_tcp.started host='127.0.0.1' port=7890 local_address=None timeout=30.0 socket_options=None
connect_tcp.started host='127.0.0.1' port=7890 local_address=None timeout=30.0 socket_options=None
connect_tcp.complete return_value=<httpcore._backends.anyio.AnyIOStream object at 0x117813620>
connect_tcp.complete return_value=<httpcore._backends.anyio.AnyIOStream object at 0x117810bc0>
connect_tcp.complete return_value=<httpcore._backends.anyio.AnyIOStream object at 0x117813260>
connect_tcp.complete return_value=<httpcore._backends.anyio.AnyIOStream object at 0x11781fc20>
connect_tcp.complete return_value=<httpcore._backends.anyio.AnyIOStream object at 0x11781ed50>
connect_tcp.complete return_value=<httpcore._backends.anyio.AnyIOStream object at 0x1102c7ec0>
connect_tcp.complete return_value=<httpcore._backends.anyio.AnyIOStream object at 0x1102c7500>
connect_tcp.complete return_value=<httpcore._backends.anyio.AnyIOStream object at 0x1102ba660>
connect_tcp.complete return_value=<httpcore._backends.anyio.AnyIOStream object at 0x11029f260>
connect_tcp.complete return_value=<httpcore._backends.anyio.AnyIOStream object at 0x1102c63f0>
connect_tcp.complete return_value=<httpcore._backends.anyio.AnyIOStream object at 0x11029ff80>
connect_tcp.complete return_value=<httpcore._backends.anyio.AnyIOStream object at 0x11029e2a0>
send_request_headers.started request=<Request [b'GET']>
send_request_headers.started request=<Request [b'GET']>
send_request_headers.started request=<Request [b'GET']>
send_request_headers.started request=<Request [b'GET']>
send_request_headers.started request=<Request [b'GET']>
send_request_headers.started request=<Request [b'GET']>
send_request_headers.started request=<Request [b'GET']>
send_request_headers.started request=<Request [b'GET']>
send_request_headers.started request=<Request [b'GET']>
send_request_headers.started request=<Request [b'GET']>
send_request_headers.started request=<Request [b'GET']>
send_request_headers.started request=<Request [b'GET']>
send_request_headers.complete
send_request_body.started request=<Request [b'GET']>
send_request_body.complete
receive_response_headers.started request=<Request [b'GET']>
send_request_headers.complete
send_request_body.started request=<Request [b'GET']>
send_request_body.complete
receive_response_headers.started request=<Request [b'GET']>
send_request_headers.complete
send_request_body.started request=<Request [b'GET']>
send_request_body.complete
receive_response_headers.started request=<Request [b'GET']>
send_request_headers.complete
send_request_body.started request=<Request [b'GET']>
send_request_body.complete
receive_response_headers.started request=<Request [b'GET']>
send_request_headers.complete
send_request_body.started request=<Request [b'GET']>
send_request_body.complete
receive_response_headers.started request=<Request [b'GET']>
send_request_headers.complete
send_request_body.started request=<Request [b'GET']>
send_request_body.complete
receive_response_headers.started request=<Request [b'GET']>
send_request_headers.complete
send_request_body.started request=<Request [b'GET']>
send_request_body.complete
receive_response_headers.started request=<Request [b'GET']>
send_request_headers.complete
send_request_body.started request=<Request [b'GET']>
send_request_body.complete
receive_response_headers.started request=<Request [b'GET']>
send_request_headers.complete
send_request_body.started request=<Request [b'GET']>
send_request_body.complete
receive_response_headers.started request=<Request [b'GET']>
send_request_headers.complete
send_request_body.started request=<Request [b'GET']>
send_request_body.complete
receive_response_headers.started request=<Request [b'GET']>
send_request_headers.complete
send_request_body.started request=<Request [b'GET']>
send_request_body.complete
receive_response_headers.started request=<Request [b'GET']>
send_request_headers.complete
send_request_body.started request=<Request [b'GET']>
send_request_body.complete
receive_response_headers.started request=<Request [b'GET']>
receive_response_headers.complete return_value=(b'HTTP/1.1', 200, b'OK', [(b'Connection', b'close'), (b'Transfer-Encoding', b'chunked'), (b'Content-Encoding', b'br'), (b'Content-Type', b'application/json'), (b'Date', b'Wed, 14 Jan 2026 15:03:55 GMT'), (b'Vary', b'accept-encoding, Origin, Access-Control-Request-Method, Access-Control-Request-Headers')])
receive_response_body.started request=<Request [b'GET']>
receive_response_headers.complete return_value=(b'HTTP/1.1', 200, b'OK', [(b'Connection', b'close'), (b'Transfer-Encoding', b'chunked'), (b'Content-Encoding', b'br'), (b'Content-Type', b'application/json'), (b'Date', b'Wed, 14 Jan 2026 15:03:55 GMT'), (b'Vary', b'accept-encoding, Origin, Access-Control-Request-Method, Access-Control-Request-Headers')])
receive_response_body.started request=<Request [b'GET']>
receive_response_body.complete
response_closed.started
receive_response_headers.complete return_value=(b'HTTP/1.1', 200, b'OK', [(b'Connection', b'close'), (b'Transfer-Encoding', b'chunked'), (b'Content-Encoding', b'br'), (b'Content-Type', b'application/json'), (b'Date', b'Wed, 14 Jan 2026 15:03:55 GMT'), (b'Vary', b'accept-encoding, Origin, Access-Control-Request-Method, Access-Control-Request-Headers')])
receive_response_body.started request=<Request [b'GET']>
receive_response_body.complete
response_closed.started
receive_response_headers.complete return_value=(b'HTTP/1.1', 200, b'OK', [(b'Connection', b'close'), (b'Transfer-Encoding', b'chunked'), (b'Content-Encoding', b'br'), (b'Content-Type', b'application/json'), (b'Date', b'Wed, 14 Jan 2026 15:03:55 GMT'), (b'Vary', b'accept-encoding, Origin, Access-Control-Request-Method, Access-Control-Request-Headers')])
receive_response_body.started request=<Request [b'GET']>
receive_response_body.complete
response_closed.started
receive_response_headers.complete return_value=(b'HTTP/1.1', 200, b'OK', [(b'Connection', b'close'), (b'Transfer-Encoding', b'chunked'), (b'Content-Encoding', b'br'), (b'Content-Type', b'application/json'), (b'Date', b'Wed, 14 Jan 2026 15:03:55 GMT'), (b'Vary', b'accept-encoding, Origin, Access-Control-Request-Method, Access-Control-Request-Headers')])
receive_response_body.started request=<Request [b'GET']>
receive_response_body.complete
response_closed.started
receive_response_headers.complete return_value=(b'HTTP/1.1', 200, b'OK', [(b'Connection', b'close'), (b'Transfer-Encoding', b'chunked'), (b'Content-Encoding', b'br'), (b'Content-Type', b'application/json'), (b'Date', b'Wed, 14 Jan 2026 15:03:55 GMT'), (b'Vary', b'accept-encoding, Origin, Access-Control-Request-Method, Access-Control-Request-Headers')])
receive_response_body.started request=<Request [b'GET']>
receive_response_body.complete
response_closed.started
receive_response_body.complete
response_closed.started
response_closed.complete
receive_response_headers.complete return_value=(b'HTTP/1.1', 200, b'OK', [(b'Connection', b'close'), (b'Transfer-Encoding', b'chunked'), (b'Content-Encoding', b'br'), (b'Content-Type', b'application/json'), (b'Date', b'Wed, 14 Jan 2026 15:03:55 GMT'), (b'Vary', b'accept-encoding, Origin, Access-Control-Request-Method, Access-Control-Request-Headers')])
receive_response_body.started request=<Request [b'GET']>
receive_response_body.complete
response_closed.started
receive_response_headers.complete return_value=(b'HTTP/1.1', 200, b'OK', [(b'Connection', b'close'), (b'Transfer-Encoding', b'chunked'), (b'Content-Encoding', b'br'), (b'Content-Type', b'application/json'), (b'Date', b'Wed, 14 Jan 2026 15:03:55 GMT'), (b'Vary', b'accept-encoding, Origin, Access-Control-Request-Method, Access-Control-Request-Headers')])
receive_response_body.started request=<Request [b'GET']>
receive_response_body.complete
response_closed.started
receive_response_headers.complete return_value=(b'HTTP/1.1', 200, b'OK', [(b'Connection', b'close'), (b'Transfer-Encoding', b'chunked'), (b'Content-Encoding', b'br'), (b'Content-Type', b'application/json'), (b'Date', b'Wed, 14 Jan 2026 15:03:55 GMT'), (b'Vary', b'accept-encoding, Origin, Access-Control-Request-Method, Access-Control-Request-Headers')])
receive_response_body.started request=<Request [b'GET']>
receive_response_body.complete
response_closed.started
receive_response_headers.complete return_value=(b'HTTP/1.1', 200, b'OK', [(b'Connection', b'close'), (b'Transfer-Encoding', b'chunked'), (b'Content-Encoding', b'br'), (b'Content-Type', b'application/json'), (b'Date', b'Wed, 14 Jan 2026 15:03:55 GMT'), (b'Vary', b'accept-encoding, Origin, Access-Control-Request-Method, Access-Control-Request-Headers')])
receive_response_body.started request=<Request [b'GET']>
receive_response_body.complete
response_closed.started
receive_response_headers.complete return_value=(b'HTTP/1.1', 200, b'OK', [(b'Connection', b'close'), (b'Transfer-Encoding', b'chunked'), (b'Content-Encoding', b'br'), (b'Content-Type', b'application/json'), (b'Date', b'Wed, 14 Jan 2026 15:03:55 GMT'), (b'Vary', b'accept-encoding, Origin, Access-Control-Request-Method, Access-Control-Request-Headers')])
receive_response_body.started request=<Request [b'GET']>
receive_response_body.complete
response_closed.started
receive_response_headers.complete return_value=(b'HTTP/1.1', 200, b'OK', [(b'Connection', b'close'), (b'Transfer-Encoding', b'chunked'), (b'Content-Encoding', b'br'), (b'Content-Type', b'application/json'), (b'Date', b'Wed, 14 Jan 2026 15:03:55 GMT'), (b'Vary', b'accept-encoding, Origin, Access-Control-Request-Method, Access-Control-Request-Headers')])
receive_response_body.started request=<Request [b'GET']>
receive_response_body.complete
response_closed.started
connect_tcp.started host='127.0.0.1' port=7890 local_address=None timeout=30.0 socket_options=None
response_closed.complete
response_closed.complete
response_closed.complete
response_closed.complete
response_closed.complete
connect_tcp.started host='127.0.0.1' port=7890 local_address=None timeout=30.0 socket_options=None
connect_tcp.started host='127.0.0.1' port=7890 local_address=None timeout=30.0 socket_options=None
connect_tcp.started host='127.0.0.1' port=7890 local_address=None timeout=30.0 socket_options=None
connect_tcp.started host='127.0.0.1' port=7890 local_address=None timeout=30.0 socket_options=None
connect_tcp.started host='127.0.0.1' port=7890 local_address=None timeout=30.0 socket_options=None
response_closed.complete
response_closed.complete
response_closed.complete
response_closed.complete
response_closed.complete
response_closed.complete
connect_tcp.started host='127.0.0.1' port=7890 local_address=None timeout=30.0 socket_options=None
connect_tcp.started host='127.0.0.1' port=7890 local_address=None timeout=30.0 socket_options=None
connect_tcp.started host='127.0.0.1' port=7890 local_address=None timeout=30.0 socket_options=None
connect_tcp.started host='127.0.0.1' port=7890 local_address=None timeout=30.0 socket_options=None
connect_tcp.started host='127.0.0.1' port=7890 local_address=None timeout=30.0 socket_options=None
connect_tcp.started host='127.0.0.1' port=7890 local_address=None timeout=30.0 socket_options=None
connect_tcp.complete return_value=<httpcore._backends.anyio.AnyIOStream object at 0x117838ad0>
send_request_headers.started request=<Request [b'POST']>
connect_tcp.complete return_value=<httpcore._backends.anyio.AnyIOStream object at 0x110242870>
connect_tcp.complete return_value=<httpcore._backends.anyio.AnyIOStream object at 0x117839910>
connect_tcp.complete return_value=<httpcore._backends.anyio.AnyIOStream object at 0x11783a4b0>
connect_tcp.complete return_value=<httpcore._backends.anyio.AnyIOStream object at 0x11783afc0>
connect_tcp.complete return_value=<httpcore._backends.anyio.AnyIOStream object at 0x11783bb00>
send_request_headers.complete
send_request_body.started request=<Request [b'POST']>
send_request_headers.started request=<Request [b'POST']>
send_request_headers.started request=<Request [b'POST']>
send_request_headers.started request=<Request [b'POST']>
send_request_headers.started request=<Request [b'POST']>
send_request_headers.started request=<Request [b'POST']>
connect_tcp.complete return_value=<httpcore._backends.anyio.AnyIOStream object at 0x11781efc0>
connect_tcp.complete return_value=<httpcore._backends.anyio.AnyIOStream object at 0x1102dc2c0>
connect_tcp.complete return_value=<httpcore._backends.anyio.AnyIOStream object at 0x1102fd970>
connect_tcp.complete return_value=<httpcore._backends.anyio.AnyIOStream object at 0x11029e6c0>
connect_tcp.complete return_value=<httpcore._backends.anyio.AnyIOStream object at 0x11029e480>
connect_tcp.complete return_value=<httpcore._backends.anyio.AnyIOStream object at 0x1102c6180>
send_request_body.complete
receive_response_headers.started request=<Request [b'POST']>
send_request_headers.complete
send_request_body.started request=<Request [b'POST']>
send_request_headers.complete
send_request_body.started request=<Request [b'POST']>
send_request_headers.complete
send_request_body.started request=<Request [b'POST']>
send_request_headers.complete
send_request_body.started request=<Request [b'POST']>
send_request_headers.complete
send_request_body.started request=<Request [b'POST']>
send_request_headers.started request=<Request [b'POST']>
send_request_headers.started request=<Request [b'POST']>
send_request_headers.started request=<Request [b'POST']>
send_request_headers.started request=<Request [b'POST']>
send_request_headers.started request=<Request [b'POST']>
send_request_headers.started request=<Request [b'POST']>
send_request_body.complete
receive_response_headers.started request=<Request [b'POST']>
send_request_body.complete
receive_response_headers.started request=<Request [b'POST']>
send_request_body.complete
receive_response_headers.started request=<Request [b'POST']>
send_request_body.complete
receive_response_headers.started request=<Request [b'POST']>
send_request_body.complete
receive_response_headers.started request=<Request [b'POST']>
send_request_headers.complete
send_request_body.started request=<Request [b'POST']>
send_request_headers.complete
send_request_body.started request=<Request [b'POST']>
send_request_headers.complete
send_request_body.started request=<Request [b'POST']>
send_request_headers.complete
send_request_body.started request=<Request [b'POST']>
send_request_headers.complete
send_request_body.started request=<Request [b'POST']>
send_request_headers.complete
send_request_body.started request=<Request [b'POST']>
send_request_body.complete
receive_response_headers.started request=<Request [b'POST']>
send_request_body.complete
receive_response_headers.started request=<Request [b'POST']>
send_request_body.complete
receive_response_headers.started request=<Request [b'POST']>
send_request_body.complete
receive_response_headers.started request=<Request [b'POST']>
send_request_body.complete
receive_response_headers.started request=<Request [b'POST']>
send_request_body.complete
receive_response_headers.started request=<Request [b'POST']>
receive_response_headers.complete return_value=(b'HTTP/1.1', 200, b'OK', [(b'Connection', b'close'), (b'Transfer-Encoding', b'chunked'), (b'Content-Encoding', b'br'), (b'Content-Type', b'application/json'), (b'Date', b'Wed, 14 Jan 2026 15:03:55 GMT'), (b'Vary', b'accept-encoding, Origin, Access-Control-Request-Method, Access-Control-Request-Headers')])
receive_response_body.started request=<Request [b'POST']>
receive_response_body.complete
response_closed.started
receive_response_headers.complete return_value=(b'HTTP/1.1', 200, b'OK', [(b'Connection', b'close'), (b'Transfer-Encoding', b'chunked'), (b'Content-Encoding', b'br'), (b'Content-Type', b'application/json'), (b'Date', b'Wed, 14 Jan 2026 15:03:55 GMT'), (b'Vary', b'accept-encoding, Origin, Access-Control-Request-Method, Access-Control-Request-Headers')])
receive_response_body.started request=<Request [b'POST']>
receive_response_body.complete
response_closed.started
receive_response_headers.complete return_value=(b'HTTP/1.1', 200, b'OK', [(b'Connection', b'close'), (b'Transfer-Encoding', b'chunked'), (b'Content-Encoding', b'br'), (b'Content-Type', b'application/json'), (b'Date', b'Wed, 14 Jan 2026 15:03:55 GMT'), (b'Vary', b'accept-encoding, Origin, Access-Control-Request-Method, Access-Control-Request-Headers')])
receive_response_body.started request=<Request [b'POST']>
receive_response_body.complete
response_closed.started
receive_response_headers.complete return_value=(b'HTTP/1.1', 200, b'OK', [(b'Connection', b'close'), (b'Transfer-Encoding', b'chunked'), (b'Content-Encoding', b'br'), (b'Content-Type', b'application/json'), (b'Date', b'Wed, 14 Jan 2026 15:03:55 GMT'), (b'Vary', b'accept-encoding, Origin, Access-Control-Request-Method, Access-Control-Request-Headers')])
receive_response_body.started request=<Request [b'POST']>
receive_response_body.complete
response_closed.started
receive_response_headers.complete return_value=(b'HTTP/1.1', 200, b'OK', [(b'Connection', b'close'), (b'Transfer-Encoding', b'chunked'), (b'Content-Encoding', b'br'), (b'Content-Type', b'application/json'), (b'Date', b'Wed, 14 Jan 2026 15:03:55 GMT'), (b'Vary', b'accept-encoding, Origin, Access-Control-Request-Method, Access-Control-Request-Headers')])
receive_response_body.started request=<Request [b'POST']>
receive_response_body.complete
response_closed.started
receive_response_headers.complete return_value=(b'HTTP/1.1', 200, b'OK', [(b'Connection', b'close'), (b'Transfer-Encoding', b'chunked'), (b'Content-Encoding', b'br'), (b'Content-Type', b'application/json'), (b'Date', b'Wed, 14 Jan 2026 15:03:55 GMT'), (b'Vary', b'accept-encoding, Origin, Access-Control-Request-Method, Access-Control-Request-Headers')])
receive_response_body.started request=<Request [b'POST']>
receive_response_body.complete
response_closed.started
receive_response_headers.complete return_value=(b'HTTP/1.1', 200, b'OK', [(b'Connection', b'close'), (b'Transfer-Encoding', b'chunked'), (b'Content-Encoding', b'br'), (b'Content-Type', b'application/json'), (b'Date', b'Wed, 14 Jan 2026 15:03:55 GMT'), (b'Vary', b'accept-encoding, Origin, Access-Control-Request-Method, Access-Control-Request-Headers')])
receive_response_body.started request=<Request [b'POST']>
receive_response_body.complete
response_closed.started
receive_response_headers.complete return_value=(b'HTTP/1.1', 200, b'OK', [(b'Connection', b'close'), (b'Transfer-Encoding', b'chunked'), (b'Content-Encoding', b'br'), (b'Content-Type', b'application/json'), (b'Date', b'Wed, 14 Jan 2026 15:03:55 GMT'), (b'Vary', b'accept-encoding, Origin, Access-Control-Request-Method, Access-Control-Request-Headers')])
receive_response_body.started request=<Request [b'POST']>
receive_response_body.complete
response_closed.started
receive_response_headers.complete return_value=(b'HTTP/1.1', 200, b'OK', [(b'Connection', b'close'), (b'Transfer-Encoding', b'chunked'), (b'Content-Encoding', b'br'), (b'Content-Type', b'application/json'), (b'Date', b'Wed, 14 Jan 2026 15:03:55 GMT'), (b'Vary', b'accept-encoding, Origin, Access-Control-Request-Method, Access-Control-Request-Headers')])
receive_response_body.started request=<Request [b'POST']>
receive_response_body.complete
response_closed.started
receive_response_headers.complete return_value=(b'HTTP/1.1', 200, b'OK', [(b'Connection', b'close'), (b'Transfer-Encoding', b'chunked'), (b'Content-Encoding', b'br'), (b'Content-Type', b'application/json'), (b'Date', b'Wed, 14 Jan 2026 15:03:55 GMT'), (b'Vary', b'accept-encoding, Origin, Access-Control-Request-Method, Access-Control-Request-Headers')])
receive_response_body.started request=<Request [b'POST']>
receive_response_body.complete
response_closed.started
response_closed.complete
response_closed.complete
response_closed.complete
response_closed.complete
response_closed.complete
response_closed.complete
response_closed.complete
response_closed.complete
response_closed.complete
response_closed.complete
receive_response_headers.complete return_value=(b'HTTP/1.1', 200, b'OK', [(b'Connection', b'close'), (b'Transfer-Encoding', b'chunked'), (b'Content-Encoding', b'br'), (b'Content-Type', b'application/json'), (b'Date', b'Wed, 14 Jan 2026 15:03:55 GMT'), (b'Vary', b'accept-encoding, Origin, Access-Control-Request-Method, Access-Control-Request-Headers')])
receive_response_body.started request=<Request [b'POST']>
receive_response_body.complete
response_closed.started
receive_response_headers.complete return_value=(b'HTTP/1.1', 200, b'OK', [(b'Connection', b'close'), (b'Transfer-Encoding', b'chunked'), (b'Content-Encoding', b'br'), (b'Content-Type', b'application/json'), (b'Date', b'Wed, 14 Jan 2026 15:03:55 GMT'), (b'Vary', b'accept-encoding, Origin, Access-Control-Request-Method, Access-Control-Request-Headers')])
receive_response_body.started request=<Request [b'POST']>
receive_response_body.complete
response_closed.started
response_closed.complete
response_closed.complete
[2m2026-01-14T15:03:56.143647Z[0m [[32m[1minfo     [0m] [1mrequest_completed             [0m [[0m[1m[34mapp.core.logger_utils[0m][0m [36mclient[0m=[35m127.0.0.1[0m [36mduration_ms[0m=[35m552.01[0m [36menvironment[0m=[35mdevelopment[0m [36mfilename[0m=[35mmain.py[0m [36mfunc_name[0m=[35mlog_requests[0m [36mlineno[0m=[35m132[0m [36mmethod[0m=[35mGET[0m [36mmodule[0m=[35mmain[0m [36mpath[0m=[35m/api/v1/knowledge/stats[0m [36mpathname[0m=[35m/Users/apple/PycharmProjects/Bank-copilot/app/main.py[0m [36mrequest_id[0m=[35m266b9c8c-d4cc-4112-9244-af6cb45b274b[0m [36mstatus_code[0m=[35m200[0m
INFO:     127.0.0.1:55015 - "GET /api/v1/knowledge/stats HTTP/1.1" 200 OK
[2m2026-01-14T15:03:56.144048Z[0m [[32m[1minfo     [0m] [1mrequest_completed             [0m [[0m[1m[34mapp.core.logger_utils[0m][0m [36mclient[0m=[35m127.0.0.1[0m [36mduration_ms[0m=[35m552.66[0m [36menvironment[0m=[35mdevelopment[0m [36mfilename[0m=[35mmain.py[0m [36mfunc_name[0m=[35mlog_requests[0m [36mlineno[0m=[35m132[0m [36mmethod[0m=[35mGET[0m [36mmodule[0m=[35mmain[0m [36mpath[0m=[35m/api/v1/knowledge/collections[0m [36mpathname[0m=[35m/Users/apple/PycharmProjects/Bank-copilot/app/main.py[0m [36mrequest_id[0m=[35mafef12af-091d-4888-9eac-db11bb5b6527[0m [36mstatus_code[0m=[35m200[0m
INFO:     127.0.0.1:55013 - "GET /api/v1/knowledge/collections HTTP/1.1" 200 OK
connect_tcp.started host='127.0.0.1' port=7890 local_address=None timeout=30.0 socket_options=None
connect_tcp.started host='127.0.0.1' port=7890 local_address=None timeout=30.0 socket_options=None
connect_tcp.complete return_value=<httpcore._backends.anyio.AnyIOStream object at 0x11029e8d0>
send_request_headers.started request=<Request [b'GET']>
send_request_headers.complete
send_request_body.started request=<Request [b'GET']>
send_request_body.complete
receive_response_headers.started request=<Request [b'GET']>
connect_tcp.complete return_value=<httpcore._backends.anyio.AnyIOStream object at 0x11029d3d0>
send_request_headers.started request=<Request [b'GET']>
send_request_headers.complete
send_request_body.started request=<Request [b'GET']>
send_request_body.complete
receive_response_headers.started request=<Request [b'GET']>
receive_response_headers.complete return_value=(b'HTTP/1.1', 200, b'OK', [(b'Connection', b'close'), (b'Transfer-Encoding', b'chunked'), (b'Content-Encoding', b'br'), (b'Content-Type', b'application/json'), (b'Date', b'Wed, 14 Jan 2026 15:03:55 GMT'), (b'Vary', b'accept-encoding, Origin, Access-Control-Request-Method, Access-Control-Request-Headers')])
receive_response_body.started request=<Request [b'GET']>
receive_response_headers.complete return_value=(b'HTTP/1.1', 200, b'OK', [(b'Connection', b'close'), (b'Transfer-Encoding', b'chunked'), (b'Content-Encoding', b'br'), (b'Content-Type', b'application/json'), (b'Date', b'Wed, 14 Jan 2026 15:03:55 GMT'), (b'Vary', b'accept-encoding, Origin, Access-Control-Request-Method, Access-Control-Request-Headers')])
receive_response_body.started request=<Request [b'GET']>
receive_response_body.complete
response_closed.started
receive_response_body.complete
response_closed.started
response_closed.complete
response_closed.complete
connect_tcp.started host='127.0.0.1' port=7890 local_address=None timeout=30.0 socket_options=None
connect_tcp.started host='127.0.0.1' port=7890 local_address=None timeout=30.0 socket_options=None
connect_tcp.started host='127.0.0.1' port=7890 local_address=None timeout=30.0 socket_options=None
connect_tcp.started host='127.0.0.1' port=7890 local_address=None timeout=30.0 socket_options=None
connect_tcp.started host='127.0.0.1' port=7890 local_address=None timeout=30.0 socket_options=None
connect_tcp.started host='127.0.0.1' port=7890 local_address=None timeout=30.0 socket_options=None
connect_tcp.started host='127.0.0.1' port=7890 local_address=None timeout=30.0 socket_options=None
connect_tcp.started host='127.0.0.1' port=7890 local_address=None timeout=30.0 socket_options=None
connect_tcp.started host='127.0.0.1' port=7890 local_address=None timeout=30.0 socket_options=None
connect_tcp.started host='127.0.0.1' port=7890 local_address=None timeout=30.0 socket_options=None
connect_tcp.started host='127.0.0.1' port=7890 local_address=None timeout=30.0 socket_options=None
connect_tcp.started host='127.0.0.1' port=7890 local_address=None timeout=30.0 socket_options=None
connect_tcp.complete return_value=<httpcore._backends.anyio.AnyIOStream object at 0x1102fc350>
connect_tcp.complete return_value=<httpcore._backends.anyio.AnyIOStream object at 0x1102ffc80>
connect_tcp.complete return_value=<httpcore._backends.anyio.AnyIOStream object at 0x1102fe1e0>
connect_tcp.complete return_value=<httpcore._backends.anyio.AnyIOStream object at 0x1102fed20>
connect_tcp.complete return_value=<httpcore._backends.anyio.AnyIOStream object at 0x1102e3410>
connect_tcp.complete return_value=<httpcore._backends.anyio.AnyIOStream object at 0x11783a9c0>
connect_tcp.complete return_value=<httpcore._backends.anyio.AnyIOStream object at 0x1102fe570>
connect_tcp.complete return_value=<httpcore._backends.anyio.AnyIOStream object at 0x1102fdf40>
connect_tcp.complete return_value=<httpcore._backends.anyio.AnyIOStream object at 0x1102fdc40>
send_request_headers.started request=<Request [b'GET']>
send_request_headers.started request=<Request [b'GET']>
send_request_headers.started request=<Request [b'GET']>
send_request_headers.started request=<Request [b'GET']>
send_request_headers.started request=<Request [b'GET']>
send_request_headers.started request=<Request [b'GET']>
send_request_headers.started request=<Request [b'GET']>
send_request_headers.started request=<Request [b'GET']>
send_request_headers.started request=<Request [b'GET']>
connect_tcp.complete return_value=<httpcore._backends.anyio.AnyIOStream object at 0x1102fe150>
send_request_headers.complete
send_request_body.started request=<Request [b'GET']>
send_request_body.complete
receive_response_headers.started request=<Request [b'GET']>
send_request_headers.complete
send_request_body.started request=<Request [b'GET']>
send_request_body.complete
receive_response_headers.started request=<Request [b'GET']>
send_request_headers.complete
send_request_body.started request=<Request [b'GET']>
send_request_body.complete
receive_response_headers.started request=<Request [b'GET']>
send_request_headers.complete
send_request_body.started request=<Request [b'GET']>
send_request_body.complete
receive_response_headers.started request=<Request [b'GET']>
send_request_headers.complete
send_request_body.started request=<Request [b'GET']>
send_request_body.complete
receive_response_headers.started request=<Request [b'GET']>
send_request_headers.complete
send_request_body.started request=<Request [b'GET']>
send_request_body.complete
receive_response_headers.started request=<Request [b'GET']>
send_request_headers.complete
send_request_body.started request=<Request [b'GET']>
send_request_body.complete
receive_response_headers.started request=<Request [b'GET']>
send_request_headers.complete
send_request_body.started request=<Request [b'GET']>
send_request_body.complete
receive_response_headers.started request=<Request [b'GET']>
send_request_headers.complete
send_request_body.started request=<Request [b'GET']>
send_request_body.complete
receive_response_headers.started request=<Request [b'GET']>
send_request_headers.started request=<Request [b'GET']>
connect_tcp.complete return_value=<httpcore._backends.anyio.AnyIOStream object at 0x11029e2d0>
connect_tcp.complete return_value=<httpcore._backends.anyio.AnyIOStream object at 0x1101f2b40>
send_request_headers.complete
send_request_body.started request=<Request [b'GET']>
send_request_body.complete
receive_response_headers.started request=<Request [b'GET']>
send_request_headers.started request=<Request [b'GET']>
send_request_headers.started request=<Request [b'GET']>
send_request_headers.complete
send_request_body.started request=<Request [b'GET']>
send_request_body.complete
receive_response_headers.started request=<Request [b'GET']>
send_request_headers.complete
send_request_body.started request=<Request [b'GET']>
send_request_body.complete
receive_response_headers.started request=<Request [b'GET']>
receive_response_headers.complete return_value=(b'HTTP/1.1', 200, b'OK', [(b'Connection', b'close'), (b'Transfer-Encoding', b'chunked'), (b'Content-Encoding', b'br'), (b'Content-Type', b'application/json'), (b'Date', b'Wed, 14 Jan 2026 15:03:55 GMT'), (b'Vary', b'accept-encoding, Origin, Access-Control-Request-Method, Access-Control-Request-Headers')])
receive_response_body.started request=<Request [b'GET']>
receive_response_headers.complete return_value=(b'HTTP/1.1', 200, b'OK', [(b'Connection', b'close'), (b'Transfer-Encoding', b'chunked'), (b'Content-Encoding', b'br'), (b'Content-Type', b'application/json'), (b'Date', b'Wed, 14 Jan 2026 15:03:55 GMT'), (b'Vary', b'accept-encoding, Origin, Access-Control-Request-Method, Access-Control-Request-Headers')])
receive_response_body.started request=<Request [b'GET']>
receive_response_body.complete
response_closed.started
receive_response_headers.complete return_value=(b'HTTP/1.1', 200, b'OK', [(b'Connection', b'close'), (b'Transfer-Encoding', b'chunked'), (b'Content-Encoding', b'br'), (b'Content-Type', b'application/json'), (b'Date', b'Wed, 14 Jan 2026 15:03:55 GMT'), (b'Vary', b'accept-encoding, Origin, Access-Control-Request-Method, Access-Control-Request-Headers')])
receive_response_body.started request=<Request [b'GET']>
receive_response_body.complete
response_closed.started
receive_response_body.complete
response_closed.started
response_closed.complete
response_closed.complete
response_closed.complete
receive_response_headers.complete return_value=(b'HTTP/1.1', 200, b'OK', [(b'Connection', b'close'), (b'Transfer-Encoding', b'chunked'), (b'Content-Encoding', b'br'), (b'Content-Type', b'application/json'), (b'Date', b'Wed, 14 Jan 2026 15:03:55 GMT'), (b'Vary', b'accept-encoding, Origin, Access-Control-Request-Method, Access-Control-Request-Headers')])
receive_response_body.started request=<Request [b'GET']>
receive_response_body.complete
response_closed.started
connect_tcp.started host='127.0.0.1' port=7890 local_address=None timeout=30.0 socket_options=None
connect_tcp.started host='127.0.0.1' port=7890 local_address=None timeout=30.0 socket_options=None
connect_tcp.started host='127.0.0.1' port=7890 local_address=None timeout=30.0 socket_options=None
response_closed.complete
receive_response_headers.complete return_value=(b'HTTP/1.1', 200, b'OK', [(b'Connection', b'close'), (b'Transfer-Encoding', b'chunked'), (b'Content-Encoding', b'br'), (b'Content-Type', b'application/json'), (b'Date', b'Wed, 14 Jan 2026 15:03:55 GMT'), (b'Vary', b'accept-encoding, Origin, Access-Control-Request-Method, Access-Control-Request-Headers')])
receive_response_body.started request=<Request [b'GET']>
receive_response_body.complete
response_closed.started
receive_response_headers.complete return_value=(b'HTTP/1.1', 200, b'OK', [(b'Connection', b'close'), (b'Transfer-Encoding', b'chunked'), (b'Content-Encoding', b'br'), (b'Content-Type', b'application/json'), (b'Date', b'Wed, 14 Jan 2026 15:03:55 GMT'), (b'Vary', b'accept-encoding, Origin, Access-Control-Request-Method, Access-Control-Request-Headers')])
receive_response_body.started request=<Request [b'GET']>
receive_response_body.complete
response_closed.started
receive_response_headers.complete return_value=(b'HTTP/1.1', 200, b'OK', [(b'Connection', b'close'), (b'Transfer-Encoding', b'chunked'), (b'Content-Encoding', b'br'), (b'Content-Type', b'application/json'), (b'Date', b'Wed, 14 Jan 2026 15:03:55 GMT'), (b'Vary', b'accept-encoding, Origin, Access-Control-Request-Method, Access-Control-Request-Headers')])
receive_response_body.started request=<Request [b'GET']>
receive_response_body.complete
response_closed.started
receive_response_headers.complete return_value=(b'HTTP/1.1', 200, b'OK', [(b'Connection', b'close'), (b'Transfer-Encoding', b'chunked'), (b'Content-Encoding', b'br'), (b'Content-Type', b'application/json'), (b'Date', b'Wed, 14 Jan 2026 15:03:55 GMT'), (b'Vary', b'accept-encoding, Origin, Access-Control-Request-Method, Access-Control-Request-Headers')])
receive_response_body.started request=<Request [b'GET']>
receive_response_body.complete
response_closed.started
receive_response_headers.complete return_value=(b'HTTP/1.1', 200, b'OK', [(b'Connection', b'close'), (b'Transfer-Encoding', b'chunked'), (b'Content-Encoding', b'br'), (b'Content-Type', b'application/json'), (b'Date', b'Wed, 14 Jan 2026 15:03:55 GMT'), (b'Vary', b'accept-encoding, Origin, Access-Control-Request-Method, Access-Control-Request-Headers')])
receive_response_body.started request=<Request [b'GET']>
receive_response_body.complete
response_closed.started
receive_response_headers.complete return_value=(b'HTTP/1.1', 200, b'OK', [(b'Connection', b'close'), (b'Transfer-Encoding', b'chunked'), (b'Content-Encoding', b'br'), (b'Content-Type', b'application/json'), (b'Date', b'Wed, 14 Jan 2026 15:03:55 GMT'), (b'Vary', b'accept-encoding, Origin, Access-Control-Request-Method, Access-Control-Request-Headers')])
receive_response_body.started request=<Request [b'GET']>
receive_response_body.complete
response_closed.started
receive_response_headers.complete return_value=(b'HTTP/1.1', 200, b'OK', [(b'Connection', b'close'), (b'Transfer-Encoding', b'chunked'), (b'Content-Encoding', b'br'), (b'Content-Type', b'application/json'), (b'Date', b'Wed, 14 Jan 2026 15:03:55 GMT'), (b'Vary', b'accept-encoding, Origin, Access-Control-Request-Method, Access-Control-Request-Headers')])
receive_response_body.started request=<Request [b'GET']>
receive_response_body.complete
response_closed.started
receive_response_headers.complete return_value=(b'HTTP/1.1', 200, b'OK', [(b'Connection', b'close'), (b'Transfer-Encoding', b'chunked'), (b'Content-Encoding', b'br'), (b'Content-Type', b'application/json'), (b'Date', b'Wed, 14 Jan 2026 15:03:55 GMT'), (b'Vary', b'accept-encoding, Origin, Access-Control-Request-Method, Access-Control-Request-Headers')])
receive_response_body.started request=<Request [b'GET']>
receive_response_body.complete
response_closed.started
connect_tcp.started host='127.0.0.1' port=7890 local_address=None timeout=30.0 socket_options=None
response_closed.complete
response_closed.complete
response_closed.complete
response_closed.complete
response_closed.complete
response_closed.complete
response_closed.complete
response_closed.complete
connect_tcp.started host='127.0.0.1' port=7890 local_address=None timeout=30.0 socket_options=None
connect_tcp.started host='127.0.0.1' port=7890 local_address=None timeout=30.0 socket_options=None
connect_tcp.started host='127.0.0.1' port=7890 local_address=None timeout=30.0 socket_options=None
connect_tcp.started host='127.0.0.1' port=7890 local_address=None timeout=30.0 socket_options=None
connect_tcp.started host='127.0.0.1' port=7890 local_address=None timeout=30.0 socket_options=None
connect_tcp.started host='127.0.0.1' port=7890 local_address=None timeout=30.0 socket_options=None
connect_tcp.started host='127.0.0.1' port=7890 local_address=None timeout=30.0 socket_options=None
connect_tcp.started host='127.0.0.1' port=7890 local_address=None timeout=30.0 socket_options=None
connect_tcp.complete return_value=<httpcore._backends.anyio.AnyIOStream object at 0x117812300>
connect_tcp.complete return_value=<httpcore._backends.anyio.AnyIOStream object at 0x11781d6a0>
connect_tcp.complete return_value=<httpcore._backends.anyio.AnyIOStream object at 0x1102b9a00>
send_request_headers.started request=<Request [b'POST']>
send_request_headers.started request=<Request [b'POST']>
send_request_headers.started request=<Request [b'POST']>
send_request_headers.complete
send_request_body.started request=<Request [b'POST']>
send_request_headers.complete
send_request_body.started request=<Request [b'POST']>
send_request_headers.complete
send_request_body.started request=<Request [b'POST']>
connect_tcp.complete return_value=<httpcore._backends.anyio.AnyIOStream object at 0x1102c6990>
send_request_body.complete
receive_response_headers.started request=<Request [b'POST']>
send_request_body.complete
receive_response_headers.started request=<Request [b'POST']>
send_request_body.complete
receive_response_headers.started request=<Request [b'POST']>
send_request_headers.started request=<Request [b'POST']>
send_request_headers.complete
send_request_body.started request=<Request [b'POST']>
connect_tcp.complete return_value=<httpcore._backends.anyio.AnyIOStream object at 0x1102fdac0>
connect_tcp.complete return_value=<httpcore._backends.anyio.AnyIOStream object at 0x1102c6510>
connect_tcp.complete return_value=<httpcore._backends.anyio.AnyIOStream object at 0x1102fc2f0>
connect_tcp.complete return_value=<httpcore._backends.anyio.AnyIOStream object at 0x1102fc7d0>
connect_tcp.complete return_value=<httpcore._backends.anyio.AnyIOStream object at 0x11781c8f0>
connect_tcp.complete return_value=<httpcore._backends.anyio.AnyIOStream object at 0x1102c48f0>
connect_tcp.complete return_value=<httpcore._backends.anyio.AnyIOStream object at 0x117811550>
connect_tcp.complete return_value=<httpcore._backends.anyio.AnyIOStream object at 0x1102e0800>
send_request_body.complete
receive_response_headers.started request=<Request [b'POST']>
send_request_headers.started request=<Request [b'POST']>
send_request_headers.started request=<Request [b'POST']>
send_request_headers.started request=<Request [b'POST']>
send_request_headers.started request=<Request [b'POST']>
send_request_headers.started request=<Request [b'POST']>
send_request_headers.started request=<Request [b'POST']>
send_request_headers.started request=<Request [b'POST']>
send_request_headers.started request=<Request [b'POST']>
send_request_headers.complete
send_request_body.started request=<Request [b'POST']>
send_request_headers.complete
send_request_body.started request=<Request [b'POST']>
send_request_headers.complete
send_request_body.started request=<Request [b'POST']>
send_request_headers.complete
send_request_body.started request=<Request [b'POST']>
send_request_headers.complete
send_request_body.started request=<Request [b'POST']>
send_request_headers.complete
send_request_body.started request=<Request [b'POST']>
send_request_headers.complete
send_request_body.started request=<Request [b'POST']>
send_request_headers.complete
send_request_body.started request=<Request [b'POST']>
send_request_body.complete
receive_response_headers.started request=<Request [b'POST']>
send_request_body.complete
receive_response_headers.started request=<Request [b'POST']>
send_request_body.complete
receive_response_headers.started request=<Request [b'POST']>
send_request_body.complete
receive_response_headers.started request=<Request [b'POST']>
send_request_body.complete
receive_response_headers.started request=<Request [b'POST']>
send_request_body.complete
receive_response_headers.started request=<Request [b'POST']>
send_request_body.complete
receive_response_headers.started request=<Request [b'POST']>
send_request_body.complete
receive_response_headers.started request=<Request [b'POST']>
receive_response_headers.complete return_value=(b'HTTP/1.1', 200, b'OK', [(b'Connection', b'close'), (b'Transfer-Encoding', b'chunked'), (b'Content-Encoding', b'br'), (b'Content-Type', b'application/json'), (b'Date', b'Wed, 14 Jan 2026 15:03:56 GMT'), (b'Vary', b'accept-encoding, Origin, Access-Control-Request-Method, Access-Control-Request-Headers')])
receive_response_body.started request=<Request [b'POST']>
receive_response_body.complete
response_closed.started
response_closed.complete
receive_response_headers.complete return_value=(b'HTTP/1.1', 200, b'OK', [(b'Connection', b'close'), (b'Transfer-Encoding', b'chunked'), (b'Content-Encoding', b'br'), (b'Content-Type', b'application/json'), (b'Date', b'Wed, 14 Jan 2026 15:03:56 GMT'), (b'Vary', b'accept-encoding, Origin, Access-Control-Request-Method, Access-Control-Request-Headers')])
receive_response_body.started request=<Request [b'POST']>
receive_response_headers.complete return_value=(b'HTTP/1.1', 200, b'OK', [(b'Connection', b'close'), (b'Transfer-Encoding', b'chunked'), (b'Content-Encoding', b'br'), (b'Content-Type', b'application/json'), (b'Date', b'Wed, 14 Jan 2026 15:03:56 GMT'), (b'Vary', b'accept-encoding, Origin, Access-Control-Request-Method, Access-Control-Request-Headers')])
receive_response_body.started request=<Request [b'POST']>
receive_response_body.complete
response_closed.started
receive_response_headers.complete return_value=(b'HTTP/1.1', 200, b'OK', [(b'Connection', b'close'), (b'Transfer-Encoding', b'chunked'), (b'Content-Encoding', b'br'), (b'Content-Type', b'application/json'), (b'Date', b'Wed, 14 Jan 2026 15:03:56 GMT'), (b'Vary', b'accept-encoding, Origin, Access-Control-Request-Method, Access-Control-Request-Headers')])
receive_response_body.started request=<Request [b'POST']>
receive_response_body.complete
response_closed.started
receive_response_body.complete
response_closed.started
response_closed.complete
response_closed.complete
response_closed.complete
receive_response_headers.complete return_value=(b'HTTP/1.1', 200, b'OK', [(b'Connection', b'close'), (b'Transfer-Encoding', b'chunked'), (b'Content-Encoding', b'br'), (b'Content-Type', b'application/json'), (b'Date', b'Wed, 14 Jan 2026 15:03:56 GMT'), (b'Vary', b'accept-encoding, Origin, Access-Control-Request-Method, Access-Control-Request-Headers')])
receive_response_body.started request=<Request [b'POST']>
receive_response_body.complete
response_closed.started
receive_response_headers.complete return_value=(b'HTTP/1.1', 200, b'OK', [(b'Connection', b'close'), (b'Transfer-Encoding', b'chunked'), (b'Content-Encoding', b'br'), (b'Content-Type', b'application/json'), (b'Date', b'Wed, 14 Jan 2026 15:03:56 GMT'), (b'Vary', b'accept-encoding, Origin, Access-Control-Request-Method, Access-Control-Request-Headers')])
receive_response_body.started request=<Request [b'POST']>
receive_response_body.complete
response_closed.started
receive_response_headers.complete return_value=(b'HTTP/1.1', 200, b'OK', [(b'Connection', b'close'), (b'Transfer-Encoding', b'chunked'), (b'Content-Encoding', b'br'), (b'Content-Type', b'application/json'), (b'Date', b'Wed, 14 Jan 2026 15:03:56 GMT'), (b'Vary', b'accept-encoding, Origin, Access-Control-Request-Method, Access-Control-Request-Headers')])
receive_response_body.started request=<Request [b'POST']>
receive_response_body.complete
response_closed.started
receive_response_headers.complete return_value=(b'HTTP/1.1', 200, b'OK', [(b'Connection', b'close'), (b'Transfer-Encoding', b'chunked'), (b'Content-Encoding', b'br'), (b'Content-Type', b'application/json'), (b'Date', b'Wed, 14 Jan 2026 15:03:56 GMT'), (b'Vary', b'accept-encoding, Origin, Access-Control-Request-Method, Access-Control-Request-Headers')])
receive_response_body.started request=<Request [b'POST']>
receive_response_body.complete
response_closed.started
response_closed.complete
response_closed.complete
response_closed.complete
response_closed.complete
receive_response_headers.complete return_value=(b'HTTP/1.1', 200, b'OK', [(b'Connection', b'close'), (b'Transfer-Encoding', b'chunked'), (b'Content-Encoding', b'br'), (b'Content-Type', b'application/json'), (b'Date', b'Wed, 14 Jan 2026 15:03:56 GMT'), (b'Vary', b'accept-encoding, Origin, Access-Control-Request-Method, Access-Control-Request-Headers')])
receive_response_body.started request=<Request [b'POST']>
receive_response_body.complete
response_closed.started
receive_response_headers.complete return_value=(b'HTTP/1.1', 200, b'OK', [(b'Connection', b'close'), (b'Transfer-Encoding', b'chunked'), (b'Content-Encoding', b'br'), (b'Content-Type', b'application/json'), (b'Date', b'Wed, 14 Jan 2026 15:03:56 GMT'), (b'Vary', b'accept-encoding, Origin, Access-Control-Request-Method, Access-Control-Request-Headers')])
receive_response_body.started request=<Request [b'POST']>
receive_response_body.complete
response_closed.started
receive_response_headers.complete return_value=(b'HTTP/1.1', 200, b'OK', [(b'Connection', b'close'), (b'Transfer-Encoding', b'chunked'), (b'Content-Encoding', b'br'), (b'Content-Type', b'application/json'), (b'Date', b'Wed, 14 Jan 2026 15:03:56 GMT'), (b'Vary', b'accept-encoding, Origin, Access-Control-Request-Method, Access-Control-Request-Headers')])
receive_response_body.started request=<Request [b'POST']>
receive_response_body.complete
response_closed.started
receive_response_headers.complete return_value=(b'HTTP/1.1', 200, b'OK', [(b'Connection', b'close'), (b'Transfer-Encoding', b'chunked'), (b'Content-Encoding', b'br'), (b'Content-Type', b'application/json'), (b'Date', b'Wed, 14 Jan 2026 15:03:56 GMT'), (b'Vary', b'accept-encoding, Origin, Access-Control-Request-Method, Access-Control-Request-Headers')])
receive_response_body.started request=<Request [b'POST']>
receive_response_body.complete
response_closed.started
response_closed.complete
response_closed.complete
response_closed.complete
response_closed.complete
[2m2026-01-14T15:03:56.558869Z[0m [[32m[1minfo     [0m] [1mrequest_completed             [0m [[0m[1m[34mapp.core.logger_utils[0m][0m [36mclient[0m=[35m127.0.0.1[0m [36mduration_ms[0m=[35m399.67[0m [36menvironment[0m=[35mdevelopment[0m [36mfilename[0m=[35mmain.py[0m [36mfunc_name[0m=[35mlog_requests[0m [36mlineno[0m=[35m132[0m [36mmethod[0m=[35mGET[0m [36mmodule[0m=[35mmain[0m [36mpath[0m=[35m/api/v1/knowledge/collections[0m [36mpathname[0m=[35m/Users/apple/PycharmProjects/Bank-copilot/app/main.py[0m [36mrequest_id[0m=[35m6b74467e-c69d-4f22-83fa-3f4f9763e0c4[0m [36mstatus_code[0m=[35m200[0m
INFO:     127.0.0.1:55073 - "GET /api/v1/knowledge/collections HTTP/1.1" 200 OK
[2m2026-01-14T15:03:56.559248Z[0m [[32m[1minfo     [0m] [1mrequest_completed             [0m [[0m[1m[34mapp.core.logger_utils[0m][0m [36mclient[0m=[35m127.0.0.1[0m [36mduration_ms[0m=[35m413.04[0m [36menvironment[0m=[35mdevelopment[0m [36mfilename[0m=[35mmain.py[0m [36mfunc_name[0m=[35mlog_requests[0m [36mlineno[0m=[35m132[0m [36mmethod[0m=[35mGET[0m [36mmodule[0m=[35mmain[0m [36mpath[0m=[35m/api/v1/knowledge/stats[0m [36mpathname[0m=[35m/Users/apple/PycharmProjects/Bank-copilot/app/main.py[0m [36mrequest_id[0m=[35mdc971716-29d7-4cc4-83a4-646d40b262f0[0m [36mstatus_code[0m=[35m200[0m
INFO:     127.0.0.1:55072 - "GET /api/v1/knowledge/stats HTTP/1.1" 200 OK
connect_tcp.started host='127.0.0.1' port=7890 local_address=None timeout=30.0 socket_options=None
connect_tcp.complete return_value=<httpcore._backends.anyio.AnyIOStream object at 0x1102c6cf0>
send_request_headers.started request=<Request [b'GET']>
send_request_headers.complete
send_request_body.started request=<Request [b'GET']>
send_request_body.complete
receive_response_headers.started request=<Request [b'GET']>
receive_response_headers.complete return_value=(b'HTTP/1.1', 200, b'OK', [(b'Connection', b'close'), (b'Transfer-Encoding', b'chunked'), (b'Content-Encoding', b'br'), (b'Content-Type', b'application/json'), (b'Date', b'Wed, 14 Jan 2026 15:03:57 GMT'), (b'Vary', b'accept-encoding, Origin, Access-Control-Request-Method, Access-Control-Request-Headers')])
receive_response_body.started request=<Request [b'GET']>
receive_response_body.complete
response_closed.started
response_closed.complete
connect_tcp.started host='127.0.0.1' port=7890 local_address=None timeout=30.0 socket_options=None
connect_tcp.started host='127.0.0.1' port=7890 local_address=None timeout=30.0 socket_options=None
connect_tcp.started host='127.0.0.1' port=7890 local_address=None timeout=30.0 socket_options=None
connect_tcp.started host='127.0.0.1' port=7890 local_address=None timeout=30.0 socket_options=None
connect_tcp.started host='127.0.0.1' port=7890 local_address=None timeout=30.0 socket_options=None
connect_tcp.started host='127.0.0.1' port=7890 local_address=None timeout=30.0 socket_options=None
connect_tcp.complete return_value=<httpcore._backends.anyio.AnyIOStream object at 0x1102b82c0>
connect_tcp.complete return_value=<httpcore._backends.anyio.AnyIOStream object at 0x1102667e0>
connect_tcp.complete return_value=<httpcore._backends.anyio.AnyIOStream object at 0x117839370>
connect_tcp.complete return_value=<httpcore._backends.anyio.AnyIOStream object at 0x11029fdd0>
send_request_headers.started request=<Request [b'GET']>
send_request_headers.started request=<Request [b'GET']>
send_request_headers.started request=<Request [b'GET']>
send_request_headers.started request=<Request [b'GET']>
connect_tcp.complete return_value=<httpcore._backends.anyio.AnyIOStream object at 0x1102ba360>
connect_tcp.complete return_value=<httpcore._backends.anyio.AnyIOStream object at 0x11783a2a0>
send_request_headers.complete
send_request_body.started request=<Request [b'GET']>
send_request_body.complete
receive_response_headers.started request=<Request [b'GET']>
send_request_headers.complete
send_request_body.started request=<Request [b'GET']>
send_request_body.complete
receive_response_headers.started request=<Request [b'GET']>
send_request_headers.complete
send_request_body.started request=<Request [b'GET']>
send_request_body.complete
receive_response_headers.started request=<Request [b'GET']>
send_request_headers.complete
send_request_body.started request=<Request [b'GET']>
send_request_body.complete
receive_response_headers.started request=<Request [b'GET']>
send_request_headers.started request=<Request [b'GET']>
send_request_headers.started request=<Request [b'GET']>
send_request_headers.complete
send_request_body.started request=<Request [b'GET']>
send_request_body.complete
receive_response_headers.started request=<Request [b'GET']>
send_request_headers.complete
send_request_body.started request=<Request [b'GET']>
send_request_body.complete
receive_response_headers.started request=<Request [b'GET']>
receive_response_headers.complete return_value=(b'HTTP/1.1', 200, b'OK', [(b'Connection', b'close'), (b'Transfer-Encoding', b'chunked'), (b'Content-Encoding', b'br'), (b'Content-Type', b'application/json'), (b'Date', b'Wed, 14 Jan 2026 15:03:57 GMT'), (b'Vary', b'accept-encoding, Origin, Access-Control-Request-Method, Access-Control-Request-Headers')])
receive_response_body.started request=<Request [b'GET']>
receive_response_body.complete
response_closed.started
receive_response_headers.complete return_value=(b'HTTP/1.1', 200, b'OK', [(b'Connection', b'close'), (b'Transfer-Encoding', b'chunked'), (b'Content-Encoding', b'br'), (b'Content-Type', b'application/json'), (b'Date', b'Wed, 14 Jan 2026 15:03:57 GMT'), (b'Vary', b'accept-encoding, Origin, Access-Control-Request-Method, Access-Control-Request-Headers')])
receive_response_body.started request=<Request [b'GET']>
receive_response_body.complete
response_closed.started
receive_response_headers.complete return_value=(b'HTTP/1.1', 200, b'OK', [(b'Connection', b'close'), (b'Transfer-Encoding', b'chunked'), (b'Content-Encoding', b'br'), (b'Content-Type', b'application/json'), (b'Date', b'Wed, 14 Jan 2026 15:03:57 GMT'), (b'Vary', b'accept-encoding, Origin, Access-Control-Request-Method, Access-Control-Request-Headers')])
receive_response_body.started request=<Request [b'GET']>
receive_response_body.complete
response_closed.started
receive_response_headers.complete return_value=(b'HTTP/1.1', 200, b'OK', [(b'Connection', b'close'), (b'Transfer-Encoding', b'chunked'), (b'Content-Encoding', b'br'), (b'Content-Type', b'application/json'), (b'Date', b'Wed, 14 Jan 2026 15:03:57 GMT'), (b'Vary', b'accept-encoding, Origin, Access-Control-Request-Method, Access-Control-Request-Headers')])
receive_response_body.started request=<Request [b'GET']>
receive_response_body.complete
response_closed.started
receive_response_headers.complete return_value=(b'HTTP/1.1', 200, b'OK', [(b'Connection', b'close'), (b'Transfer-Encoding', b'chunked'), (b'Content-Encoding', b'br'), (b'Content-Type', b'application/json'), (b'Date', b'Wed, 14 Jan 2026 15:03:57 GMT'), (b'Vary', b'accept-encoding, Origin, Access-Control-Request-Method, Access-Control-Request-Headers')])
receive_response_body.started request=<Request [b'GET']>
receive_response_body.complete
response_closed.started
response_closed.complete
response_closed.complete
connect_tcp.started host='127.0.0.1' port=7890 local_address=None timeout=30.0 socket_options=None
connect_tcp.started host='127.0.0.1' port=7890 local_address=None timeout=30.0 socket_options=None
response_closed.complete
response_closed.complete
response_closed.complete
receive_response_headers.complete return_value=(b'HTTP/1.1', 200, b'OK', [(b'Connection', b'close'), (b'Transfer-Encoding', b'chunked'), (b'Content-Encoding', b'br'), (b'Content-Type', b'application/json'), (b'Date', b'Wed, 14 Jan 2026 15:03:57 GMT'), (b'Vary', b'accept-encoding, Origin, Access-Control-Request-Method, Access-Control-Request-Headers')])
receive_response_body.started request=<Request [b'GET']>
receive_response_body.complete
response_closed.started
connect_tcp.started host='127.0.0.1' port=7890 local_address=None timeout=30.0 socket_options=None
connect_tcp.started host='127.0.0.1' port=7890 local_address=None timeout=30.0 socket_options=None
connect_tcp.started host='127.0.0.1' port=7890 local_address=None timeout=30.0 socket_options=None
response_closed.complete
connect_tcp.started host='127.0.0.1' port=7890 local_address=None timeout=30.0 socket_options=None
connect_tcp.complete return_value=<httpcore._backends.anyio.AnyIOStream object at 0x1102fccb0>
connect_tcp.complete return_value=<httpcore._backends.anyio.AnyIOStream object at 0x1102feae0>
send_request_headers.started request=<Request [b'POST']>
send_request_headers.started request=<Request [b'POST']>
connect_tcp.complete return_value=<httpcore._backends.anyio.AnyIOStream object at 0x117810cb0>
connect_tcp.complete return_value=<httpcore._backends.anyio.AnyIOStream object at 0x117812090>
connect_tcp.complete return_value=<httpcore._backends.anyio.AnyIOStream object at 0x117810200>
send_request_headers.complete
send_request_body.started request=<Request [b'POST']>
send_request_headers.complete
send_request_body.started request=<Request [b'POST']>
send_request_headers.started request=<Request [b'POST']>
send_request_headers.started request=<Request [b'POST']>
send_request_headers.started request=<Request [b'POST']>
send_request_body.complete
receive_response_headers.started request=<Request [b'POST']>
send_request_body.complete
receive_response_headers.started request=<Request [b'POST']>
send_request_headers.complete
send_request_body.started request=<Request [b'POST']>
send_request_headers.complete
send_request_body.started request=<Request [b'POST']>
send_request_headers.complete
send_request_body.started request=<Request [b'POST']>
connect_tcp.complete return_value=<httpcore._backends.anyio.AnyIOStream object at 0x1102feea0>
send_request_body.complete
receive_response_headers.started request=<Request [b'POST']>
send_request_body.complete
receive_response_headers.started request=<Request [b'POST']>
send_request_body.complete
receive_response_headers.started request=<Request [b'POST']>
send_request_headers.started request=<Request [b'POST']>
send_request_headers.complete
send_request_body.started request=<Request [b'POST']>
send_request_body.complete
receive_response_headers.started request=<Request [b'POST']>
receive_response_headers.complete return_value=(b'HTTP/1.1', 200, b'OK', [(b'Connection', b'close'), (b'Transfer-Encoding', b'chunked'), (b'Content-Encoding', b'br'), (b'Content-Type', b'application/json'), (b'Date', b'Wed, 14 Jan 2026 15:03:57 GMT'), (b'Vary', b'accept-encoding, Origin, Access-Control-Request-Method, Access-Control-Request-Headers')])
receive_response_body.started request=<Request [b'POST']>
receive_response_body.complete
response_closed.started
receive_response_headers.complete return_value=(b'HTTP/1.1', 200, b'OK', [(b'Connection', b'close'), (b'Transfer-Encoding', b'chunked'), (b'Content-Encoding', b'br'), (b'Content-Type', b'application/json'), (b'Date', b'Wed, 14 Jan 2026 15:03:57 GMT'), (b'Vary', b'accept-encoding, Origin, Access-Control-Request-Method, Access-Control-Request-Headers')])
receive_response_body.started request=<Request [b'POST']>
receive_response_body.complete
response_closed.started
response_closed.complete
response_closed.complete
receive_response_headers.complete return_value=(b'HTTP/1.1', 200, b'OK', [(b'Connection', b'close'), (b'Transfer-Encoding', b'chunked'), (b'Content-Encoding', b'br'), (b'Content-Type', b'application/json'), (b'Date', b'Wed, 14 Jan 2026 15:03:57 GMT'), (b'Vary', b'accept-encoding, Origin, Access-Control-Request-Method, Access-Control-Request-Headers')])
receive_response_body.started request=<Request [b'POST']>
receive_response_body.complete
response_closed.started
receive_response_headers.complete return_value=(b'HTTP/1.1', 200, b'OK', [(b'Connection', b'close'), (b'Transfer-Encoding', b'chunked'), (b'Content-Encoding', b'br'), (b'Content-Type', b'application/json'), (b'Date', b'Wed, 14 Jan 2026 15:03:57 GMT'), (b'Vary', b'accept-encoding, Origin, Access-Control-Request-Method, Access-Control-Request-Headers')])
receive_response_body.started request=<Request [b'POST']>
receive_response_body.complete
response_closed.started
receive_response_headers.complete return_value=(b'HTTP/1.1', 200, b'OK', [(b'Connection', b'close'), (b'Transfer-Encoding', b'chunked'), (b'Content-Encoding', b'br'), (b'Content-Type', b'application/json'), (b'Date', b'Wed, 14 Jan 2026 15:03:57 GMT'), (b'Vary', b'accept-encoding, Origin, Access-Control-Request-Method, Access-Control-Request-Headers')])
receive_response_body.started request=<Request [b'POST']>
receive_response_body.complete
response_closed.started
receive_response_headers.complete return_value=(b'HTTP/1.1', 200, b'OK', [(b'Connection', b'close'), (b'Transfer-Encoding', b'chunked'), (b'Content-Encoding', b'br'), (b'Content-Type', b'application/json'), (b'Date', b'Wed, 14 Jan 2026 15:03:57 GMT'), (b'Vary', b'accept-encoding, Origin, Access-Control-Request-Method, Access-Control-Request-Headers')])
receive_response_body.started request=<Request [b'POST']>
receive_response_body.complete
response_closed.started
response_closed.complete
response_closed.complete
response_closed.complete
response_closed.complete
[2m2026-01-14T15:03:57.837659Z[0m [[32m[1minfo     [0m] [1mrequest_completed             [0m [[0m[1m[34mapp.core.logger_utils[0m][0m [36mclient[0m=[35m127.0.0.1[0m [36mduration_ms[0m=[35m262.66[0m [36menvironment[0m=[35mdevelopment[0m [36mfilename[0m=[35mmain.py[0m [36mfunc_name[0m=[35mlog_requests[0m [36mlineno[0m=[35m132[0m [36mmethod[0m=[35mGET[0m [36mmodule[0m=[35mmain[0m [36mpath[0m=[35m/api/v1/knowledge/collections[0m [36mpathname[0m=[35m/Users/apple/PycharmProjects/Bank-copilot/app/main.py[0m [36mrequest_id[0m=[35mab8b524a-4ec3-4adc-a1b2-097dd4ae4f65[0m [36mstatus_code[0m=[35m200[0m
INFO:     127.0.0.1:55072 - "GET /api/v1/knowledge/collections HTTP/1.1" 200 OK
connect_tcp.started host='127.0.0.1' port=7890 local_address=None timeout=30.0 socket_options=None
connect_tcp.complete return_value=<httpcore._backends.anyio.AnyIOStream object at 0x1102ff230>
send_request_headers.started request=<Request [b'GET']>
send_request_headers.complete
send_request_body.started request=<Request [b'GET']>
send_request_body.complete
receive_response_headers.started request=<Request [b'GET']>
receive_response_headers.complete return_value=(b'HTTP/1.1', 200, b'OK', [(b'Connection', b'close'), (b'Transfer-Encoding', b'chunked'), (b'Content-Encoding', b'br'), (b'Content-Type', b'application/json'), (b'Date', b'Wed, 14 Jan 2026 15:03:57 GMT'), (b'Vary', b'accept-encoding, Origin, Access-Control-Request-Method, Access-Control-Request-Headers')])
receive_response_body.started request=<Request [b'GET']>
receive_response_body.complete
response_closed.started
response_closed.complete
connect_tcp.started host='127.0.0.1' port=7890 local_address=None timeout=30.0 socket_options=None
connect_tcp.started host='127.0.0.1' port=7890 local_address=None timeout=30.0 socket_options=None
connect_tcp.started host='127.0.0.1' port=7890 local_address=None timeout=30.0 socket_options=None
connect_tcp.started host='127.0.0.1' port=7890 local_address=None timeout=30.0 socket_options=None
connect_tcp.started host='127.0.0.1' port=7890 local_address=None timeout=30.0 socket_options=None
connect_tcp.started host='127.0.0.1' port=7890 local_address=None timeout=30.0 socket_options=None
connect_tcp.complete return_value=<httpcore._backends.anyio.AnyIOStream object at 0x117812b40>
connect_tcp.complete return_value=<httpcore._backends.anyio.AnyIOStream object at 0x11783af60>
connect_tcp.complete return_value=<httpcore._backends.anyio.AnyIOStream object at 0x117838740>
connect_tcp.complete return_value=<httpcore._backends.anyio.AnyIOStream object at 0x11783a630>
send_request_headers.started request=<Request [b'GET']>
send_request_headers.started request=<Request [b'GET']>
send_request_headers.started request=<Request [b'GET']>
send_request_headers.started request=<Request [b'GET']>
send_request_headers.complete
send_request_body.started request=<Request [b'GET']>
send_request_body.complete
receive_response_headers.started request=<Request [b'GET']>
send_request_headers.complete
send_request_body.started request=<Request [b'GET']>
send_request_body.complete
receive_response_headers.started request=<Request [b'GET']>
send_request_headers.complete
send_request_body.started request=<Request [b'GET']>
send_request_body.complete
receive_response_headers.started request=<Request [b'GET']>
send_request_headers.complete
send_request_body.started request=<Request [b'GET']>
send_request_body.complete
receive_response_headers.started request=<Request [b'GET']>
connect_tcp.complete return_value=<httpcore._backends.anyio.AnyIOStream object at 0x117813080>
connect_tcp.complete return_value=<httpcore._backends.anyio.AnyIOStream object at 0x11783a4e0>
send_request_headers.started request=<Request [b'GET']>
send_request_headers.started request=<Request [b'GET']>
send_request_headers.complete
send_request_body.started request=<Request [b'GET']>
send_request_body.complete
receive_response_headers.started request=<Request [b'GET']>
send_request_headers.complete
send_request_body.started request=<Request [b'GET']>
send_request_body.complete
receive_response_headers.started request=<Request [b'GET']>
receive_response_headers.complete return_value=(b'HTTP/1.1', 200, b'OK', [(b'Connection', b'close'), (b'Transfer-Encoding', b'chunked'), (b'Content-Encoding', b'br'), (b'Content-Type', b'application/json'), (b'Date', b'Wed, 14 Jan 2026 15:03:57 GMT'), (b'Vary', b'accept-encoding, Origin, Access-Control-Request-Method, Access-Control-Request-Headers')])
receive_response_body.started request=<Request [b'GET']>
receive_response_headers.complete return_value=(b'HTTP/1.1', 200, b'OK', [(b'Connection', b'close'), (b'Transfer-Encoding', b'chunked'), (b'Content-Encoding', b'br'), (b'Content-Type', b'application/json'), (b'Date', b'Wed, 14 Jan 2026 15:03:57 GMT'), (b'Vary', b'accept-encoding, Origin, Access-Control-Request-Method, Access-Control-Request-Headers')])
receive_response_body.started request=<Request [b'GET']>
receive_response_body.complete
response_closed.started
receive_response_headers.complete return_value=(b'HTTP/1.1', 200, b'OK', [(b'Connection', b'close'), (b'Transfer-Encoding', b'chunked'), (b'Content-Encoding', b'br'), (b'Content-Type', b'application/json'), (b'Date', b'Wed, 14 Jan 2026 15:03:57 GMT'), (b'Vary', b'accept-encoding, Origin, Access-Control-Request-Method, Access-Control-Request-Headers')])
receive_response_body.started request=<Request [b'GET']>
receive_response_body.complete
response_closed.started
receive_response_body.complete
response_closed.started
response_closed.complete
response_closed.complete
response_closed.complete
receive_response_headers.complete return_value=(b'HTTP/1.1', 200, b'OK', [(b'Connection', b'close'), (b'Transfer-Encoding', b'chunked'), (b'Content-Encoding', b'br'), (b'Content-Type', b'application/json'), (b'Date', b'Wed, 14 Jan 2026 15:03:57 GMT'), (b'Vary', b'accept-encoding, Origin, Access-Control-Request-Method, Access-Control-Request-Headers')])
receive_response_body.started request=<Request [b'GET']>
receive_response_body.complete
response_closed.started
receive_response_headers.complete return_value=(b'HTTP/1.1', 200, b'OK', [(b'Connection', b'close'), (b'Transfer-Encoding', b'chunked'), (b'Content-Encoding', b'br'), (b'Content-Type', b'application/json'), (b'Date', b'Wed, 14 Jan 2026 15:03:57 GMT'), (b'Vary', b'accept-encoding, Origin, Access-Control-Request-Method, Access-Control-Request-Headers')])
receive_response_body.started request=<Request [b'GET']>
receive_response_body.complete
response_closed.started
connect_tcp.started host='127.0.0.1' port=7890 local_address=None timeout=30.0 socket_options=None
connect_tcp.started host='127.0.0.1' port=7890 local_address=None timeout=30.0 socket_options=None
connect_tcp.started host='127.0.0.1' port=7890 local_address=None timeout=30.0 socket_options=None
response_closed.complete
response_closed.complete
receive_response_headers.complete return_value=(b'HTTP/1.1', 200, b'OK', [(b'Connection', b'close'), (b'Transfer-Encoding', b'chunked'), (b'Content-Encoding', b'br'), (b'Content-Type', b'application/json'), (b'Date', b'Wed, 14 Jan 2026 15:03:57 GMT'), (b'Vary', b'accept-encoding, Origin, Access-Control-Request-Method, Access-Control-Request-Headers')])
receive_response_body.started request=<Request [b'GET']>
receive_response_body.complete
response_closed.started
connect_tcp.started host='127.0.0.1' port=7890 local_address=None timeout=30.0 socket_options=None
connect_tcp.started host='127.0.0.1' port=7890 local_address=None timeout=30.0 socket_options=None
response_closed.complete
connect_tcp.started host='127.0.0.1' port=7890 local_address=None timeout=30.0 socket_options=None
connect_tcp.complete return_value=<httpcore._backends.anyio.AnyIOStream object at 0x1102c7ce0>
connect_tcp.complete return_value=<httpcore._backends.anyio.AnyIOStream object at 0x1102fde80>
connect_tcp.complete return_value=<httpcore._backends.anyio.AnyIOStream object at 0x1102ffe00>
send_request_headers.started request=<Request [b'POST']>
send_request_headers.started request=<Request [b'POST']>
send_request_headers.started request=<Request [b'POST']>
send_request_headers.complete
send_request_body.started request=<Request [b'POST']>
send_request_headers.complete
send_request_body.started request=<Request [b'POST']>
send_request_headers.complete
send_request_body.started request=<Request [b'POST']>
connect_tcp.complete return_value=<httpcore._backends.anyio.AnyIOStream object at 0x117810860>
connect_tcp.complete return_value=<httpcore._backends.anyio.AnyIOStream object at 0x1102b86b0>
send_request_body.complete
receive_response_headers.started request=<Request [b'POST']>
send_request_body.complete
receive_response_headers.started request=<Request [b'POST']>
send_request_body.complete
receive_response_headers.started request=<Request [b'POST']>
send_request_headers.started request=<Request [b'POST']>
send_request_headers.started request=<Request [b'POST']>
send_request_headers.complete
send_request_body.started request=<Request [b'POST']>
send_request_headers.complete
send_request_body.started request=<Request [b'POST']>
connect_tcp.complete return_value=<httpcore._backends.anyio.AnyIOStream object at 0x1102c6660>
send_request_body.complete
receive_response_headers.started request=<Request [b'POST']>
send_request_body.complete
receive_response_headers.started request=<Request [b'POST']>
send_request_headers.started request=<Request [b'POST']>
send_request_headers.complete
send_request_body.started request=<Request [b'POST']>
send_request_body.complete
receive_response_headers.started request=<Request [b'POST']>
receive_response_headers.complete return_value=(b'HTTP/1.1', 200, b'OK', [(b'Connection', b'close'), (b'Transfer-Encoding', b'chunked'), (b'Content-Encoding', b'br'), (b'Content-Type', b'application/json'), (b'Date', b'Wed, 14 Jan 2026 15:03:57 GMT'), (b'Vary', b'accept-encoding, Origin, Access-Control-Request-Method, Access-Control-Request-Headers')])
receive_response_body.started request=<Request [b'POST']>
receive_response_body.complete
response_closed.started
receive_response_headers.complete return_value=(b'HTTP/1.1', 200, b'OK', [(b'Connection', b'close'), (b'Transfer-Encoding', b'chunked'), (b'Content-Encoding', b'br'), (b'Content-Type', b'application/json'), (b'Date', b'Wed, 14 Jan 2026 15:03:57 GMT'), (b'Vary', b'accept-encoding, Origin, Access-Control-Request-Method, Access-Control-Request-Headers')])
receive_response_body.started request=<Request [b'POST']>
receive_response_body.complete
response_closed.started
receive_response_headers.complete return_value=(b'HTTP/1.1', 200, b'OK', [(b'Connection', b'close'), (b'Transfer-Encoding', b'chunked'), (b'Content-Encoding', b'br'), (b'Content-Type', b'application/json'), (b'Date', b'Wed, 14 Jan 2026 15:03:57 GMT'), (b'Vary', b'accept-encoding, Origin, Access-Control-Request-Method, Access-Control-Request-Headers')])
receive_response_body.started request=<Request [b'POST']>
receive_response_body.complete
response_closed.started
receive_response_headers.complete return_value=(b'HTTP/1.1', 200, b'OK', [(b'Connection', b'close'), (b'Transfer-Encoding', b'chunked'), (b'Content-Encoding', b'br'), (b'Content-Type', b'application/json'), (b'Date', b'Wed, 14 Jan 2026 15:03:57 GMT'), (b'Vary', b'accept-encoding, Origin, Access-Control-Request-Method, Access-Control-Request-Headers')])
receive_response_body.started request=<Request [b'POST']>
receive_response_body.complete
response_closed.started
response_closed.complete
response_closed.complete
response_closed.complete
response_closed.complete
receive_response_headers.complete return_value=(b'HTTP/1.1', 200, b'OK', [(b'Connection', b'close'), (b'Transfer-Encoding', b'chunked'), (b'Content-Encoding', b'br'), (b'Content-Type', b'application/json'), (b'Date', b'Wed, 14 Jan 2026 15:03:57 GMT'), (b'Vary', b'accept-encoding, Origin, Access-Control-Request-Method, Access-Control-Request-Headers')])
receive_response_body.started request=<Request [b'POST']>
receive_response_body.complete
response_closed.started
receive_response_headers.complete return_value=(b'HTTP/1.1', 200, b'OK', [(b'Connection', b'close'), (b'Transfer-Encoding', b'chunked'), (b'Content-Encoding', b'br'), (b'Content-Type', b'application/json'), (b'Date', b'Wed, 14 Jan 2026 15:03:57 GMT'), (b'Vary', b'accept-encoding, Origin, Access-Control-Request-Method, Access-Control-Request-Headers')])
receive_response_body.started request=<Request [b'POST']>
receive_response_body.complete
response_closed.started
response_closed.complete
response_closed.complete
[2m2026-01-14T15:03:58.137410Z[0m [[32m[1minfo     [0m] [1mrequest_completed             [0m [[0m[1m[34mapp.core.logger_utils[0m][0m [36mclient[0m=[35m127.0.0.1[0m [36mduration_ms[0m=[35m298.71[0m [36menvironment[0m=[35mdevelopment[0m [36mfilename[0m=[35mmain.py[0m [36mfunc_name[0m=[35mlog_requests[0m [36mlineno[0m=[35m132[0m [36mmethod[0m=[35mGET[0m [36mmodule[0m=[35mmain[0m [36mpath[0m=[35m/api/v1/knowledge/collections[0m [36mpathname[0m=[35m/Users/apple/PycharmProjects/Bank-copilot/app/main.py[0m [36mrequest_id[0m=[35m36f5e025-dfed-4723-b403-aefac7bf603f[0m [36mstatus_code[0m=[35m200[0m
INFO:     127.0.0.1:55073 - "GET /api/v1/knowledge/collections HTTP/1.1" 200 OK
connect_tcp.started host='127.0.0.1' port=7890 local_address=None timeout=30.0 socket_options=None
connect_tcp.started host='127.0.0.1' port=7890 local_address=None timeout=30.0 socket_options=None
connect_tcp.complete return_value=<httpcore._backends.anyio.AnyIOStream object at 0x11029f3b0>
send_request_headers.started request=<Request [b'GET']>
send_request_headers.complete
send_request_body.started request=<Request [b'GET']>
send_request_body.complete
receive_response_headers.started request=<Request [b'GET']>
connect_tcp.complete return_value=<httpcore._backends.anyio.AnyIOStream object at 0x11029e0c0>
send_request_headers.started request=<Request [b'GET']>
send_request_headers.complete
send_request_body.started request=<Request [b'GET']>
send_request_body.complete
receive_response_headers.started request=<Request [b'GET']>
receive_response_headers.complete return_value=(b'HTTP/1.1', 200, b'OK', [(b'Connection', b'close'), (b'Transfer-Encoding', b'chunked'), (b'Content-Encoding', b'br'), (b'Content-Type', b'application/json'), (b'Date', b'Wed, 14 Jan 2026 15:04:08 GMT'), (b'Vary', b'accept-encoding, Origin, Access-Control-Request-Method, Access-Control-Request-Headers')])
receive_response_body.started request=<Request [b'GET']>
receive_response_body.complete
response_closed.started
receive_response_headers.complete return_value=(b'HTTP/1.1', 200, b'OK', [(b'Connection', b'close'), (b'Transfer-Encoding', b'chunked'), (b'Content-Encoding', b'br'), (b'Content-Type', b'application/json'), (b'Date', b'Wed, 14 Jan 2026 15:04:08 GMT'), (b'Vary', b'accept-encoding, Origin, Access-Control-Request-Method, Access-Control-Request-Headers')])
receive_response_body.started request=<Request [b'GET']>
receive_response_body.complete
response_closed.started
response_closed.complete
response_closed.complete
connect_tcp.started host='127.0.0.1' port=7890 local_address=None timeout=30.0 socket_options=None
connect_tcp.started host='127.0.0.1' port=7890 local_address=None timeout=30.0 socket_options=None
connect_tcp.started host='127.0.0.1' port=7890 local_address=None timeout=30.0 socket_options=None
connect_tcp.started host='127.0.0.1' port=7890 local_address=None timeout=30.0 socket_options=None
connect_tcp.started host='127.0.0.1' port=7890 local_address=None timeout=30.0 socket_options=None
connect_tcp.started host='127.0.0.1' port=7890 local_address=None timeout=30.0 socket_options=None
connect_tcp.started host='127.0.0.1' port=7890 local_address=None timeout=30.0 socket_options=None
connect_tcp.started host='127.0.0.1' port=7890 local_address=None timeout=30.0 socket_options=None
connect_tcp.started host='127.0.0.1' port=7890 local_address=None timeout=30.0 socket_options=None
connect_tcp.started host='127.0.0.1' port=7890 local_address=None timeout=30.0 socket_options=None
connect_tcp.started host='127.0.0.1' port=7890 local_address=None timeout=30.0 socket_options=None
connect_tcp.started host='127.0.0.1' port=7890 local_address=None timeout=30.0 socket_options=None
connect_tcp.complete return_value=<httpcore._backends.anyio.AnyIOStream object at 0x117813620>
connect_tcp.complete return_value=<httpcore._backends.anyio.AnyIOStream object at 0x1102c5130>
connect_tcp.complete return_value=<httpcore._backends.anyio.AnyIOStream object at 0x1102c7500>
connect_tcp.complete return_value=<httpcore._backends.anyio.AnyIOStream object at 0x11029fb00>
connect_tcp.complete return_value=<httpcore._backends.anyio.AnyIOStream object at 0x1102b9760>
connect_tcp.complete return_value=<httpcore._backends.anyio.AnyIOStream object at 0x1102fda30>
connect_tcp.complete return_value=<httpcore._backends.anyio.AnyIOStream object at 0x117839970>
connect_tcp.complete return_value=<httpcore._backends.anyio.AnyIOStream object at 0x11783bb30>
connect_tcp.complete return_value=<httpcore._backends.anyio.AnyIOStream object at 0x1178113d0>
connect_tcp.complete return_value=<httpcore._backends.anyio.AnyIOStream object at 0x1102e0380>
connect_tcp.complete return_value=<httpcore._backends.anyio.AnyIOStream object at 0x11781efc0>
connect_tcp.complete return_value=<httpcore._backends.anyio.AnyIOStream object at 0x11781d2e0>
send_request_headers.started request=<Request [b'GET']>
send_request_headers.started request=<Request [b'GET']>
send_request_headers.started request=<Request [b'GET']>
send_request_headers.started request=<Request [b'GET']>
send_request_headers.started request=<Request [b'GET']>
send_request_headers.started request=<Request [b'GET']>
send_request_headers.started request=<Request [b'GET']>
send_request_headers.started request=<Request [b'GET']>
send_request_headers.started request=<Request [b'GET']>
send_request_headers.started request=<Request [b'GET']>
send_request_headers.started request=<Request [b'GET']>
send_request_headers.started request=<Request [b'GET']>
send_request_headers.complete
send_request_body.started request=<Request [b'GET']>
send_request_body.complete
receive_response_headers.started request=<Request [b'GET']>
send_request_headers.complete
send_request_body.started request=<Request [b'GET']>
send_request_body.complete
receive_response_headers.started request=<Request [b'GET']>
send_request_headers.complete
send_request_body.started request=<Request [b'GET']>
send_request_body.complete
receive_response_headers.started request=<Request [b'GET']>
send_request_headers.complete
send_request_body.started request=<Request [b'GET']>
send_request_body.complete
receive_response_headers.started request=<Request [b'GET']>
send_request_headers.complete
send_request_body.started request=<Request [b'GET']>
send_request_body.complete
receive_response_headers.started request=<Request [b'GET']>
send_request_headers.complete
send_request_body.started request=<Request [b'GET']>
send_request_body.complete
receive_response_headers.started request=<Request [b'GET']>
send_request_headers.complete
send_request_body.started request=<Request [b'GET']>
send_request_body.complete
receive_response_headers.started request=<Request [b'GET']>
send_request_headers.complete
send_request_body.started request=<Request [b'GET']>
send_request_body.complete
receive_response_headers.started request=<Request [b'GET']>
send_request_headers.complete
send_request_body.started request=<Request [b'GET']>
send_request_body.complete
receive_response_headers.started request=<Request [b'GET']>
send_request_headers.complete
send_request_body.started request=<Request [b'GET']>
send_request_body.complete
receive_response_headers.started request=<Request [b'GET']>
send_request_headers.complete
send_request_body.started request=<Request [b'GET']>
send_request_body.complete
receive_response_headers.started request=<Request [b'GET']>
send_request_headers.complete
send_request_body.started request=<Request [b'GET']>
send_request_body.complete
receive_response_headers.started request=<Request [b'GET']>
receive_response_headers.complete return_value=(b'HTTP/1.1', 200, b'OK', [(b'Connection', b'close'), (b'Transfer-Encoding', b'chunked'), (b'Content-Encoding', b'br'), (b'Content-Type', b'application/json'), (b'Date', b'Wed, 14 Jan 2026 15:04:08 GMT'), (b'Vary', b'accept-encoding, Origin, Access-Control-Request-Method, Access-Control-Request-Headers')])
receive_response_body.started request=<Request [b'GET']>
receive_response_headers.complete return_value=(b'HTTP/1.1', 200, b'OK', [(b'Connection', b'close'), (b'Transfer-Encoding', b'chunked'), (b'Content-Encoding', b'br'), (b'Content-Type', b'application/json'), (b'Date', b'Wed, 14 Jan 2026 15:04:08 GMT'), (b'Vary', b'accept-encoding, Origin, Access-Control-Request-Method, Access-Control-Request-Headers')])
receive_response_body.started request=<Request [b'GET']>
receive_response_body.complete
response_closed.started
receive_response_headers.complete return_value=(b'HTTP/1.1', 200, b'OK', [(b'Connection', b'close'), (b'Transfer-Encoding', b'chunked'), (b'Content-Encoding', b'br'), (b'Content-Type', b'application/json'), (b'Date', b'Wed, 14 Jan 2026 15:04:08 GMT'), (b'Vary', b'accept-encoding, Origin, Access-Control-Request-Method, Access-Control-Request-Headers')])
receive_response_body.started request=<Request [b'GET']>
receive_response_body.complete
response_closed.started
receive_response_headers.complete return_value=(b'HTTP/1.1', 200, b'OK', [(b'Connection', b'close'), (b'Transfer-Encoding', b'chunked'), (b'Content-Encoding', b'br'), (b'Content-Type', b'application/json'), (b'Date', b'Wed, 14 Jan 2026 15:04:08 GMT'), (b'Vary', b'accept-encoding, Origin, Access-Control-Request-Method, Access-Control-Request-Headers')])
receive_response_body.started request=<Request [b'GET']>
receive_response_body.complete
response_closed.started
receive_response_headers.complete return_value=(b'HTTP/1.1', 200, b'OK', [(b'Connection', b'close'), (b'Transfer-Encoding', b'chunked'), (b'Content-Encoding', b'br'), (b'Content-Type', b'application/json'), (b'Date', b'Wed, 14 Jan 2026 15:04:08 GMT'), (b'Vary', b'accept-encoding, Origin, Access-Control-Request-Method, Access-Control-Request-Headers')])
receive_response_body.started request=<Request [b'GET']>
receive_response_body.complete
response_closed.started
response_closed.complete
response_closed.complete
response_closed.complete
receive_response_body.complete
response_closed.started
receive_response_headers.complete return_value=(b'HTTP/1.1', 200, b'OK', [(b'Connection', b'close'), (b'Transfer-Encoding', b'chunked'), (b'Content-Encoding', b'br'), (b'Content-Type', b'application/json'), (b'Date', b'Wed, 14 Jan 2026 15:04:08 GMT'), (b'Vary', b'accept-encoding, Origin, Access-Control-Request-Method, Access-Control-Request-Headers')])
receive_response_body.started request=<Request [b'GET']>
receive_response_body.complete
response_closed.started
receive_response_headers.complete return_value=(b'HTTP/1.1', 200, b'OK', [(b'Connection', b'close'), (b'Transfer-Encoding', b'chunked'), (b'Content-Encoding', b'br'), (b'Content-Type', b'application/json'), (b'Date', b'Wed, 14 Jan 2026 15:04:08 GMT'), (b'Vary', b'accept-encoding, Origin, Access-Control-Request-Method, Access-Control-Request-Headers')])
receive_response_body.started request=<Request [b'GET']>
receive_response_body.complete
response_closed.started
receive_response_headers.complete return_value=(b'HTTP/1.1', 200, b'OK', [(b'Connection', b'close'), (b'Transfer-Encoding', b'chunked'), (b'Content-Encoding', b'br'), (b'Content-Type', b'application/json'), (b'Date', b'Wed, 14 Jan 2026 15:04:08 GMT'), (b'Vary', b'accept-encoding, Origin, Access-Control-Request-Method, Access-Control-Request-Headers')])
receive_response_body.started request=<Request [b'GET']>
receive_response_body.complete
response_closed.started
receive_response_headers.complete return_value=(b'HTTP/1.1', 200, b'OK', [(b'Connection', b'close'), (b'Transfer-Encoding', b'chunked'), (b'Content-Encoding', b'br'), (b'Content-Type', b'application/json'), (b'Date', b'Wed, 14 Jan 2026 15:04:08 GMT'), (b'Vary', b'accept-encoding, Origin, Access-Control-Request-Method, Access-Control-Request-Headers')])
receive_response_body.started request=<Request [b'GET']>
receive_response_body.complete
response_closed.started
receive_response_headers.complete return_value=(b'HTTP/1.1', 200, b'OK', [(b'Connection', b'close'), (b'Transfer-Encoding', b'chunked'), (b'Content-Encoding', b'br'), (b'Content-Type', b'application/json'), (b'Date', b'Wed, 14 Jan 2026 15:04:08 GMT'), (b'Vary', b'accept-encoding, Origin, Access-Control-Request-Method, Access-Control-Request-Headers')])
receive_response_body.started request=<Request [b'GET']>
receive_response_body.complete
response_closed.started
connect_tcp.started host='127.0.0.1' port=7890 local_address=None timeout=30.0 socket_options=None
connect_tcp.started host='127.0.0.1' port=7890 local_address=None timeout=30.0 socket_options=None
connect_tcp.started host='127.0.0.1' port=7890 local_address=None timeout=30.0 socket_options=None
response_closed.complete
connect_tcp.started host='127.0.0.1' port=7890 local_address=None timeout=30.0 socket_options=None
response_closed.complete
response_closed.complete
response_closed.complete
response_closed.complete
response_closed.complete
response_closed.complete
receive_response_headers.complete return_value=(b'HTTP/1.1', 200, b'OK', [(b'Connection', b'close'), (b'Transfer-Encoding', b'chunked'), (b'Content-Encoding', b'br'), (b'Content-Type', b'application/json'), (b'Date', b'Wed, 14 Jan 2026 15:04:08 GMT'), (b'Vary', b'accept-encoding, Origin, Access-Control-Request-Method, Access-Control-Request-Headers')])
receive_response_body.started request=<Request [b'GET']>
receive_response_body.complete
response_closed.started
receive_response_headers.complete return_value=(b'HTTP/1.1', 200, b'OK', [(b'Connection', b'close'), (b'Transfer-Encoding', b'chunked'), (b'Content-Encoding', b'br'), (b'Content-Type', b'application/json'), (b'Date', b'Wed, 14 Jan 2026 15:04:08 GMT'), (b'Vary', b'accept-encoding, Origin, Access-Control-Request-Method, Access-Control-Request-Headers')])
receive_response_body.started request=<Request [b'GET']>
receive_response_body.complete
response_closed.started
connect_tcp.started host='127.0.0.1' port=7890 local_address=None timeout=30.0 socket_options=None
connect_tcp.started host='127.0.0.1' port=7890 local_address=None timeout=30.0 socket_options=None
connect_tcp.started host='127.0.0.1' port=7890 local_address=None timeout=30.0 socket_options=None
connect_tcp.started host='127.0.0.1' port=7890 local_address=None timeout=30.0 socket_options=None
connect_tcp.started host='127.0.0.1' port=7890 local_address=None timeout=30.0 socket_options=None
connect_tcp.started host='127.0.0.1' port=7890 local_address=None timeout=30.0 socket_options=None
response_closed.complete
response_closed.complete
connect_tcp.started host='127.0.0.1' port=7890 local_address=None timeout=30.0 socket_options=None
connect_tcp.started host='127.0.0.1' port=7890 local_address=None timeout=30.0 socket_options=None
connect_tcp.complete return_value=<httpcore._backends.anyio.AnyIOStream object at 0x11781a660>
connect_tcp.complete return_value=<httpcore._backends.anyio.AnyIOStream object at 0x1178475f0>
connect_tcp.complete return_value=<httpcore._backends.anyio.AnyIOStream object at 0x117847620>
send_request_headers.started request=<Request [b'POST']>
send_request_headers.started request=<Request [b'POST']>
send_request_headers.started request=<Request [b'POST']>
connect_tcp.complete return_value=<httpcore._backends.anyio.AnyIOStream object at 0x11781b140>
send_request_headers.complete
send_request_body.started request=<Request [b'POST']>
send_request_headers.complete
send_request_body.started request=<Request [b'POST']>
send_request_headers.complete
send_request_body.started request=<Request [b'POST']>
send_request_headers.started request=<Request [b'POST']>
connect_tcp.complete return_value=<httpcore._backends.anyio.AnyIOStream object at 0x110243080>
connect_tcp.complete return_value=<httpcore._backends.anyio.AnyIOStream object at 0x11781bf80>
connect_tcp.complete return_value=<httpcore._backends.anyio.AnyIOStream object at 0x11781be60>
connect_tcp.complete return_value=<httpcore._backends.anyio.AnyIOStream object at 0x11781bc20>
connect_tcp.complete return_value=<httpcore._backends.anyio.AnyIOStream object at 0x117845d30>
connect_tcp.complete return_value=<httpcore._backends.anyio.AnyIOStream object at 0x117845b50>
send_request_body.complete
receive_response_headers.started request=<Request [b'POST']>
send_request_body.complete
receive_response_headers.started request=<Request [b'POST']>
send_request_body.complete
receive_response_headers.started request=<Request [b'POST']>
send_request_headers.complete
send_request_body.started request=<Request [b'POST']>
send_request_headers.started request=<Request [b'POST']>
send_request_headers.started request=<Request [b'POST']>
send_request_headers.started request=<Request [b'POST']>
send_request_headers.started request=<Request [b'POST']>
send_request_headers.started request=<Request [b'POST']>
send_request_headers.started request=<Request [b'POST']>
send_request_body.complete
receive_response_headers.started request=<Request [b'POST']>
send_request_headers.complete
send_request_body.started request=<Request [b'POST']>
send_request_headers.complete
send_request_body.started request=<Request [b'POST']>
send_request_headers.complete
send_request_body.started request=<Request [b'POST']>
send_request_headers.complete
send_request_body.started request=<Request [b'POST']>
send_request_headers.complete
send_request_body.started request=<Request [b'POST']>
send_request_headers.complete
send_request_body.started request=<Request [b'POST']>
connect_tcp.complete return_value=<httpcore._backends.anyio.AnyIOStream object at 0x117811f70>
connect_tcp.complete return_value=<httpcore._backends.anyio.AnyIOStream object at 0x117844110>
send_request_body.complete
receive_response_headers.started request=<Request [b'POST']>
send_request_body.complete
receive_response_headers.started request=<Request [b'POST']>
send_request_body.complete
receive_response_headers.started request=<Request [b'POST']>
send_request_body.complete
receive_response_headers.started request=<Request [b'POST']>
send_request_body.complete
receive_response_headers.started request=<Request [b'POST']>
send_request_body.complete
receive_response_headers.started request=<Request [b'POST']>
send_request_headers.started request=<Request [b'POST']>
send_request_headers.started request=<Request [b'POST']>
send_request_headers.complete
send_request_body.started request=<Request [b'POST']>
send_request_headers.complete
send_request_body.started request=<Request [b'POST']>
send_request_body.complete
receive_response_headers.started request=<Request [b'POST']>
send_request_body.complete
receive_response_headers.started request=<Request [b'POST']>
receive_response_headers.complete return_value=(b'HTTP/1.1', 200, b'OK', [(b'Connection', b'close'), (b'Transfer-Encoding', b'chunked'), (b'Content-Encoding', b'br'), (b'Content-Type', b'application/json'), (b'Date', b'Wed, 14 Jan 2026 15:04:09 GMT'), (b'Vary', b'accept-encoding, Origin, Access-Control-Request-Method, Access-Control-Request-Headers')])
receive_response_body.started request=<Request [b'POST']>
receive_response_body.complete
response_closed.started
receive_response_headers.complete return_value=(b'HTTP/1.1', 200, b'OK', [(b'Connection', b'close'), (b'Transfer-Encoding', b'chunked'), (b'Content-Encoding', b'br'), (b'Content-Type', b'application/json'), (b'Date', b'Wed, 14 Jan 2026 15:04:09 GMT'), (b'Vary', b'accept-encoding, Origin, Access-Control-Request-Method, Access-Control-Request-Headers')])
receive_response_body.started request=<Request [b'POST']>
receive_response_body.complete
response_closed.started
receive_response_headers.complete return_value=(b'HTTP/1.1', 200, b'OK', [(b'Connection', b'close'), (b'Transfer-Encoding', b'chunked'), (b'Content-Encoding', b'br'), (b'Content-Type', b'application/json'), (b'Date', b'Wed, 14 Jan 2026 15:04:09 GMT'), (b'Vary', b'accept-encoding, Origin, Access-Control-Request-Method, Access-Control-Request-Headers')])
receive_response_body.started request=<Request [b'POST']>
receive_response_body.complete
response_closed.started
response_closed.complete
receive_response_headers.complete return_value=(b'HTTP/1.1', 200, b'OK', [(b'Connection', b'close'), (b'Transfer-Encoding', b'chunked'), (b'Content-Encoding', b'br'), (b'Content-Type', b'application/json'), (b'Date', b'Wed, 14 Jan 2026 15:04:09 GMT'), (b'Vary', b'accept-encoding, Origin, Access-Control-Request-Method, Access-Control-Request-Headers')])
receive_response_body.started request=<Request [b'POST']>
receive_response_body.complete
response_closed.started
receive_response_headers.complete return_value=(b'HTTP/1.1', 200, b'OK', [(b'Connection', b'close'), (b'Transfer-Encoding', b'chunked'), (b'Content-Encoding', b'br'), (b'Content-Type', b'application/json'), (b'Date', b'Wed, 14 Jan 2026 15:04:09 GMT'), (b'Vary', b'accept-encoding, Origin, Access-Control-Request-Method, Access-Control-Request-Headers')])
receive_response_body.started request=<Request [b'POST']>
receive_response_body.complete
response_closed.started
response_closed.complete
response_closed.complete
receive_response_headers.complete return_value=(b'HTTP/1.1', 200, b'OK', [(b'Connection', b'close'), (b'Transfer-Encoding', b'chunked'), (b'Content-Encoding', b'br'), (b'Content-Type', b'application/json'), (b'Date', b'Wed, 14 Jan 2026 15:04:09 GMT'), (b'Vary', b'accept-encoding, Origin, Access-Control-Request-Method, Access-Control-Request-Headers')])
receive_response_body.started request=<Request [b'POST']>
receive_response_body.complete
response_closed.started
receive_response_headers.complete return_value=(b'HTTP/1.1', 200, b'OK', [(b'Connection', b'close'), (b'Transfer-Encoding', b'chunked'), (b'Content-Encoding', b'br'), (b'Content-Type', b'application/json'), (b'Date', b'Wed, 14 Jan 2026 15:04:09 GMT'), (b'Vary', b'accept-encoding, Origin, Access-Control-Request-Method, Access-Control-Request-Headers')])
receive_response_body.started request=<Request [b'POST']>
receive_response_body.complete
response_closed.started
receive_response_headers.complete return_value=(b'HTTP/1.1', 200, b'OK', [(b'Connection', b'close'), (b'Transfer-Encoding', b'chunked'), (b'Content-Encoding', b'br'), (b'Content-Type', b'application/json'), (b'Date', b'Wed, 14 Jan 2026 15:04:09 GMT'), (b'Vary', b'accept-encoding, Origin, Access-Control-Request-Method, Access-Control-Request-Headers')])
receive_response_body.started request=<Request [b'POST']>
receive_response_body.complete
response_closed.started
receive_response_headers.complete return_value=(b'HTTP/1.1', 200, b'OK', [(b'Connection', b'close'), (b'Transfer-Encoding', b'chunked'), (b'Content-Encoding', b'br'), (b'Content-Type', b'application/json'), (b'Date', b'Wed, 14 Jan 2026 15:04:09 GMT'), (b'Vary', b'accept-encoding, Origin, Access-Control-Request-Method, Access-Control-Request-Headers')])
receive_response_body.started request=<Request [b'POST']>
receive_response_body.complete
response_closed.started
receive_response_headers.complete return_value=(b'HTTP/1.1', 200, b'OK', [(b'Connection', b'close'), (b'Transfer-Encoding', b'chunked'), (b'Content-Encoding', b'br'), (b'Content-Type', b'application/json'), (b'Date', b'Wed, 14 Jan 2026 15:04:09 GMT'), (b'Vary', b'accept-encoding, Origin, Access-Control-Request-Method, Access-Control-Request-Headers')])
receive_response_body.started request=<Request [b'POST']>
receive_response_body.complete
response_closed.started
receive_response_headers.complete return_value=(b'HTTP/1.1', 200, b'OK', [(b'Connection', b'close'), (b'Transfer-Encoding', b'chunked'), (b'Content-Encoding', b'br'), (b'Content-Type', b'application/json'), (b'Date', b'Wed, 14 Jan 2026 15:04:09 GMT'), (b'Vary', b'accept-encoding, Origin, Access-Control-Request-Method, Access-Control-Request-Headers')])
receive_response_body.started request=<Request [b'POST']>
receive_response_body.complete
response_closed.started
receive_response_headers.complete return_value=(b'HTTP/1.1', 200, b'OK', [(b'Connection', b'close'), (b'Transfer-Encoding', b'chunked'), (b'Content-Encoding', b'br'), (b'Content-Type', b'application/json'), (b'Date', b'Wed, 14 Jan 2026 15:04:09 GMT'), (b'Vary', b'accept-encoding, Origin, Access-Control-Request-Method, Access-Control-Request-Headers')])
receive_response_body.started request=<Request [b'POST']>
receive_response_body.complete
response_closed.started
response_closed.complete
response_closed.complete
response_closed.complete
response_closed.complete
response_closed.complete
response_closed.complete
response_closed.complete
response_closed.complete
response_closed.complete
[2m2026-01-14T15:04:09.481976Z[0m [[32m[1minfo     [0m] [1mrequest_completed             [0m [[0m[1m[34mapp.core.logger_utils[0m][0m [36mclient[0m=[35m127.0.0.1[0m [36mduration_ms[0m=[35m506.17[0m [36menvironment[0m=[35mdevelopment[0m [36mfilename[0m=[35mmain.py[0m [36mfunc_name[0m=[35mlog_requests[0m [36mlineno[0m=[35m132[0m [36mmethod[0m=[35mGET[0m [36mmodule[0m=[35mmain[0m [36mpath[0m=[35m/api/v1/knowledge/collections[0m [36mpathname[0m=[35m/Users/apple/PycharmProjects/Bank-copilot/app/main.py[0m [36mrequest_id[0m=[35m798eb641-4dfd-46d4-ab1c-daaa6a592db9[0m [36mstatus_code[0m=[35m200[0m
INFO:     127.0.0.1:55244 - "GET /api/v1/knowledge/collections HTTP/1.1" 200 OK
[2m2026-01-14T15:04:09.482456Z[0m [[32m[1minfo     [0m] [1mrequest_completed             [0m [[0m[1m[34mapp.core.logger_utils[0m][0m [36mclient[0m=[35m127.0.0.1[0m [36mduration_ms[0m=[35m482.35[0m [36menvironment[0m=[35mdevelopment[0m [36mfilename[0m=[35mmain.py[0m [36mfunc_name[0m=[35mlog_requests[0m [36mlineno[0m=[35m132[0m [36mmethod[0m=[35mGET[0m [36mmodule[0m=[35mmain[0m [36mpath[0m=[35m/api/v1/knowledge/stats[0m [36mpathname[0m=[35m/Users/apple/PycharmProjects/Bank-copilot/app/main.py[0m [36mrequest_id[0m=[35m34e2e8e9-071b-423a-845e-8a1124094145[0m [36mstatus_code[0m=[35m200[0m
INFO:     127.0.0.1:55246 - "GET /api/v1/knowledge/stats HTTP/1.1" 200 OK
connect_tcp.started host='127.0.0.1' port=7890 local_address=None timeout=30.0 socket_options=None
connect_tcp.started host='127.0.0.1' port=7890 local_address=None timeout=30.0 socket_options=None
connect_tcp.complete return_value=<httpcore._backends.anyio.AnyIOStream object at 0x117810ad0>
send_request_headers.started request=<Request [b'GET']>
connect_tcp.complete return_value=<httpcore._backends.anyio.AnyIOStream object at 0x117813050>
send_request_headers.complete
send_request_body.started request=<Request [b'GET']>
send_request_body.complete
receive_response_headers.started request=<Request [b'GET']>
send_request_headers.started request=<Request [b'GET']>
send_request_headers.complete
send_request_body.started request=<Request [b'GET']>
send_request_body.complete
receive_response_headers.started request=<Request [b'GET']>
receive_response_headers.complete return_value=(b'HTTP/1.1', 200, b'OK', [(b'Connection', b'close'), (b'Transfer-Encoding', b'chunked'), (b'Content-Encoding', b'br'), (b'Content-Type', b'application/json'), (b'Date', b'Wed, 14 Jan 2026 15:04:09 GMT'), (b'Vary', b'accept-encoding, Origin, Access-Control-Request-Method, Access-Control-Request-Headers')])
receive_response_body.started request=<Request [b'GET']>
receive_response_headers.complete return_value=(b'HTTP/1.1', 200, b'OK', [(b'Connection', b'close'), (b'Transfer-Encoding', b'chunked'), (b'Content-Encoding', b'br'), (b'Content-Type', b'application/json'), (b'Date', b'Wed, 14 Jan 2026 15:04:09 GMT'), (b'Vary', b'accept-encoding, Origin, Access-Control-Request-Method, Access-Control-Request-Headers')])
receive_response_body.started request=<Request [b'GET']>
receive_response_body.complete
response_closed.started
receive_response_body.complete
response_closed.started
response_closed.complete
response_closed.complete
connect_tcp.started host='127.0.0.1' port=7890 local_address=None timeout=30.0 socket_options=None
connect_tcp.started host='127.0.0.1' port=7890 local_address=None timeout=30.0 socket_options=None
connect_tcp.started host='127.0.0.1' port=7890 local_address=None timeout=30.0 socket_options=None
connect_tcp.started host='127.0.0.1' port=7890 local_address=None timeout=30.0 socket_options=None
connect_tcp.started host='127.0.0.1' port=7890 local_address=None timeout=30.0 socket_options=None
connect_tcp.started host='127.0.0.1' port=7890 local_address=None timeout=30.0 socket_options=None
connect_tcp.started host='127.0.0.1' port=7890 local_address=None timeout=30.0 socket_options=None
connect_tcp.started host='127.0.0.1' port=7890 local_address=None timeout=30.0 socket_options=None
connect_tcp.started host='127.0.0.1' port=7890 local_address=None timeout=30.0 socket_options=None
connect_tcp.started host='127.0.0.1' port=7890 local_address=None timeout=30.0 socket_options=None
connect_tcp.started host='127.0.0.1' port=7890 local_address=None timeout=30.0 socket_options=None
connect_tcp.started host='127.0.0.1' port=7890 local_address=None timeout=30.0 socket_options=None
connect_tcp.complete return_value=<httpcore._backends.anyio.AnyIOStream object at 0x117839dc0>
connect_tcp.complete return_value=<httpcore._backends.anyio.AnyIOStream object at 0x117838c80>
connect_tcp.complete return_value=<httpcore._backends.anyio.AnyIOStream object at 0x11783a360>
connect_tcp.complete return_value=<httpcore._backends.anyio.AnyIOStream object at 0x110242ab0>
connect_tcp.complete return_value=<httpcore._backends.anyio.AnyIOStream object at 0x1102dc5c0>
connect_tcp.complete return_value=<httpcore._backends.anyio.AnyIOStream object at 0x1102dc830>
send_request_headers.started request=<Request [b'GET']>
send_request_headers.started request=<Request [b'GET']>
send_request_headers.started request=<Request [b'GET']>
send_request_headers.started request=<Request [b'GET']>
send_request_headers.started request=<Request [b'GET']>
send_request_headers.started request=<Request [b'GET']>
connect_tcp.complete return_value=<httpcore._backends.anyio.AnyIOStream object at 0x117818da0>
connect_tcp.complete return_value=<httpcore._backends.anyio.AnyIOStream object at 0x1178472f0>
connect_tcp.complete return_value=<httpcore._backends.anyio.AnyIOStream object at 0x1178118b0>
connect_tcp.complete return_value=<httpcore._backends.anyio.AnyIOStream object at 0x117812c30>
connect_tcp.complete return_value=<httpcore._backends.anyio.AnyIOStream object at 0x1102fcbf0>
send_request_headers.complete
send_request_body.started request=<Request [b'GET']>
send_request_body.complete
receive_response_headers.started request=<Request [b'GET']>
send_request_headers.complete
send_request_body.started request=<Request [b'GET']>
send_request_body.complete
receive_response_headers.started request=<Request [b'GET']>
send_request_headers.complete
send_request_body.started request=<Request [b'GET']>
send_request_body.complete
receive_response_headers.started request=<Request [b'GET']>
send_request_headers.complete
send_request_body.started request=<Request [b'GET']>
send_request_body.complete
receive_response_headers.started request=<Request [b'GET']>
send_request_headers.complete
send_request_body.started request=<Request [b'GET']>
send_request_body.complete
receive_response_headers.started request=<Request [b'GET']>
send_request_headers.complete
send_request_body.started request=<Request [b'GET']>
send_request_body.complete
receive_response_headers.started request=<Request [b'GET']>
send_request_headers.started request=<Request [b'GET']>
send_request_headers.started request=<Request [b'GET']>
send_request_headers.started request=<Request [b'GET']>
send_request_headers.started request=<Request [b'GET']>
send_request_headers.started request=<Request [b'GET']>
connect_tcp.complete return_value=<httpcore._backends.anyio.AnyIOStream object at 0x1102fef30>
send_request_headers.complete
send_request_body.started request=<Request [b'GET']>
send_request_body.complete
receive_response_headers.started request=<Request [b'GET']>
send_request_headers.complete
send_request_body.started request=<Request [b'GET']>
send_request_body.complete
receive_response_headers.started request=<Request [b'GET']>
send_request_headers.complete
send_request_body.started request=<Request [b'GET']>
send_request_body.complete
receive_response_headers.started request=<Request [b'GET']>
send_request_headers.complete
send_request_body.started request=<Request [b'GET']>
send_request_body.complete
receive_response_headers.started request=<Request [b'GET']>
send_request_headers.complete
send_request_body.started request=<Request [b'GET']>
send_request_body.complete
receive_response_headers.started request=<Request [b'GET']>
send_request_headers.started request=<Request [b'GET']>
send_request_headers.complete
send_request_body.started request=<Request [b'GET']>
send_request_body.complete
receive_response_headers.started request=<Request [b'GET']>
receive_response_headers.complete return_value=(b'HTTP/1.1', 200, b'OK', [(b'Connection', b'close'), (b'Transfer-Encoding', b'chunked'), (b'Content-Encoding', b'br'), (b'Content-Type', b'application/json'), (b'Date', b'Wed, 14 Jan 2026 15:04:09 GMT'), (b'Vary', b'accept-encoding, Origin, Access-Control-Request-Method, Access-Control-Request-Headers')])
receive_response_body.started request=<Request [b'GET']>
receive_response_headers.complete return_value=(b'HTTP/1.1', 200, b'OK', [(b'Connection', b'close'), (b'Transfer-Encoding', b'chunked'), (b'Content-Encoding', b'br'), (b'Content-Type', b'application/json'), (b'Date', b'Wed, 14 Jan 2026 15:04:09 GMT'), (b'Vary', b'accept-encoding, Origin, Access-Control-Request-Method, Access-Control-Request-Headers')])
receive_response_body.started request=<Request [b'GET']>
receive_response_headers.complete return_value=(b'HTTP/1.1', 200, b'OK', [(b'Connection', b'close'), (b'Transfer-Encoding', b'chunked'), (b'Content-Encoding', b'br'), (b'Content-Type', b'application/json'), (b'Date', b'Wed, 14 Jan 2026 15:04:09 GMT'), (b'Vary', b'accept-encoding, Origin, Access-Control-Request-Method, Access-Control-Request-Headers')])
receive_response_body.started request=<Request [b'GET']>
receive_response_body.complete
response_closed.started
receive_response_headers.complete return_value=(b'HTTP/1.1', 200, b'OK', [(b'Connection', b'close'), (b'Transfer-Encoding', b'chunked'), (b'Content-Encoding', b'br'), (b'Content-Type', b'application/json'), (b'Date', b'Wed, 14 Jan 2026 15:04:09 GMT'), (b'Vary', b'accept-encoding, Origin, Access-Control-Request-Method, Access-Control-Request-Headers')])
receive_response_body.started request=<Request [b'GET']>
receive_response_body.complete
response_closed.started
receive_response_headers.complete return_value=(b'HTTP/1.1', 200, b'OK', [(b'Connection', b'close'), (b'Transfer-Encoding', b'chunked'), (b'Content-Encoding', b'br'), (b'Content-Type', b'application/json'), (b'Date', b'Wed, 14 Jan 2026 15:04:09 GMT'), (b'Vary', b'accept-encoding, Origin, Access-Control-Request-Method, Access-Control-Request-Headers')])
receive_response_body.started request=<Request [b'GET']>
receive_response_body.complete
response_closed.started
receive_response_headers.complete return_value=(b'HTTP/1.1', 200, b'OK', [(b'Connection', b'close'), (b'Transfer-Encoding', b'chunked'), (b'Content-Encoding', b'br'), (b'Content-Type', b'application/json'), (b'Date', b'Wed, 14 Jan 2026 15:04:09 GMT'), (b'Vary', b'accept-encoding, Origin, Access-Control-Request-Method, Access-Control-Request-Headers')])
receive_response_body.started request=<Request [b'GET']>
receive_response_body.complete
response_closed.started
receive_response_body.complete
response_closed.started
receive_response_body.complete
response_closed.started
response_closed.complete
response_closed.complete
connect_tcp.started host='127.0.0.1' port=7890 local_address=None timeout=30.0 socket_options=None
connect_tcp.started host='127.0.0.1' port=7890 local_address=None timeout=30.0 socket_options=None
response_closed.complete
response_closed.complete
response_closed.complete
response_closed.complete
connect_tcp.started host='127.0.0.1' port=7890 local_address=None timeout=30.0 socket_options=None
connect_tcp.started host='127.0.0.1' port=7890 local_address=None timeout=30.0 socket_options=None
connect_tcp.started host='127.0.0.1' port=7890 local_address=None timeout=30.0 socket_options=None
connect_tcp.started host='127.0.0.1' port=7890 local_address=None timeout=30.0 socket_options=None
receive_response_headers.complete return_value=(b'HTTP/1.1', 200, b'OK', [(b'Connection', b'close'), (b'Transfer-Encoding', b'chunked'), (b'Content-Encoding', b'br'), (b'Content-Type', b'application/json'), (b'Date', b'Wed, 14 Jan 2026 15:04:09 GMT'), (b'Vary', b'accept-encoding, Origin, Access-Control-Request-Method, Access-Control-Request-Headers')])
receive_response_body.started request=<Request [b'GET']>
receive_response_body.complete
response_closed.started
receive_response_headers.complete return_value=(b'HTTP/1.1', 200, b'OK', [(b'Connection', b'close'), (b'Transfer-Encoding', b'chunked'), (b'Content-Encoding', b'br'), (b'Content-Type', b'application/json'), (b'Date', b'Wed, 14 Jan 2026 15:04:09 GMT'), (b'Vary', b'accept-encoding, Origin, Access-Control-Request-Method, Access-Control-Request-Headers')])
receive_response_body.started request=<Request [b'GET']>
receive_response_body.complete
response_closed.started
receive_response_headers.complete return_value=(b'HTTP/1.1', 200, b'OK', [(b'Connection', b'close'), (b'Transfer-Encoding', b'chunked'), (b'Content-Encoding', b'br'), (b'Content-Type', b'application/json'), (b'Date', b'Wed, 14 Jan 2026 15:04:09 GMT'), (b'Vary', b'accept-encoding, Origin, Access-Control-Request-Method, Access-Control-Request-Headers')])
receive_response_body.started request=<Request [b'GET']>
receive_response_body.complete
response_closed.started
receive_response_headers.complete return_value=(b'HTTP/1.1', 200, b'OK', [(b'Connection', b'close'), (b'Transfer-Encoding', b'chunked'), (b'Content-Encoding', b'br'), (b'Content-Type', b'application/json'), (b'Date', b'Wed, 14 Jan 2026 15:04:09 GMT'), (b'Vary', b'accept-encoding, Origin, Access-Control-Request-Method, Access-Control-Request-Headers')])
receive_response_body.started request=<Request [b'GET']>
receive_response_body.complete
response_closed.started
receive_response_headers.complete return_value=(b'HTTP/1.1', 200, b'OK', [(b'Connection', b'close'), (b'Transfer-Encoding', b'chunked'), (b'Content-Encoding', b'br'), (b'Content-Type', b'application/json'), (b'Date', b'Wed, 14 Jan 2026 15:04:09 GMT'), (b'Vary', b'accept-encoding, Origin, Access-Control-Request-Method, Access-Control-Request-Headers')])
receive_response_body.started request=<Request [b'GET']>
receive_response_body.complete
response_closed.started
receive_response_headers.complete return_value=(b'HTTP/1.1', 200, b'OK', [(b'Connection', b'close'), (b'Transfer-Encoding', b'chunked'), (b'Content-Encoding', b'br'), (b'Content-Type', b'application/json'), (b'Date', b'Wed, 14 Jan 2026 15:04:09 GMT'), (b'Vary', b'accept-encoding, Origin, Access-Control-Request-Method, Access-Control-Request-Headers')])
receive_response_body.started request=<Request [b'GET']>
receive_response_body.complete
response_closed.started
response_closed.complete
response_closed.complete
response_closed.complete
response_closed.complete
response_closed.complete
response_closed.complete
connect_tcp.started host='127.0.0.1' port=7890 local_address=None timeout=30.0 socket_options=None
connect_tcp.started host='127.0.0.1' port=7890 local_address=None timeout=30.0 socket_options=None
connect_tcp.started host='127.0.0.1' port=7890 local_address=None timeout=30.0 socket_options=None
connect_tcp.started host='127.0.0.1' port=7890 local_address=None timeout=30.0 socket_options=None
connect_tcp.started host='127.0.0.1' port=7890 local_address=None timeout=30.0 socket_options=None
connect_tcp.started host='127.0.0.1' port=7890 local_address=None timeout=30.0 socket_options=None
connect_tcp.complete return_value=<httpcore._backends.anyio.AnyIOStream object at 0x11029fa40>
connect_tcp.complete return_value=<httpcore._backends.anyio.AnyIOStream object at 0x11029dd90>
send_request_headers.started request=<Request [b'POST']>
send_request_headers.started request=<Request [b'POST']>
connect_tcp.complete return_value=<httpcore._backends.anyio.AnyIOStream object at 0x11781d850>
connect_tcp.complete return_value=<httpcore._backends.anyio.AnyIOStream object at 0x11029fce0>
send_request_headers.complete
send_request_body.started request=<Request [b'POST']>
send_request_headers.complete
send_request_body.started request=<Request [b'POST']>
send_request_headers.started request=<Request [b'POST']>
send_request_headers.started request=<Request [b'POST']>
connect_tcp.complete return_value=<httpcore._backends.anyio.AnyIOStream object at 0x11781e150>
connect_tcp.complete return_value=<httpcore._backends.anyio.AnyIOStream object at 0x11029d490>
send_request_body.complete
receive_response_headers.started request=<Request [b'POST']>
send_request_body.complete
receive_response_headers.started request=<Request [b'POST']>
send_request_headers.complete
send_request_body.started request=<Request [b'POST']>
send_request_headers.complete
send_request_body.started request=<Request [b'POST']>
send_request_headers.started request=<Request [b'POST']>
send_request_headers.started request=<Request [b'POST']>
send_request_body.complete
receive_response_headers.started request=<Request [b'POST']>
send_request_body.complete
receive_response_headers.started request=<Request [b'POST']>
send_request_headers.complete
send_request_body.started request=<Request [b'POST']>
send_request_headers.complete
send_request_body.started request=<Request [b'POST']>
connect_tcp.complete return_value=<httpcore._backends.anyio.AnyIOStream object at 0x11781f9e0>
connect_tcp.complete return_value=<httpcore._backends.anyio.AnyIOStream object at 0x11781d430>
connect_tcp.complete return_value=<httpcore._backends.anyio.AnyIOStream object at 0x1178447d0>
connect_tcp.complete return_value=<httpcore._backends.anyio.AnyIOStream object at 0x117845d30>
connect_tcp.complete return_value=<httpcore._backends.anyio.AnyIOStream object at 0x117839970>
connect_tcp.complete return_value=<httpcore._backends.anyio.AnyIOStream object at 0x11783a330>
send_request_body.complete
receive_response_headers.started request=<Request [b'POST']>
send_request_body.complete
receive_response_headers.started request=<Request [b'POST']>
send_request_headers.started request=<Request [b'POST']>
send_request_headers.started request=<Request [b'POST']>
send_request_headers.started request=<Request [b'POST']>
send_request_headers.started request=<Request [b'POST']>
send_request_headers.started request=<Request [b'POST']>
send_request_headers.started request=<Request [b'POST']>
send_request_headers.complete
send_request_body.started request=<Request [b'POST']>
send_request_headers.complete
send_request_body.started request=<Request [b'POST']>
send_request_headers.complete
send_request_body.started request=<Request [b'POST']>
send_request_headers.complete
send_request_body.started request=<Request [b'POST']>
send_request_headers.complete
send_request_body.started request=<Request [b'POST']>
send_request_headers.complete
send_request_body.started request=<Request [b'POST']>
send_request_body.complete
receive_response_headers.started request=<Request [b'POST']>
send_request_body.complete
receive_response_headers.started request=<Request [b'POST']>
send_request_body.complete
receive_response_headers.started request=<Request [b'POST']>
send_request_body.complete
receive_response_headers.started request=<Request [b'POST']>
send_request_body.complete
receive_response_headers.started request=<Request [b'POST']>
send_request_body.complete
receive_response_headers.started request=<Request [b'POST']>
receive_response_headers.complete return_value=(b'HTTP/1.1', 200, b'OK', [(b'Connection', b'close'), (b'Transfer-Encoding', b'chunked'), (b'Content-Encoding', b'br'), (b'Content-Type', b'application/json'), (b'Date', b'Wed, 14 Jan 2026 15:04:09 GMT'), (b'Vary', b'accept-encoding, Origin, Access-Control-Request-Method, Access-Control-Request-Headers')])
receive_response_body.started request=<Request [b'POST']>
receive_response_body.complete
response_closed.started
response_closed.complete
receive_response_headers.complete return_value=(b'HTTP/1.1', 200, b'OK', [(b'Connection', b'close'), (b'Transfer-Encoding', b'chunked'), (b'Content-Encoding', b'br'), (b'Content-Type', b'application/json'), (b'Date', b'Wed, 14 Jan 2026 15:04:09 GMT'), (b'Vary', b'accept-encoding, Origin, Access-Control-Request-Method, Access-Control-Request-Headers')])
receive_response_body.started request=<Request [b'POST']>
receive_response_body.complete
response_closed.started
receive_response_headers.complete return_value=(b'HTTP/1.1', 200, b'OK', [(b'Connection', b'close'), (b'Transfer-Encoding', b'chunked'), (b'Content-Encoding', b'br'), (b'Content-Type', b'application/json'), (b'Date', b'Wed, 14 Jan 2026 15:04:09 GMT'), (b'Vary', b'accept-encoding, Origin, Access-Control-Request-Method, Access-Control-Request-Headers')])
receive_response_body.started request=<Request [b'POST']>
receive_response_body.complete
response_closed.started
receive_response_headers.complete return_value=(b'HTTP/1.1', 200, b'OK', [(b'Connection', b'close'), (b'Transfer-Encoding', b'chunked'), (b'Content-Encoding', b'br'), (b'Content-Type', b'application/json'), (b'Date', b'Wed, 14 Jan 2026 15:04:09 GMT'), (b'Vary', b'accept-encoding, Origin, Access-Control-Request-Method, Access-Control-Request-Headers')])
receive_response_body.started request=<Request [b'POST']>
receive_response_body.complete
response_closed.started
receive_response_headers.complete return_value=(b'HTTP/1.1', 200, b'OK', [(b'Connection', b'close'), (b'Transfer-Encoding', b'chunked'), (b'Content-Encoding', b'br'), (b'Content-Type', b'application/json'), (b'Date', b'Wed, 14 Jan 2026 15:04:09 GMT'), (b'Vary', b'accept-encoding, Origin, Access-Control-Request-Method, Access-Control-Request-Headers')])
receive_response_body.started request=<Request [b'POST']>
receive_response_body.complete
response_closed.started
receive_response_headers.complete return_value=(b'HTTP/1.1', 200, b'OK', [(b'Connection', b'close'), (b'Transfer-Encoding', b'chunked'), (b'Content-Encoding', b'br'), (b'Content-Type', b'application/json'), (b'Date', b'Wed, 14 Jan 2026 15:04:09 GMT'), (b'Vary', b'accept-encoding, Origin, Access-Control-Request-Method, Access-Control-Request-Headers')])
receive_response_body.started request=<Request [b'POST']>
receive_response_body.complete
response_closed.started
receive_response_headers.complete return_value=(b'HTTP/1.1', 200, b'OK', [(b'Connection', b'close'), (b'Transfer-Encoding', b'chunked'), (b'Content-Encoding', b'br'), (b'Content-Type', b'application/json'), (b'Date', b'Wed, 14 Jan 2026 15:04:09 GMT'), (b'Vary', b'accept-encoding, Origin, Access-Control-Request-Method, Access-Control-Request-Headers')])
receive_response_body.started request=<Request [b'POST']>
receive_response_body.complete
response_closed.started
response_closed.complete
response_closed.complete
response_closed.complete
response_closed.complete
response_closed.complete
response_closed.complete
receive_response_headers.complete return_value=(b'HTTP/1.1', 200, b'OK', [(b'Connection', b'close'), (b'Transfer-Encoding', b'chunked'), (b'Content-Encoding', b'br'), (b'Content-Type', b'application/json'), (b'Date', b'Wed, 14 Jan 2026 15:04:09 GMT'), (b'Vary', b'accept-encoding, Origin, Access-Control-Request-Method, Access-Control-Request-Headers')])
receive_response_body.started request=<Request [b'POST']>
receive_response_body.complete
response_closed.started
receive_response_headers.complete return_value=(b'HTTP/1.1', 200, b'OK', [(b'Connection', b'close'), (b'Transfer-Encoding', b'chunked'), (b'Content-Encoding', b'br'), (b'Content-Type', b'application/json'), (b'Date', b'Wed, 14 Jan 2026 15:04:09 GMT'), (b'Vary', b'accept-encoding, Origin, Access-Control-Request-Method, Access-Control-Request-Headers')])
receive_response_body.started request=<Request [b'POST']>
receive_response_body.complete
response_closed.started
receive_response_headers.complete return_value=(b'HTTP/1.1', 200, b'OK', [(b'Connection', b'close'), (b'Transfer-Encoding', b'chunked'), (b'Content-Encoding', b'br'), (b'Content-Type', b'application/json'), (b'Date', b'Wed, 14 Jan 2026 15:04:09 GMT'), (b'Vary', b'accept-encoding, Origin, Access-Control-Request-Method, Access-Control-Request-Headers')])
receive_response_body.started request=<Request [b'POST']>
receive_response_body.complete
response_closed.started
receive_response_headers.complete return_value=(b'HTTP/1.1', 200, b'OK', [(b'Connection', b'close'), (b'Transfer-Encoding', b'chunked'), (b'Content-Encoding', b'br'), (b'Content-Type', b'application/json'), (b'Date', b'Wed, 14 Jan 2026 15:04:09 GMT'), (b'Vary', b'accept-encoding, Origin, Access-Control-Request-Method, Access-Control-Request-Headers')])
receive_response_body.started request=<Request [b'POST']>
receive_response_body.complete
response_closed.started
receive_response_headers.complete return_value=(b'HTTP/1.1', 200, b'OK', [(b'Connection', b'close'), (b'Transfer-Encoding', b'chunked'), (b'Content-Encoding', b'br'), (b'Content-Type', b'application/json'), (b'Date', b'Wed, 14 Jan 2026 15:04:09 GMT'), (b'Vary', b'accept-encoding, Origin, Access-Control-Request-Method, Access-Control-Request-Headers')])
receive_response_body.started request=<Request [b'POST']>
receive_response_body.complete
response_closed.started
response_closed.complete
response_closed.complete
response_closed.complete
response_closed.complete
response_closed.complete
[2m2026-01-14T15:04:09.891943Z[0m [[32m[1minfo     [0m] [1mrequest_completed             [0m [[0m[1m[34mapp.core.logger_utils[0m][0m [36mclient[0m=[35m127.0.0.1[0m [36mduration_ms[0m=[35m407.8[0m [36menvironment[0m=[35mdevelopment[0m [36mfilename[0m=[35mmain.py[0m [36mfunc_name[0m=[35mlog_requests[0m [36mlineno[0m=[35m132[0m [36mmethod[0m=[35mGET[0m [36mmodule[0m=[35mmain[0m [36mpath[0m=[35m/api/v1/knowledge/collections[0m [36mpathname[0m=[35m/Users/apple/PycharmProjects/Bank-copilot/app/main.py[0m [36mrequest_id[0m=[35mf8e1a581-334e-44fb-b77c-c8e2bcaac8cd[0m [36mstatus_code[0m=[35m200[0m
INFO:     127.0.0.1:55300 - "GET /api/v1/knowledge/collections HTTP/1.1" 200 OK
[2m2026-01-14T15:04:09.892196Z[0m [[32m[1minfo     [0m] [1mrequest_completed             [0m [[0m[1m[34mapp.core.logger_utils[0m][0m [36mclient[0m=[35m127.0.0.1[0m [36mduration_ms[0m=[35m408.03[0m [36menvironment[0m=[35mdevelopment[0m [36mfilename[0m=[35mmain.py[0m [36mfunc_name[0m=[35mlog_requests[0m [36mlineno[0m=[35m132[0m [36mmethod[0m=[35mGET[0m [36mmodule[0m=[35mmain[0m [36mpath[0m=[35m/api/v1/knowledge/stats[0m [36mpathname[0m=[35m/Users/apple/PycharmProjects/Bank-copilot/app/main.py[0m [36mrequest_id[0m=[35mf218b835-e709-4a60-b57a-447c53e72847[0m [36mstatus_code[0m=[35m200[0m
INFO:     127.0.0.1:55302 - "GET /api/v1/knowledge/stats HTTP/1.1" 200 OK
connect_tcp.started host='127.0.0.1' port=7890 local_address=None timeout=30.0 socket_options=None
connect_tcp.complete return_value=<httpcore._backends.anyio.AnyIOStream object at 0x117844530>
send_request_headers.started request=<Request [b'GET']>
send_request_headers.complete
send_request_body.started request=<Request [b'GET']>
send_request_body.complete
receive_response_headers.started request=<Request [b'GET']>
receive_response_headers.complete return_value=(b'HTTP/1.1', 200, b'OK', [(b'Connection', b'close'), (b'Transfer-Encoding', b'chunked'), (b'Content-Encoding', b'br'), (b'Content-Type', b'application/json'), (b'Date', b'Wed, 14 Jan 2026 15:04:21 GMT'), (b'Vary', b'accept-encoding, Origin, Access-Control-Request-Method, Access-Control-Request-Headers')])
receive_response_body.started request=<Request [b'GET']>
receive_response_body.complete
response_closed.started
response_closed.complete
connect_tcp.started host='127.0.0.1' port=7890 local_address=None timeout=30.0 socket_options=None
connect_tcp.started host='127.0.0.1' port=7890 local_address=None timeout=30.0 socket_options=None
connect_tcp.started host='127.0.0.1' port=7890 local_address=None timeout=30.0 socket_options=None
connect_tcp.started host='127.0.0.1' port=7890 local_address=None timeout=30.0 socket_options=None
connect_tcp.started host='127.0.0.1' port=7890 local_address=None timeout=30.0 socket_options=None
connect_tcp.started host='127.0.0.1' port=7890 local_address=None timeout=30.0 socket_options=None
connect_tcp.complete return_value=<httpcore._backends.anyio.AnyIOStream object at 0x110242930>
connect_tcp.complete return_value=<httpcore._backends.anyio.AnyIOStream object at 0x1102e2a50>
connect_tcp.complete return_value=<httpcore._backends.anyio.AnyIOStream object at 0x1102e3620>
connect_tcp.complete return_value=<httpcore._backends.anyio.AnyIOStream object at 0x1102e07a0>
connect_tcp.complete return_value=<httpcore._backends.anyio.AnyIOStream object at 0x1102e2b40>
send_request_headers.started request=<Request [b'GET']>
send_request_headers.started request=<Request [b'GET']>
send_request_headers.started request=<Request [b'GET']>
send_request_headers.started request=<Request [b'GET']>
send_request_headers.started request=<Request [b'GET']>
connect_tcp.complete return_value=<httpcore._backends.anyio.AnyIOStream object at 0x1102e0c80>
send_request_headers.complete
send_request_body.started request=<Request [b'GET']>
send_request_body.complete
receive_response_headers.started request=<Request [b'GET']>
send_request_headers.complete
send_request_body.started request=<Request [b'GET']>
send_request_body.complete
receive_response_headers.started request=<Request [b'GET']>
send_request_headers.complete
send_request_body.started request=<Request [b'GET']>
send_request_body.complete
receive_response_headers.started request=<Request [b'GET']>
send_request_headers.complete
send_request_body.started request=<Request [b'GET']>
send_request_body.complete
receive_response_headers.started request=<Request [b'GET']>
send_request_headers.complete
send_request_body.started request=<Request [b'GET']>
send_request_body.complete
receive_response_headers.started request=<Request [b'GET']>
send_request_headers.started request=<Request [b'GET']>
send_request_headers.complete
send_request_body.started request=<Request [b'GET']>
send_request_body.complete
receive_response_headers.started request=<Request [b'GET']>
receive_response_headers.complete return_value=(b'HTTP/1.1', 200, b'OK', [(b'Connection', b'close'), (b'Transfer-Encoding', b'chunked'), (b'Content-Encoding', b'br'), (b'Content-Type', b'application/json'), (b'Date', b'Wed, 14 Jan 2026 15:04:21 GMT'), (b'Vary', b'accept-encoding, Origin, Access-Control-Request-Method, Access-Control-Request-Headers')])
receive_response_body.started request=<Request [b'GET']>
receive_response_body.complete
response_closed.started
receive_response_headers.complete return_value=(b'HTTP/1.1', 200, b'OK', [(b'Connection', b'close'), (b'Transfer-Encoding', b'chunked'), (b'Content-Encoding', b'br'), (b'Content-Type', b'application/json'), (b'Date', b'Wed, 14 Jan 2026 15:04:21 GMT'), (b'Vary', b'accept-encoding, Origin, Access-Control-Request-Method, Access-Control-Request-Headers')])
receive_response_body.started request=<Request [b'GET']>
receive_response_body.complete
response_closed.started
receive_response_headers.complete return_value=(b'HTTP/1.1', 200, b'OK', [(b'Connection', b'close'), (b'Transfer-Encoding', b'chunked'), (b'Content-Encoding', b'br'), (b'Content-Type', b'application/json'), (b'Date', b'Wed, 14 Jan 2026 15:04:21 GMT'), (b'Vary', b'accept-encoding, Origin, Access-Control-Request-Method, Access-Control-Request-Headers')])
receive_response_body.started request=<Request [b'GET']>
receive_response_body.complete
response_closed.started
receive_response_headers.complete return_value=(b'HTTP/1.1', 200, b'OK', [(b'Connection', b'close'), (b'Transfer-Encoding', b'chunked'), (b'Content-Encoding', b'br'), (b'Content-Type', b'application/json'), (b'Date', b'Wed, 14 Jan 2026 15:04:21 GMT'), (b'Vary', b'accept-encoding, Origin, Access-Control-Request-Method, Access-Control-Request-Headers')])
receive_response_body.started request=<Request [b'GET']>
receive_response_body.complete
response_closed.started
receive_response_headers.complete return_value=(b'HTTP/1.1', 200, b'OK', [(b'Connection', b'close'), (b'Transfer-Encoding', b'chunked'), (b'Content-Encoding', b'br'), (b'Content-Type', b'application/json'), (b'Date', b'Wed, 14 Jan 2026 15:04:21 GMT'), (b'Vary', b'accept-encoding, Origin, Access-Control-Request-Method, Access-Control-Request-Headers')])
receive_response_body.started request=<Request [b'GET']>
receive_response_body.complete
response_closed.started
receive_response_headers.complete return_value=(b'HTTP/1.1', 200, b'OK', [(b'Connection', b'close'), (b'Transfer-Encoding', b'chunked'), (b'Content-Encoding', b'br'), (b'Content-Type', b'application/json'), (b'Date', b'Wed, 14 Jan 2026 15:04:21 GMT'), (b'Vary', b'accept-encoding, Origin, Access-Control-Request-Method, Access-Control-Request-Headers')])
receive_response_body.started request=<Request [b'GET']>
receive_response_body.complete
response_closed.started
response_closed.complete
response_closed.complete
response_closed.complete
response_closed.complete
connect_tcp.started host='127.0.0.1' port=7890 local_address=None timeout=30.0 socket_options=None
connect_tcp.started host='127.0.0.1' port=7890 local_address=None timeout=30.0 socket_options=None
connect_tcp.started host='127.0.0.1' port=7890 local_address=None timeout=30.0 socket_options=None
connect_tcp.started host='127.0.0.1' port=7890 local_address=None timeout=30.0 socket_options=None
response_closed.complete
response_closed.complete
connect_tcp.started host='127.0.0.1' port=7890 local_address=None timeout=30.0 socket_options=None
connect_tcp.started host='127.0.0.1' port=7890 local_address=None timeout=30.0 socket_options=None
connect_tcp.complete return_value=<httpcore._backends.anyio.AnyIOStream object at 0x1102b8ad0>
connect_tcp.complete return_value=<httpcore._backends.anyio.AnyIOStream object at 0x11029df40>
connect_tcp.complete return_value=<httpcore._backends.anyio.AnyIOStream object at 0x11029d0a0>
connect_tcp.complete return_value=<httpcore._backends.anyio.AnyIOStream object at 0x1102438f0>
send_request_headers.started request=<Request [b'POST']>
send_request_headers.started request=<Request [b'POST']>
send_request_headers.started request=<Request [b'POST']>
send_request_headers.started request=<Request [b'POST']>
send_request_headers.complete
send_request_body.started request=<Request [b'POST']>
send_request_headers.complete
send_request_body.started request=<Request [b'POST']>
send_request_headers.complete
send_request_body.started request=<Request [b'POST']>
send_request_headers.complete
send_request_body.started request=<Request [b'POST']>
connect_tcp.complete return_value=<httpcore._backends.anyio.AnyIOStream object at 0x1178478f0>
connect_tcp.complete return_value=<httpcore._backends.anyio.AnyIOStream object at 0x1102e3b00>
send_request_body.complete
receive_response_headers.started request=<Request [b'POST']>
send_request_body.complete
receive_response_headers.started request=<Request [b'POST']>
send_request_body.complete
receive_response_headers.started request=<Request [b'POST']>
send_request_body.complete
receive_response_headers.started request=<Request [b'POST']>
send_request_headers.started request=<Request [b'POST']>
send_request_headers.started request=<Request [b'POST']>
send_request_headers.complete
send_request_body.started request=<Request [b'POST']>
send_request_headers.complete
send_request_body.started request=<Request [b'POST']>
send_request_body.complete
receive_response_headers.started request=<Request [b'POST']>
send_request_body.complete
receive_response_headers.started request=<Request [b'POST']>
receive_response_headers.complete return_value=(b'HTTP/1.1', 200, b'OK', [(b'Connection', b'close'), (b'Transfer-Encoding', b'chunked'), (b'Content-Encoding', b'br'), (b'Content-Type', b'application/json'), (b'Date', b'Wed, 14 Jan 2026 15:04:21 GMT'), (b'Vary', b'accept-encoding, Origin, Access-Control-Request-Method, Access-Control-Request-Headers')])
receive_response_body.started request=<Request [b'POST']>
receive_response_body.complete
response_closed.started
receive_response_headers.complete return_value=(b'HTTP/1.1', 200, b'OK', [(b'Connection', b'close'), (b'Transfer-Encoding', b'chunked'), (b'Content-Encoding', b'br'), (b'Content-Type', b'application/json'), (b'Date', b'Wed, 14 Jan 2026 15:04:21 GMT'), (b'Vary', b'accept-encoding, Origin, Access-Control-Request-Method, Access-Control-Request-Headers')])
receive_response_body.started request=<Request [b'POST']>
receive_response_body.complete
response_closed.started
receive_response_headers.complete return_value=(b'HTTP/1.1', 200, b'OK', [(b'Connection', b'close'), (b'Transfer-Encoding', b'chunked'), (b'Content-Encoding', b'br'), (b'Content-Type', b'application/json'), (b'Date', b'Wed, 14 Jan 2026 15:04:21 GMT'), (b'Vary', b'accept-encoding, Origin, Access-Control-Request-Method, Access-Control-Request-Headers')])
receive_response_body.started request=<Request [b'POST']>
receive_response_body.complete
response_closed.started
receive_response_headers.complete return_value=(b'HTTP/1.1', 200, b'OK', [(b'Connection', b'close'), (b'Transfer-Encoding', b'chunked'), (b'Content-Encoding', b'br'), (b'Content-Type', b'application/json'), (b'Date', b'Wed, 14 Jan 2026 15:04:21 GMT'), (b'Vary', b'accept-encoding, Origin, Access-Control-Request-Method, Access-Control-Request-Headers')])
receive_response_body.started request=<Request [b'POST']>
receive_response_body.complete
response_closed.started
receive_response_headers.complete return_value=(b'HTTP/1.1', 200, b'OK', [(b'Connection', b'close'), (b'Transfer-Encoding', b'chunked'), (b'Content-Encoding', b'br'), (b'Content-Type', b'application/json'), (b'Date', b'Wed, 14 Jan 2026 15:04:21 GMT'), (b'Vary', b'accept-encoding, Origin, Access-Control-Request-Method, Access-Control-Request-Headers')])
receive_response_body.started request=<Request [b'POST']>
receive_response_body.complete
response_closed.started
response_closed.complete
response_closed.complete
response_closed.complete
response_closed.complete
receive_response_headers.complete return_value=(b'HTTP/1.1', 200, b'OK', [(b'Connection', b'close'), (b'Transfer-Encoding', b'chunked'), (b'Content-Encoding', b'br'), (b'Content-Type', b'application/json'), (b'Date', b'Wed, 14 Jan 2026 15:04:21 GMT'), (b'Vary', b'accept-encoding, Origin, Access-Control-Request-Method, Access-Control-Request-Headers')])
receive_response_body.started request=<Request [b'POST']>
receive_response_body.complete
response_closed.started
response_closed.complete
response_closed.complete
[2m2026-01-14T15:04:22.018100Z[0m [[32m[1minfo     [0m] [1mrequest_completed             [0m [[0m[1m[34mapp.core.logger_utils[0m][0m [36mclient[0m=[35m127.0.0.1[0m [36mduration_ms[0m=[35m273.65[0m [36menvironment[0m=[35mdevelopment[0m [36mfilename[0m=[35mmain.py[0m [36mfunc_name[0m=[35mlog_requests[0m [36mlineno[0m=[35m132[0m [36mmethod[0m=[35mGET[0m [36mmodule[0m=[35mmain[0m [36mpath[0m=[35m/api/v1/knowledge/collections[0m [36mpathname[0m=[35m/Users/apple/PycharmProjects/Bank-copilot/app/main.py[0m [36mrequest_id[0m=[35m1ce7ff21-bbb5-49bc-9835-7af02340eca4[0m [36mstatus_code[0m=[35m200[0m
INFO:     127.0.0.1:55398 - "GET /api/v1/knowledge/collections HTTP/1.1" 200 OK
connect_tcp.started host='127.0.0.1' port=7890 local_address=None timeout=30.0 socket_options=None
connect_tcp.complete return_value=<httpcore._backends.anyio.AnyIOStream object at 0x110243650>
send_request_headers.started request=<Request [b'GET']>
send_request_headers.complete
send_request_body.started request=<Request [b'GET']>
send_request_body.complete
receive_response_headers.started request=<Request [b'GET']>
receive_response_headers.complete return_value=(b'HTTP/1.1', 200, b'OK', [(b'Connection', b'close'), (b'Transfer-Encoding', b'chunked'), (b'Content-Encoding', b'br'), (b'Content-Type', b'application/json'), (b'Date', b'Wed, 14 Jan 2026 15:04:21 GMT'), (b'Vary', b'accept-encoding, Origin, Access-Control-Request-Method, Access-Control-Request-Headers')])
receive_response_body.started request=<Request [b'GET']>
receive_response_body.complete
response_closed.started
response_closed.complete
connect_tcp.started host='127.0.0.1' port=7890 local_address=None timeout=30.0 socket_options=None
connect_tcp.started host='127.0.0.1' port=7890 local_address=None timeout=30.0 socket_options=None
connect_tcp.started host='127.0.0.1' port=7890 local_address=None timeout=30.0 socket_options=None
connect_tcp.started host='127.0.0.1' port=7890 local_address=None timeout=30.0 socket_options=None
connect_tcp.started host='127.0.0.1' port=7890 local_address=None timeout=30.0 socket_options=None
connect_tcp.started host='127.0.0.1' port=7890 local_address=None timeout=30.0 socket_options=None
connect_tcp.complete return_value=<httpcore._backends.anyio.AnyIOStream object at 0x11029df40>
connect_tcp.complete return_value=<httpcore._backends.anyio.AnyIOStream object at 0x11029f890>
connect_tcp.complete return_value=<httpcore._backends.anyio.AnyIOStream object at 0x117812540>
connect_tcp.complete return_value=<httpcore._backends.anyio.AnyIOStream object at 0x117812b10>
connect_tcp.complete return_value=<httpcore._backends.anyio.AnyIOStream object at 0x11029ec60>
send_request_headers.started request=<Request [b'GET']>
send_request_headers.started request=<Request [b'GET']>
send_request_headers.started request=<Request [b'GET']>
send_request_headers.started request=<Request [b'GET']>
send_request_headers.started request=<Request [b'GET']>
connect_tcp.complete return_value=<httpcore._backends.anyio.AnyIOStream object at 0x117838f80>
send_request_headers.complete
send_request_body.started request=<Request [b'GET']>
send_request_body.complete
receive_response_headers.started request=<Request [b'GET']>
send_request_headers.complete
send_request_body.started request=<Request [b'GET']>
send_request_body.complete
receive_response_headers.started request=<Request [b'GET']>
send_request_headers.complete
send_request_body.started request=<Request [b'GET']>
send_request_body.complete
receive_response_headers.started request=<Request [b'GET']>
send_request_headers.complete
send_request_body.started request=<Request [b'GET']>
send_request_body.complete
receive_response_headers.started request=<Request [b'GET']>
send_request_headers.complete
send_request_body.started request=<Request [b'GET']>
send_request_body.complete
receive_response_headers.started request=<Request [b'GET']>
send_request_headers.started request=<Request [b'GET']>
send_request_headers.complete
send_request_body.started request=<Request [b'GET']>
send_request_body.complete
receive_response_headers.started request=<Request [b'GET']>
receive_response_headers.complete return_value=(b'HTTP/1.1', 200, b'OK', [(b'Connection', b'close'), (b'Transfer-Encoding', b'chunked'), (b'Content-Encoding', b'br'), (b'Content-Type', b'application/json'), (b'Date', b'Wed, 14 Jan 2026 15:04:21 GMT'), (b'Vary', b'accept-encoding, Origin, Access-Control-Request-Method, Access-Control-Request-Headers')])
receive_response_body.started request=<Request [b'GET']>
receive_response_body.complete
response_closed.started
receive_response_headers.complete return_value=(b'HTTP/1.1', 200, b'OK', [(b'Connection', b'close'), (b'Transfer-Encoding', b'chunked'), (b'Content-Encoding', b'br'), (b'Content-Type', b'application/json'), (b'Date', b'Wed, 14 Jan 2026 15:04:21 GMT'), (b'Vary', b'accept-encoding, Origin, Access-Control-Request-Method, Access-Control-Request-Headers')])
receive_response_body.started request=<Request [b'GET']>
receive_response_body.complete
response_closed.started
receive_response_headers.complete return_value=(b'HTTP/1.1', 200, b'OK', [(b'Connection', b'close'), (b'Transfer-Encoding', b'chunked'), (b'Content-Encoding', b'br'), (b'Content-Type', b'application/json'), (b'Date', b'Wed, 14 Jan 2026 15:04:21 GMT'), (b'Vary', b'accept-encoding, Origin, Access-Control-Request-Method, Access-Control-Request-Headers')])
receive_response_body.started request=<Request [b'GET']>
receive_response_body.complete
response_closed.started
receive_response_headers.complete return_value=(b'HTTP/1.1', 200, b'OK', [(b'Connection', b'close'), (b'Transfer-Encoding', b'chunked'), (b'Content-Encoding', b'br'), (b'Content-Type', b'application/json'), (b'Date', b'Wed, 14 Jan 2026 15:04:21 GMT'), (b'Vary', b'accept-encoding, Origin, Access-Control-Request-Method, Access-Control-Request-Headers')])
receive_response_body.started request=<Request [b'GET']>
receive_response_body.complete
response_closed.started
receive_response_headers.complete return_value=(b'HTTP/1.1', 200, b'OK', [(b'Connection', b'close'), (b'Transfer-Encoding', b'chunked'), (b'Content-Encoding', b'br'), (b'Content-Type', b'application/json'), (b'Date', b'Wed, 14 Jan 2026 15:04:21 GMT'), (b'Vary', b'accept-encoding, Origin, Access-Control-Request-Method, Access-Control-Request-Headers')])
receive_response_body.started request=<Request [b'GET']>
receive_response_body.complete
response_closed.started
receive_response_headers.complete return_value=(b'HTTP/1.1', 200, b'OK', [(b'Connection', b'close'), (b'Transfer-Encoding', b'chunked'), (b'Content-Encoding', b'br'), (b'Content-Type', b'application/json'), (b'Date', b'Wed, 14 Jan 2026 15:04:21 GMT'), (b'Vary', b'accept-encoding, Origin, Access-Control-Request-Method, Access-Control-Request-Headers')])
receive_response_body.started request=<Request [b'GET']>
receive_response_body.complete
response_closed.started
response_closed.complete
response_closed.complete
response_closed.complete
response_closed.complete
response_closed.complete
response_closed.complete
connect_tcp.started host='127.0.0.1' port=7890 local_address=None timeout=30.0 socket_options=None
connect_tcp.started host='127.0.0.1' port=7890 local_address=None timeout=30.0 socket_options=None
connect_tcp.started host='127.0.0.1' port=7890 local_address=None timeout=30.0 socket_options=None
connect_tcp.started host='127.0.0.1' port=7890 local_address=None timeout=30.0 socket_options=None
connect_tcp.started host='127.0.0.1' port=7890 local_address=None timeout=30.0 socket_options=None
connect_tcp.started host='127.0.0.1' port=7890 local_address=None timeout=30.0 socket_options=None
connect_tcp.complete return_value=<httpcore._backends.anyio.AnyIOStream object at 0x11781ffe0>
connect_tcp.complete return_value=<httpcore._backends.anyio.AnyIOStream object at 0x1102bac30>
connect_tcp.complete return_value=<httpcore._backends.anyio.AnyIOStream object at 0x110242030>
connect_tcp.complete return_value=<httpcore._backends.anyio.AnyIOStream object at 0x11781d9a0>
connect_tcp.complete return_value=<httpcore._backends.anyio.AnyIOStream object at 0x11781e900>
send_request_headers.started request=<Request [b'POST']>
send_request_headers.started request=<Request [b'POST']>
send_request_headers.started request=<Request [b'POST']>
send_request_headers.started request=<Request [b'POST']>
send_request_headers.started request=<Request [b'POST']>
send_request_headers.complete
send_request_body.started request=<Request [b'POST']>
send_request_headers.complete
send_request_body.started request=<Request [b'POST']>
send_request_headers.complete
send_request_body.started request=<Request [b'POST']>
send_request_headers.complete
send_request_body.started request=<Request [b'POST']>
send_request_headers.complete
send_request_body.started request=<Request [b'POST']>
connect_tcp.complete return_value=<httpcore._backends.anyio.AnyIOStream object at 0x11781fe90>
send_request_body.complete
receive_response_headers.started request=<Request [b'POST']>
send_request_body.complete
receive_response_headers.started request=<Request [b'POST']>
send_request_body.complete
receive_response_headers.started request=<Request [b'POST']>
send_request_body.complete
receive_response_headers.started request=<Request [b'POST']>
send_request_body.complete
receive_response_headers.started request=<Request [b'POST']>
send_request_headers.started request=<Request [b'POST']>
send_request_headers.complete
send_request_body.started request=<Request [b'POST']>
send_request_body.complete
receive_response_headers.started request=<Request [b'POST']>
receive_response_headers.complete return_value=(b'HTTP/1.1', 200, b'OK', [(b'Connection', b'close'), (b'Transfer-Encoding', b'chunked'), (b'Content-Encoding', b'br'), (b'Content-Type', b'application/json'), (b'Date', b'Wed, 14 Jan 2026 15:04:21 GMT'), (b'Vary', b'accept-encoding, Origin, Access-Control-Request-Method, Access-Control-Request-Headers')])
receive_response_body.started request=<Request [b'POST']>
receive_response_body.complete
response_closed.started
response_closed.complete
receive_response_headers.complete return_value=(b'HTTP/1.1', 200, b'OK', [(b'Connection', b'close'), (b'Transfer-Encoding', b'chunked'), (b'Content-Encoding', b'br'), (b'Content-Type', b'application/json'), (b'Date', b'Wed, 14 Jan 2026 15:04:21 GMT'), (b'Vary', b'accept-encoding, Origin, Access-Control-Request-Method, Access-Control-Request-Headers')])
receive_response_body.started request=<Request [b'POST']>
receive_response_body.complete
response_closed.started
receive_response_headers.complete return_value=(b'HTTP/1.1', 200, b'OK', [(b'Connection', b'close'), (b'Transfer-Encoding', b'chunked'), (b'Content-Encoding', b'br'), (b'Content-Type', b'application/json'), (b'Date', b'Wed, 14 Jan 2026 15:04:21 GMT'), (b'Vary', b'accept-encoding, Origin, Access-Control-Request-Method, Access-Control-Request-Headers')])
receive_response_body.started request=<Request [b'POST']>
receive_response_body.complete
response_closed.started
response_closed.complete
response_closed.complete
receive_response_headers.complete return_value=(b'HTTP/1.1', 200, b'OK', [(b'Connection', b'close'), (b'Transfer-Encoding', b'chunked'), (b'Content-Encoding', b'br'), (b'Content-Type', b'application/json'), (b'Date', b'Wed, 14 Jan 2026 15:04:21 GMT'), (b'Vary', b'accept-encoding, Origin, Access-Control-Request-Method, Access-Control-Request-Headers')])
receive_response_body.started request=<Request [b'POST']>
receive_response_body.complete
response_closed.started
response_closed.complete
receive_response_headers.complete return_value=(b'HTTP/1.1', 200, b'OK', [(b'Connection', b'close'), (b'Transfer-Encoding', b'chunked'), (b'Content-Encoding', b'br'), (b'Content-Type', b'application/json'), (b'Date', b'Wed, 14 Jan 2026 15:04:21 GMT'), (b'Vary', b'accept-encoding, Origin, Access-Control-Request-Method, Access-Control-Request-Headers')])
receive_response_body.started request=<Request [b'POST']>
receive_response_body.complete
response_closed.started
receive_response_headers.complete return_value=(b'HTTP/1.1', 200, b'OK', [(b'Connection', b'close'), (b'Transfer-Encoding', b'chunked'), (b'Content-Encoding', b'br'), (b'Content-Type', b'application/json'), (b'Date', b'Wed, 14 Jan 2026 15:04:21 GMT'), (b'Vary', b'accept-encoding, Origin, Access-Control-Request-Method, Access-Control-Request-Headers')])
receive_response_body.started request=<Request [b'POST']>
receive_response_body.complete
response_closed.started
response_closed.complete
response_closed.complete
[2m2026-01-14T15:04:22.335553Z[0m [[32m[1minfo     [0m] [1mrequest_completed             [0m [[0m[1m[34mapp.core.logger_utils[0m][0m [36mclient[0m=[35m127.0.0.1[0m [36mduration_ms[0m=[35m314.14[0m [36menvironment[0m=[35mdevelopment[0m [36mfilename[0m=[35mmain.py[0m [36mfunc_name[0m=[35mlog_requests[0m [36mlineno[0m=[35m132[0m [36mmethod[0m=[35mGET[0m [36mmodule[0m=[35mmain[0m [36mpath[0m=[35m/api/v1/knowledge/collections[0m [36mpathname[0m=[35m/Users/apple/PycharmProjects/Bank-copilot/app/main.py[0m [36mrequest_id[0m=[35m556eb178-9fbf-4768-acdd-b362beee62de[0m [36mstatus_code[0m=[35m200[0m
INFO:     127.0.0.1:55398 - "GET /api/v1/knowledge/collections HTTP/1.1" 200 OK
connect_tcp.started host='127.0.0.1' port=7890 local_address=None timeout=30.0 socket_options=None
connect_tcp.started host='127.0.0.1' port=7890 local_address=None timeout=30.0 socket_options=None
connect_tcp.complete return_value=<httpcore._backends.anyio.AnyIOStream object at 0x1102e2a80>
send_request_headers.started request=<Request [b'GET']>
send_request_headers.complete
send_request_body.started request=<Request [b'GET']>
send_request_body.complete
receive_response_headers.started request=<Request [b'GET']>
connect_tcp.complete return_value=<httpcore._backends.anyio.AnyIOStream object at 0x1102e1670>
send_request_headers.started request=<Request [b'GET']>
send_request_headers.complete
send_request_body.started request=<Request [b'GET']>
send_request_body.complete
receive_response_headers.started request=<Request [b'GET']>
receive_response_headers.complete return_value=(b'HTTP/1.1', 200, b'OK', [(b'Connection', b'close'), (b'Transfer-Encoding', b'chunked'), (b'Content-Encoding', b'br'), (b'Content-Type', b'application/json'), (b'Date', b'Wed, 14 Jan 2026 15:04:51 GMT'), (b'Vary', b'accept-encoding, Origin, Access-Control-Request-Method, Access-Control-Request-Headers')])
receive_response_body.started request=<Request [b'GET']>
receive_response_body.complete
response_closed.started
receive_response_headers.complete return_value=(b'HTTP/1.1', 200, b'OK', [(b'Connection', b'close'), (b'Transfer-Encoding', b'chunked'), (b'Content-Encoding', b'br'), (b'Content-Type', b'application/json'), (b'Date', b'Wed, 14 Jan 2026 15:04:51 GMT'), (b'Vary', b'accept-encoding, Origin, Access-Control-Request-Method, Access-Control-Request-Headers')])
receive_response_body.started request=<Request [b'GET']>
receive_response_body.complete
response_closed.started
response_closed.complete
response_closed.complete
connect_tcp.started host='127.0.0.1' port=7890 local_address=None timeout=30.0 socket_options=None
connect_tcp.started host='127.0.0.1' port=7890 local_address=None timeout=30.0 socket_options=None
connect_tcp.started host='127.0.0.1' port=7890 local_address=None timeout=30.0 socket_options=None
connect_tcp.started host='127.0.0.1' port=7890 local_address=None timeout=30.0 socket_options=None
connect_tcp.started host='127.0.0.1' port=7890 local_address=None timeout=30.0 socket_options=None
connect_tcp.started host='127.0.0.1' port=7890 local_address=None timeout=30.0 socket_options=None
connect_tcp.started host='127.0.0.1' port=7890 local_address=None timeout=30.0 socket_options=None
connect_tcp.started host='127.0.0.1' port=7890 local_address=None timeout=30.0 socket_options=None
connect_tcp.started host='127.0.0.1' port=7890 local_address=None timeout=30.0 socket_options=None
connect_tcp.started host='127.0.0.1' port=7890 local_address=None timeout=30.0 socket_options=None
connect_tcp.started host='127.0.0.1' port=7890 local_address=None timeout=30.0 socket_options=None
connect_tcp.started host='127.0.0.1' port=7890 local_address=None timeout=30.0 socket_options=None
connect_tcp.complete return_value=<httpcore._backends.anyio.AnyIOStream object at 0x1102e1b20>
connect_tcp.complete return_value=<httpcore._backends.anyio.AnyIOStream object at 0x11029eb40>
connect_tcp.complete return_value=<httpcore._backends.anyio.AnyIOStream object at 0x1102e3ce0>
connect_tcp.complete return_value=<httpcore._backends.anyio.AnyIOStream object at 0x1102e34d0>
connect_tcp.complete return_value=<httpcore._backends.anyio.AnyIOStream object at 0x11781cef0>
connect_tcp.complete return_value=<httpcore._backends.anyio.AnyIOStream object at 0x11781e690>
send_request_headers.started request=<Request [b'GET']>
send_request_headers.started request=<Request [b'GET']>
send_request_headers.started request=<Request [b'GET']>
send_request_headers.started request=<Request [b'GET']>
send_request_headers.started request=<Request [b'GET']>
send_request_headers.started request=<Request [b'GET']>
connect_tcp.complete return_value=<httpcore._backends.anyio.AnyIOStream object at 0x1102e15b0>
connect_tcp.complete return_value=<httpcore._backends.anyio.AnyIOStream object at 0x1102e0ef0>
connect_tcp.complete return_value=<httpcore._backends.anyio.AnyIOStream object at 0x1102e3f20>
connect_tcp.complete return_value=<httpcore._backends.anyio.AnyIOStream object at 0x1102e1490>
send_request_headers.complete
send_request_body.started request=<Request [b'GET']>
send_request_body.complete
receive_response_headers.started request=<Request [b'GET']>
send_request_headers.complete
send_request_body.started request=<Request [b'GET']>
send_request_body.complete
receive_response_headers.started request=<Request [b'GET']>
send_request_headers.complete
send_request_body.started request=<Request [b'GET']>
send_request_body.complete
receive_response_headers.started request=<Request [b'GET']>
send_request_headers.complete
send_request_body.started request=<Request [b'GET']>
send_request_body.complete
receive_response_headers.started request=<Request [b'GET']>
send_request_headers.complete
send_request_body.started request=<Request [b'GET']>
send_request_body.complete
receive_response_headers.started request=<Request [b'GET']>
send_request_headers.complete
send_request_body.started request=<Request [b'GET']>
send_request_body.complete
receive_response_headers.started request=<Request [b'GET']>
send_request_headers.started request=<Request [b'GET']>
send_request_headers.started request=<Request [b'GET']>
send_request_headers.started request=<Request [b'GET']>
send_request_headers.started request=<Request [b'GET']>
connect_tcp.complete return_value=<httpcore._backends.anyio.AnyIOStream object at 0x1102e02c0>
connect_tcp.complete return_value=<httpcore._backends.anyio.AnyIOStream object at 0x1102e0950>
send_request_headers.complete
send_request_body.started request=<Request [b'GET']>
send_request_body.complete
receive_response_headers.started request=<Request [b'GET']>
send_request_headers.complete
send_request_body.started request=<Request [b'GET']>
send_request_body.complete
receive_response_headers.started request=<Request [b'GET']>
send_request_headers.complete
send_request_body.started request=<Request [b'GET']>
send_request_body.complete
receive_response_headers.started request=<Request [b'GET']>
send_request_headers.complete
send_request_body.started request=<Request [b'GET']>
send_request_body.complete
receive_response_headers.started request=<Request [b'GET']>
send_request_headers.started request=<Request [b'GET']>
send_request_headers.started request=<Request [b'GET']>
send_request_headers.complete
send_request_body.started request=<Request [b'GET']>
send_request_body.complete
receive_response_headers.started request=<Request [b'GET']>
send_request_headers.complete
send_request_body.started request=<Request [b'GET']>
send_request_body.complete
receive_response_headers.started request=<Request [b'GET']>
receive_response_headers.complete return_value=(b'HTTP/1.1', 200, b'OK', [(b'Connection', b'close'), (b'Transfer-Encoding', b'chunked'), (b'Content-Encoding', b'br'), (b'Content-Type', b'application/json'), (b'Date', b'Wed, 14 Jan 2026 15:04:51 GMT'), (b'Vary', b'accept-encoding, Origin, Access-Control-Request-Method, Access-Control-Request-Headers')])
receive_response_body.started request=<Request [b'GET']>
receive_response_body.complete
response_closed.started
response_closed.complete
connect_tcp.started host='127.0.0.1' port=7890 local_address=None timeout=30.0 socket_options=None
receive_response_headers.complete return_value=(b'HTTP/1.1', 200, b'OK', [(b'Connection', b'close'), (b'Transfer-Encoding', b'chunked'), (b'Content-Encoding', b'br'), (b'Content-Type', b'application/json'), (b'Date', b'Wed, 14 Jan 2026 15:04:51 GMT'), (b'Vary', b'accept-encoding, Origin, Access-Control-Request-Method, Access-Control-Request-Headers')])
receive_response_body.started request=<Request [b'GET']>
receive_response_body.complete
response_closed.started
receive_response_headers.complete return_value=(b'HTTP/1.1', 200, b'OK', [(b'Connection', b'close'), (b'Transfer-Encoding', b'chunked'), (b'Content-Encoding', b'br'), (b'Content-Type', b'application/json'), (b'Date', b'Wed, 14 Jan 2026 15:04:51 GMT'), (b'Vary', b'accept-encoding, Origin, Access-Control-Request-Method, Access-Control-Request-Headers')])
receive_response_body.started request=<Request [b'GET']>
receive_response_body.complete
response_closed.started
receive_response_headers.complete return_value=(b'HTTP/1.1', 200, b'OK', [(b'Connection', b'close'), (b'Transfer-Encoding', b'chunked'), (b'Content-Encoding', b'br'), (b'Content-Type', b'application/json'), (b'Date', b'Wed, 14 Jan 2026 15:04:51 GMT'), (b'Vary', b'accept-encoding, Origin, Access-Control-Request-Method, Access-Control-Request-Headers')])
receive_response_body.started request=<Request [b'GET']>
receive_response_body.complete
response_closed.started
receive_response_headers.complete return_value=(b'HTTP/1.1', 200, b'OK', [(b'Connection', b'close'), (b'Transfer-Encoding', b'chunked'), (b'Content-Encoding', b'br'), (b'Content-Type', b'application/json'), (b'Date', b'Wed, 14 Jan 2026 15:04:51 GMT'), (b'Vary', b'accept-encoding, Origin, Access-Control-Request-Method, Access-Control-Request-Headers')])
receive_response_body.started request=<Request [b'GET']>
receive_response_body.complete
response_closed.started
receive_response_headers.complete return_value=(b'HTTP/1.1', 200, b'OK', [(b'Connection', b'close'), (b'Transfer-Encoding', b'chunked'), (b'Content-Encoding', b'br'), (b'Content-Type', b'application/json'), (b'Date', b'Wed, 14 Jan 2026 15:04:51 GMT'), (b'Vary', b'accept-encoding, Origin, Access-Control-Request-Method, Access-Control-Request-Headers')])
receive_response_body.started request=<Request [b'GET']>
receive_response_body.complete
response_closed.started
receive_response_headers.complete return_value=(b'HTTP/1.1', 200, b'OK', [(b'Connection', b'close'), (b'Transfer-Encoding', b'chunked'), (b'Content-Encoding', b'br'), (b'Content-Type', b'application/json'), (b'Date', b'Wed, 14 Jan 2026 15:04:51 GMT'), (b'Vary', b'accept-encoding, Origin, Access-Control-Request-Method, Access-Control-Request-Headers')])
receive_response_body.started request=<Request [b'GET']>
receive_response_body.complete
response_closed.started
receive_response_headers.complete return_value=(b'HTTP/1.1', 200, b'OK', [(b'Connection', b'close'), (b'Transfer-Encoding', b'chunked'), (b'Content-Encoding', b'br'), (b'Content-Type', b'application/json'), (b'Date', b'Wed, 14 Jan 2026 15:04:51 GMT'), (b'Vary', b'accept-encoding, Origin, Access-Control-Request-Method, Access-Control-Request-Headers')])
receive_response_body.started request=<Request [b'GET']>
receive_response_body.complete
response_closed.started
receive_response_headers.complete return_value=(b'HTTP/1.1', 200, b'OK', [(b'Connection', b'close'), (b'Transfer-Encoding', b'chunked'), (b'Content-Encoding', b'br'), (b'Content-Type', b'application/json'), (b'Date', b'Wed, 14 Jan 2026 15:04:51 GMT'), (b'Vary', b'accept-encoding, Origin, Access-Control-Request-Method, Access-Control-Request-Headers')])
receive_response_body.started request=<Request [b'GET']>
receive_response_body.complete
response_closed.started
receive_response_headers.complete return_value=(b'HTTP/1.1', 200, b'OK', [(b'Connection', b'close'), (b'Transfer-Encoding', b'chunked'), (b'Content-Encoding', b'br'), (b'Content-Type', b'application/json'), (b'Date', b'Wed, 14 Jan 2026 15:04:51 GMT'), (b'Vary', b'accept-encoding, Origin, Access-Control-Request-Method, Access-Control-Request-Headers')])
receive_response_body.started request=<Request [b'GET']>
receive_response_body.complete
response_closed.started
receive_response_headers.complete return_value=(b'HTTP/1.1', 200, b'OK', [(b'Connection', b'close'), (b'Transfer-Encoding', b'chunked'), (b'Content-Encoding', b'br'), (b'Content-Type', b'application/json'), (b'Date', b'Wed, 14 Jan 2026 15:04:51 GMT'), (b'Vary', b'accept-encoding, Origin, Access-Control-Request-Method, Access-Control-Request-Headers')])
receive_response_body.started request=<Request [b'GET']>
receive_response_body.complete
response_closed.started
receive_response_headers.complete return_value=(b'HTTP/1.1', 200, b'OK', [(b'Connection', b'close'), (b'Transfer-Encoding', b'chunked'), (b'Content-Encoding', b'br'), (b'Content-Type', b'application/json'), (b'Date', b'Wed, 14 Jan 2026 15:04:51 GMT'), (b'Vary', b'accept-encoding, Origin, Access-Control-Request-Method, Access-Control-Request-Headers')])
receive_response_body.started request=<Request [b'GET']>
receive_response_body.complete
response_closed.started
response_closed.complete
response_closed.complete
response_closed.complete
response_closed.complete
response_closed.complete
response_closed.complete
response_closed.complete
response_closed.complete
response_closed.complete
response_closed.complete
response_closed.complete
connect_tcp.started host='127.0.0.1' port=7890 local_address=None timeout=30.0 socket_options=None
connect_tcp.started host='127.0.0.1' port=7890 local_address=None timeout=30.0 socket_options=None
connect_tcp.started host='127.0.0.1' port=7890 local_address=None timeout=30.0 socket_options=None
connect_tcp.started host='127.0.0.1' port=7890 local_address=None timeout=30.0 socket_options=None
connect_tcp.started host='127.0.0.1' port=7890 local_address=None timeout=30.0 socket_options=None
connect_tcp.started host='127.0.0.1' port=7890 local_address=None timeout=30.0 socket_options=None
connect_tcp.started host='127.0.0.1' port=7890 local_address=None timeout=30.0 socket_options=None
connect_tcp.started host='127.0.0.1' port=7890 local_address=None timeout=30.0 socket_options=None
connect_tcp.started host='127.0.0.1' port=7890 local_address=None timeout=30.0 socket_options=None
connect_tcp.started host='127.0.0.1' port=7890 local_address=None timeout=30.0 socket_options=None
connect_tcp.started host='127.0.0.1' port=7890 local_address=None timeout=30.0 socket_options=None
connect_tcp.complete return_value=<httpcore._backends.anyio.AnyIOStream object at 0x117847470>
send_request_headers.started request=<Request [b'POST']>
send_request_headers.complete
send_request_body.started request=<Request [b'POST']>
send_request_body.complete
receive_response_headers.started request=<Request [b'POST']>
connect_tcp.complete return_value=<httpcore._backends.anyio.AnyIOStream object at 0x117846090>
connect_tcp.complete return_value=<httpcore._backends.anyio.AnyIOStream object at 0x117847800>
connect_tcp.complete return_value=<httpcore._backends.anyio.AnyIOStream object at 0x1178479b0>
connect_tcp.complete return_value=<httpcore._backends.anyio.AnyIOStream object at 0x1178391f0>
connect_tcp.complete return_value=<httpcore._backends.anyio.AnyIOStream object at 0x11783a6c0>
connect_tcp.complete return_value=<httpcore._backends.anyio.AnyIOStream object at 0x11783b410>
connect_tcp.complete return_value=<httpcore._backends.anyio.AnyIOStream object at 0x1178477a0>
connect_tcp.complete return_value=<httpcore._backends.anyio.AnyIOStream object at 0x117847620>
connect_tcp.complete return_value=<httpcore._backends.anyio.AnyIOStream object at 0x1178455b0>
connect_tcp.complete return_value=<httpcore._backends.anyio.AnyIOStream object at 0x117844ec0>
connect_tcp.complete return_value=<httpcore._backends.anyio.AnyIOStream object at 0x1102dc4d0>
send_request_headers.started request=<Request [b'POST']>
send_request_headers.started request=<Request [b'POST']>
send_request_headers.started request=<Request [b'POST']>
send_request_headers.started request=<Request [b'POST']>
send_request_headers.started request=<Request [b'POST']>
send_request_headers.started request=<Request [b'POST']>
send_request_headers.started request=<Request [b'POST']>
send_request_headers.started request=<Request [b'POST']>
send_request_headers.started request=<Request [b'POST']>
send_request_headers.started request=<Request [b'POST']>
send_request_headers.started request=<Request [b'POST']>
send_request_headers.complete
send_request_body.started request=<Request [b'POST']>
send_request_headers.complete
send_request_body.started request=<Request [b'POST']>
send_request_headers.complete
send_request_body.started request=<Request [b'POST']>
send_request_headers.complete
send_request_body.started request=<Request [b'POST']>
send_request_headers.complete
send_request_body.started request=<Request [b'POST']>
send_request_headers.complete
send_request_body.started request=<Request [b'POST']>
send_request_headers.complete
send_request_body.started request=<Request [b'POST']>
send_request_headers.complete
send_request_body.started request=<Request [b'POST']>
send_request_headers.complete
send_request_body.started request=<Request [b'POST']>
send_request_headers.complete
send_request_body.started request=<Request [b'POST']>
send_request_headers.complete
send_request_body.started request=<Request [b'POST']>
send_request_body.complete
receive_response_headers.started request=<Request [b'POST']>
send_request_body.complete
receive_response_headers.started request=<Request [b'POST']>
send_request_body.complete
receive_response_headers.started request=<Request [b'POST']>
send_request_body.complete
receive_response_headers.started request=<Request [b'POST']>
send_request_body.complete
receive_response_headers.started request=<Request [b'POST']>
send_request_body.complete
receive_response_headers.started request=<Request [b'POST']>
send_request_body.complete
receive_response_headers.started request=<Request [b'POST']>
send_request_body.complete
receive_response_headers.started request=<Request [b'POST']>
send_request_body.complete
receive_response_headers.started request=<Request [b'POST']>
send_request_body.complete
receive_response_headers.started request=<Request [b'POST']>
send_request_body.complete
receive_response_headers.started request=<Request [b'POST']>
receive_response_headers.complete return_value=(b'HTTP/1.1', 200, b'OK', [(b'Connection', b'close'), (b'Transfer-Encoding', b'chunked'), (b'Content-Encoding', b'br'), (b'Content-Type', b'application/json'), (b'Date', b'Wed, 14 Jan 2026 15:04:51 GMT'), (b'Vary', b'accept-encoding, Origin, Access-Control-Request-Method, Access-Control-Request-Headers')])
receive_response_body.started request=<Request [b'POST']>
receive_response_headers.complete return_value=(b'HTTP/1.1', 200, b'OK', [(b'Connection', b'close'), (b'Transfer-Encoding', b'chunked'), (b'Content-Encoding', b'br'), (b'Content-Type', b'application/json'), (b'Date', b'Wed, 14 Jan 2026 15:04:51 GMT'), (b'Vary', b'accept-encoding, Origin, Access-Control-Request-Method, Access-Control-Request-Headers')])
receive_response_body.started request=<Request [b'POST']>
receive_response_body.complete
response_closed.started
receive_response_headers.complete return_value=(b'HTTP/1.1', 200, b'OK', [(b'Connection', b'close'), (b'Transfer-Encoding', b'chunked'), (b'Content-Encoding', b'br'), (b'Content-Type', b'application/json'), (b'Date', b'Wed, 14 Jan 2026 15:04:51 GMT'), (b'Vary', b'accept-encoding, Origin, Access-Control-Request-Method, Access-Control-Request-Headers')])
receive_response_body.started request=<Request [b'POST']>
receive_response_body.complete
response_closed.started
receive_response_headers.complete return_value=(b'HTTP/1.1', 200, b'OK', [(b'Connection', b'close'), (b'Transfer-Encoding', b'chunked'), (b'Content-Encoding', b'br'), (b'Content-Type', b'application/json'), (b'Date', b'Wed, 14 Jan 2026 15:04:51 GMT'), (b'Vary', b'accept-encoding, Origin, Access-Control-Request-Method, Access-Control-Request-Headers')])
receive_response_body.started request=<Request [b'POST']>
receive_response_body.complete
response_closed.started
receive_response_headers.complete return_value=(b'HTTP/1.1', 200, b'OK', [(b'Connection', b'close'), (b'Transfer-Encoding', b'chunked'), (b'Content-Encoding', b'br'), (b'Content-Type', b'application/json'), (b'Date', b'Wed, 14 Jan 2026 15:04:51 GMT'), (b'Vary', b'accept-encoding, Origin, Access-Control-Request-Method, Access-Control-Request-Headers')])
receive_response_body.started request=<Request [b'POST']>
receive_response_body.complete
response_closed.started
response_closed.complete
response_closed.complete
receive_response_headers.complete return_value=(b'HTTP/1.1', 200, b'OK', [(b'Connection', b'close'), (b'Transfer-Encoding', b'chunked'), (b'Content-Encoding', b'br'), (b'Content-Type', b'application/json'), (b'Date', b'Wed, 14 Jan 2026 15:04:51 GMT'), (b'Vary', b'accept-encoding, Origin, Access-Control-Request-Method, Access-Control-Request-Headers')])
receive_response_body.started request=<Request [b'POST']>
receive_response_body.complete
response_closed.started
receive_response_headers.complete return_value=(b'HTTP/1.1', 200, b'OK', [(b'Connection', b'close'), (b'Transfer-Encoding', b'chunked'), (b'Content-Encoding', b'br'), (b'Content-Type', b'application/json'), (b'Date', b'Wed, 14 Jan 2026 15:04:51 GMT'), (b'Vary', b'accept-encoding, Origin, Access-Control-Request-Method, Access-Control-Request-Headers')])
receive_response_body.started request=<Request [b'POST']>
receive_response_body.complete
response_closed.started
receive_response_headers.complete return_value=(b'HTTP/1.1', 200, b'OK', [(b'Connection', b'close'), (b'Transfer-Encoding', b'chunked'), (b'Content-Encoding', b'br'), (b'Content-Type', b'application/json'), (b'Date', b'Wed, 14 Jan 2026 15:04:51 GMT'), (b'Vary', b'accept-encoding, Origin, Access-Control-Request-Method, Access-Control-Request-Headers')])
receive_response_body.started request=<Request [b'POST']>
receive_response_body.complete
response_closed.started
receive_response_body.complete
response_closed.started
receive_response_headers.complete return_value=(b'HTTP/1.1', 200, b'OK', [(b'Connection', b'close'), (b'Transfer-Encoding', b'chunked'), (b'Content-Encoding', b'br'), (b'Content-Type', b'application/json'), (b'Date', b'Wed, 14 Jan 2026 15:04:51 GMT'), (b'Vary', b'accept-encoding, Origin, Access-Control-Request-Method, Access-Control-Request-Headers')])
receive_response_body.started request=<Request [b'POST']>
receive_response_body.complete
response_closed.started
receive_response_headers.complete return_value=(b'HTTP/1.1', 200, b'OK', [(b'Connection', b'close'), (b'Transfer-Encoding', b'chunked'), (b'Content-Encoding', b'br'), (b'Content-Type', b'application/json'), (b'Date', b'Wed, 14 Jan 2026 15:04:51 GMT'), (b'Vary', b'accept-encoding, Origin, Access-Control-Request-Method, Access-Control-Request-Headers')])
receive_response_body.started request=<Request [b'POST']>
receive_response_body.complete
response_closed.started
receive_response_headers.complete return_value=(b'HTTP/1.1', 200, b'OK', [(b'Connection', b'close'), (b'Transfer-Encoding', b'chunked'), (b'Content-Encoding', b'br'), (b'Content-Type', b'application/json'), (b'Date', b'Wed, 14 Jan 2026 15:04:51 GMT'), (b'Vary', b'accept-encoding, Origin, Access-Control-Request-Method, Access-Control-Request-Headers')])
receive_response_body.started request=<Request [b'POST']>
receive_response_body.complete
response_closed.started
response_closed.complete
response_closed.complete
response_closed.complete
response_closed.complete
response_closed.complete
response_closed.complete
response_closed.complete
response_closed.complete
response_closed.complete
receive_response_headers.complete return_value=(b'HTTP/1.1', 200, b'OK', [(b'Connection', b'close'), (b'Transfer-Encoding', b'chunked'), (b'Content-Encoding', b'br'), (b'Content-Type', b'application/json'), (b'Date', b'Wed, 14 Jan 2026 15:04:51 GMT'), (b'Vary', b'accept-encoding, Origin, Access-Control-Request-Method, Access-Control-Request-Headers')])
receive_response_body.started request=<Request [b'POST']>
receive_response_body.complete
response_closed.started
response_closed.complete
[2m2026-01-14T15:04:52.250588Z[0m [[32m[1minfo     [0m] [1mrequest_completed             [0m [[0m[1m[34mapp.core.logger_utils[0m][0m [36mclient[0m=[35m127.0.0.1[0m [36mduration_ms[0m=[35m469.85[0m [36menvironment[0m=[35mdevelopment[0m [36mfilename[0m=[35mmain.py[0m [36mfunc_name[0m=[35mlog_requests[0m [36mlineno[0m=[35m132[0m [36mmethod[0m=[35mGET[0m [36mmodule[0m=[35mmain[0m [36mpath[0m=[35m/api/v1/knowledge/stats[0m [36mpathname[0m=[35m/Users/apple/PycharmProjects/Bank-copilot/app/main.py[0m [36mrequest_id[0m=[35md588a2c5-89c9-4557-a522-271fe3bc2d44[0m [36mstatus_code[0m=[35m200[0m
INFO:     127.0.0.1:55581 - "GET /api/v1/knowledge/stats HTTP/1.1" 200 OK
[2m2026-01-14T15:04:52.251398Z[0m [[32m[1minfo     [0m] [1mrequest_completed             [0m [[0m[1m[34mapp.core.logger_utils[0m][0m [36mclient[0m=[35m127.0.0.1[0m [36mduration_ms[0m=[35m494.95[0m [36menvironment[0m=[35mdevelopment[0m [36mfilename[0m=[35mmain.py[0m [36mfunc_name[0m=[35mlog_requests[0m [36mlineno[0m=[35m132[0m [36mmethod[0m=[35mGET[0m [36mmodule[0m=[35mmain[0m [36mpath[0m=[35m/api/v1/knowledge/collections[0m [36mpathname[0m=[35m/Users/apple/PycharmProjects/Bank-copilot/app/main.py[0m [36mrequest_id[0m=[35mbf635d4b-4c33-4304-8187-349147a3567e[0m [36mstatus_code[0m=[35m200[0m
INFO:     127.0.0.1:55433 - "GET /api/v1/knowledge/collections HTTP/1.1" 200 OK
connect_tcp.started host='127.0.0.1' port=7890 local_address=None timeout=30.0 socket_options=None
connect_tcp.started host='127.0.0.1' port=7890 local_address=None timeout=30.0 socket_options=None
connect_tcp.complete return_value=<httpcore._backends.anyio.AnyIOStream object at 0x1102b9310>
send_request_headers.started request=<Request [b'GET']>
send_request_headers.complete
send_request_body.started request=<Request [b'GET']>
send_request_body.complete
receive_response_headers.started request=<Request [b'GET']>
connect_tcp.complete return_value=<httpcore._backends.anyio.AnyIOStream object at 0x1102425a0>
send_request_headers.started request=<Request [b'GET']>
send_request_headers.complete
send_request_body.started request=<Request [b'GET']>
send_request_body.complete
receive_response_headers.started request=<Request [b'GET']>
receive_response_headers.complete return_value=(b'HTTP/1.1', 200, b'OK', [(b'Connection', b'close'), (b'Transfer-Encoding', b'chunked'), (b'Content-Encoding', b'br'), (b'Content-Type', b'application/json'), (b'Date', b'Wed, 14 Jan 2026 15:04:51 GMT'), (b'Vary', b'accept-encoding, Origin, Access-Control-Request-Method, Access-Control-Request-Headers')])
receive_response_body.started request=<Request [b'GET']>
receive_response_headers.complete return_value=(b'HTTP/1.1', 200, b'OK', [(b'Connection', b'close'), (b'Transfer-Encoding', b'chunked'), (b'Content-Encoding', b'br'), (b'Content-Type', b'application/json'), (b'Date', b'Wed, 14 Jan 2026 15:04:51 GMT'), (b'Vary', b'accept-encoding, Origin, Access-Control-Request-Method, Access-Control-Request-Headers')])
receive_response_body.started request=<Request [b'GET']>
receive_response_body.complete
response_closed.started
receive_response_body.complete
response_closed.started
response_closed.complete
response_closed.complete
connect_tcp.started host='127.0.0.1' port=7890 local_address=None timeout=30.0 socket_options=None
connect_tcp.started host='127.0.0.1' port=7890 local_address=None timeout=30.0 socket_options=None
connect_tcp.started host='127.0.0.1' port=7890 local_address=None timeout=30.0 socket_options=None
connect_tcp.started host='127.0.0.1' port=7890 local_address=None timeout=30.0 socket_options=None
connect_tcp.started host='127.0.0.1' port=7890 local_address=None timeout=30.0 socket_options=None
connect_tcp.started host='127.0.0.1' port=7890 local_address=None timeout=30.0 socket_options=None
connect_tcp.started host='127.0.0.1' port=7890 local_address=None timeout=30.0 socket_options=None
connect_tcp.started host='127.0.0.1' port=7890 local_address=None timeout=30.0 socket_options=None
connect_tcp.started host='127.0.0.1' port=7890 local_address=None timeout=30.0 socket_options=None
connect_tcp.started host='127.0.0.1' port=7890 local_address=None timeout=30.0 socket_options=None
connect_tcp.started host='127.0.0.1' port=7890 local_address=None timeout=30.0 socket_options=None
connect_tcp.started host='127.0.0.1' port=7890 local_address=None timeout=30.0 socket_options=None
connect_tcp.complete return_value=<httpcore._backends.anyio.AnyIOStream object at 0x11781b620>
connect_tcp.complete return_value=<httpcore._backends.anyio.AnyIOStream object at 0x1102dc890>
connect_tcp.complete return_value=<httpcore._backends.anyio.AnyIOStream object at 0x110243dd0>
connect_tcp.complete return_value=<httpcore._backends.anyio.AnyIOStream object at 0x117818860>
connect_tcp.complete return_value=<httpcore._backends.anyio.AnyIOStream object at 0x11781ab70>
connect_tcp.complete return_value=<httpcore._backends.anyio.AnyIOStream object at 0x117818980>
send_request_headers.started request=<Request [b'GET']>
send_request_headers.started request=<Request [b'GET']>
send_request_headers.started request=<Request [b'GET']>
send_request_headers.started request=<Request [b'GET']>
send_request_headers.started request=<Request [b'GET']>
send_request_headers.started request=<Request [b'GET']>
connect_tcp.complete return_value=<httpcore._backends.anyio.AnyIOStream object at 0x1102b92e0>
send_request_headers.complete
send_request_body.started request=<Request [b'GET']>
send_request_body.complete
receive_response_headers.started request=<Request [b'GET']>
send_request_headers.complete
send_request_body.started request=<Request [b'GET']>
send_request_body.complete
receive_response_headers.started request=<Request [b'GET']>
send_request_headers.complete
send_request_body.started request=<Request [b'GET']>
send_request_body.complete
receive_response_headers.started request=<Request [b'GET']>
send_request_headers.complete
send_request_body.started request=<Request [b'GET']>
send_request_body.complete
receive_response_headers.started request=<Request [b'GET']>
send_request_headers.complete
send_request_body.started request=<Request [b'GET']>
send_request_body.complete
receive_response_headers.started request=<Request [b'GET']>
send_request_headers.complete
send_request_body.started request=<Request [b'GET']>
send_request_body.complete
receive_response_headers.started request=<Request [b'GET']>
send_request_headers.started request=<Request [b'GET']>
connect_tcp.complete return_value=<httpcore._backends.anyio.AnyIOStream object at 0x1102ba7b0>
connect_tcp.complete return_value=<httpcore._backends.anyio.AnyIOStream object at 0x1102bb1d0>
connect_tcp.complete return_value=<httpcore._backends.anyio.AnyIOStream object at 0x117845fa0>
connect_tcp.complete return_value=<httpcore._backends.anyio.AnyIOStream object at 0x1178391f0>
connect_tcp.complete return_value=<httpcore._backends.anyio.AnyIOStream object at 0x117839910>
send_request_headers.complete
send_request_body.started request=<Request [b'GET']>
send_request_body.complete
receive_response_headers.started request=<Request [b'GET']>
send_request_headers.started request=<Request [b'GET']>
send_request_headers.started request=<Request [b'GET']>
send_request_headers.started request=<Request [b'GET']>
send_request_headers.started request=<Request [b'GET']>
send_request_headers.started request=<Request [b'GET']>
send_request_headers.complete
send_request_body.started request=<Request [b'GET']>
send_request_body.complete
receive_response_headers.started request=<Request [b'GET']>
send_request_headers.complete
send_request_body.started request=<Request [b'GET']>
send_request_body.complete
receive_response_headers.started request=<Request [b'GET']>
send_request_headers.complete
send_request_body.started request=<Request [b'GET']>
send_request_body.complete
receive_response_headers.started request=<Request [b'GET']>
send_request_headers.complete
send_request_body.started request=<Request [b'GET']>
send_request_body.complete
receive_response_headers.started request=<Request [b'GET']>
send_request_headers.complete
send_request_body.started request=<Request [b'GET']>
send_request_body.complete
receive_response_headers.started request=<Request [b'GET']>
receive_response_headers.complete return_value=(b'HTTP/1.1', 200, b'OK', [(b'Connection', b'close'), (b'Transfer-Encoding', b'chunked'), (b'Content-Encoding', b'br'), (b'Content-Type', b'application/json'), (b'Date', b'Wed, 14 Jan 2026 15:04:52 GMT'), (b'Vary', b'accept-encoding, Origin, Access-Control-Request-Method, Access-Control-Request-Headers')])
receive_response_body.started request=<Request [b'GET']>
receive_response_headers.complete return_value=(b'HTTP/1.1', 200, b'OK', [(b'Connection', b'close'), (b'Transfer-Encoding', b'chunked'), (b'Content-Encoding', b'br'), (b'Content-Type', b'application/json'), (b'Date', b'Wed, 14 Jan 2026 15:04:52 GMT'), (b'Vary', b'accept-encoding, Origin, Access-Control-Request-Method, Access-Control-Request-Headers')])
receive_response_body.started request=<Request [b'GET']>
receive_response_body.complete
response_closed.started
receive_response_body.complete
response_closed.started
response_closed.complete
response_closed.complete
receive_response_headers.complete return_value=(b'HTTP/1.1', 200, b'OK', [(b'Connection', b'close'), (b'Transfer-Encoding', b'chunked'), (b'Content-Encoding', b'br'), (b'Content-Type', b'application/json'), (b'Date', b'Wed, 14 Jan 2026 15:04:52 GMT'), (b'Vary', b'accept-encoding, Origin, Access-Control-Request-Method, Access-Control-Request-Headers')])
receive_response_body.started request=<Request [b'GET']>
receive_response_body.complete
response_closed.started
connect_tcp.started host='127.0.0.1' port=7890 local_address=None timeout=30.0 socket_options=None
connect_tcp.started host='127.0.0.1' port=7890 local_address=None timeout=30.0 socket_options=None
response_closed.complete
receive_response_headers.complete return_value=(b'HTTP/1.1', 200, b'OK', [(b'Connection', b'close'), (b'Transfer-Encoding', b'chunked'), (b'Content-Encoding', b'br'), (b'Content-Type', b'application/json'), (b'Date', b'Wed, 14 Jan 2026 15:04:52 GMT'), (b'Vary', b'accept-encoding, Origin, Access-Control-Request-Method, Access-Control-Request-Headers')])
receive_response_body.started request=<Request [b'GET']>
receive_response_body.complete
response_closed.started
receive_response_headers.complete return_value=(b'HTTP/1.1', 200, b'OK', [(b'Connection', b'close'), (b'Transfer-Encoding', b'chunked'), (b'Content-Encoding', b'br'), (b'Content-Type', b'application/json'), (b'Date', b'Wed, 14 Jan 2026 15:04:52 GMT'), (b'Vary', b'accept-encoding, Origin, Access-Control-Request-Method, Access-Control-Request-Headers')])
receive_response_body.started request=<Request [b'GET']>
receive_response_body.complete
response_closed.started
receive_response_headers.complete return_value=(b'HTTP/1.1', 200, b'OK', [(b'Connection', b'close'), (b'Transfer-Encoding', b'chunked'), (b'Content-Encoding', b'br'), (b'Content-Type', b'application/json'), (b'Date', b'Wed, 14 Jan 2026 15:04:52 GMT'), (b'Vary', b'accept-encoding, Origin, Access-Control-Request-Method, Access-Control-Request-Headers')])
receive_response_body.started request=<Request [b'GET']>
receive_response_body.complete
response_closed.started
receive_response_headers.complete return_value=(b'HTTP/1.1', 200, b'OK', [(b'Connection', b'close'), (b'Transfer-Encoding', b'chunked'), (b'Content-Encoding', b'br'), (b'Content-Type', b'application/json'), (b'Date', b'Wed, 14 Jan 2026 15:04:52 GMT'), (b'Vary', b'accept-encoding, Origin, Access-Control-Request-Method, Access-Control-Request-Headers')])
receive_response_body.started request=<Request [b'GET']>
receive_response_body.complete
response_closed.started
receive_response_headers.complete return_value=(b'HTTP/1.1', 200, b'OK', [(b'Connection', b'close'), (b'Transfer-Encoding', b'chunked'), (b'Content-Encoding', b'br'), (b'Content-Type', b'application/json'), (b'Date', b'Wed, 14 Jan 2026 15:04:52 GMT'), (b'Vary', b'accept-encoding, Origin, Access-Control-Request-Method, Access-Control-Request-Headers')])
receive_response_body.started request=<Request [b'GET']>
receive_response_body.complete
response_closed.started
receive_response_headers.complete return_value=(b'HTTP/1.1', 200, b'OK', [(b'Connection', b'close'), (b'Transfer-Encoding', b'chunked'), (b'Content-Encoding', b'br'), (b'Content-Type', b'application/json'), (b'Date', b'Wed, 14 Jan 2026 15:04:52 GMT'), (b'Vary', b'accept-encoding, Origin, Access-Control-Request-Method, Access-Control-Request-Headers')])
receive_response_body.started request=<Request [b'GET']>
receive_response_body.complete
response_closed.started
receive_response_headers.complete return_value=(b'HTTP/1.1', 200, b'OK', [(b'Connection', b'close'), (b'Transfer-Encoding', b'chunked'), (b'Content-Encoding', b'br'), (b'Content-Type', b'application/json'), (b'Date', b'Wed, 14 Jan 2026 15:04:52 GMT'), (b'Vary', b'accept-encoding, Origin, Access-Control-Request-Method, Access-Control-Request-Headers')])
receive_response_body.started request=<Request [b'GET']>
receive_response_body.complete
response_closed.started
receive_response_headers.complete return_value=(b'HTTP/1.1', 200, b'OK', [(b'Connection', b'close'), (b'Transfer-Encoding', b'chunked'), (b'Content-Encoding', b'br'), (b'Content-Type', b'application/json'), (b'Date', b'Wed, 14 Jan 2026 15:04:52 GMT'), (b'Vary', b'accept-encoding, Origin, Access-Control-Request-Method, Access-Control-Request-Headers')])
receive_response_body.started request=<Request [b'GET']>
receive_response_body.complete
response_closed.started
receive_response_headers.complete return_value=(b'HTTP/1.1', 200, b'OK', [(b'Connection', b'close'), (b'Transfer-Encoding', b'chunked'), (b'Content-Encoding', b'br'), (b'Content-Type', b'application/json'), (b'Date', b'Wed, 14 Jan 2026 15:04:52 GMT'), (b'Vary', b'accept-encoding, Origin, Access-Control-Request-Method, Access-Control-Request-Headers')])
receive_response_body.started request=<Request [b'GET']>
receive_response_body.complete
response_closed.started
connect_tcp.started host='127.0.0.1' port=7890 local_address=None timeout=30.0 socket_options=None
response_closed.complete
response_closed.complete
response_closed.complete
response_closed.complete
response_closed.complete
response_closed.complete
response_closed.complete
response_closed.complete
response_closed.complete
connect_tcp.started host='127.0.0.1' port=7890 local_address=None timeout=30.0 socket_options=None
connect_tcp.started host='127.0.0.1' port=7890 local_address=None timeout=30.0 socket_options=None
connect_tcp.started host='127.0.0.1' port=7890 local_address=None timeout=30.0 socket_options=None
connect_tcp.started host='127.0.0.1' port=7890 local_address=None timeout=30.0 socket_options=None
connect_tcp.started host='127.0.0.1' port=7890 local_address=None timeout=30.0 socket_options=None
connect_tcp.started host='127.0.0.1' port=7890 local_address=None timeout=30.0 socket_options=None
connect_tcp.started host='127.0.0.1' port=7890 local_address=None timeout=30.0 socket_options=None
connect_tcp.started host='127.0.0.1' port=7890 local_address=None timeout=30.0 socket_options=None
connect_tcp.started host='127.0.0.1' port=7890 local_address=None timeout=30.0 socket_options=None
connect_tcp.complete return_value=<httpcore._backends.anyio.AnyIOStream object at 0x1102e03b0>
connect_tcp.complete return_value=<httpcore._backends.anyio.AnyIOStream object at 0x11781d010>
send_request_headers.started request=<Request [b'POST']>
send_request_headers.started request=<Request [b'POST']>
send_request_headers.complete
send_request_body.started request=<Request [b'POST']>
send_request_headers.complete
send_request_body.started request=<Request [b'POST']>
connect_tcp.complete return_value=<httpcore._backends.anyio.AnyIOStream object at 0x1102c6000>
send_request_body.complete
receive_response_headers.started request=<Request [b'POST']>
send_request_body.complete
receive_response_headers.started request=<Request [b'POST']>
send_request_headers.started request=<Request [b'POST']>
send_request_headers.complete
send_request_body.started request=<Request [b'POST']>
connect_tcp.complete return_value=<httpcore._backends.anyio.AnyIOStream object at 0x1102c4140>
connect_tcp.complete return_value=<httpcore._backends.anyio.AnyIOStream object at 0x11029fe60>
connect_tcp.complete return_value=<httpcore._backends.anyio.AnyIOStream object at 0x117813860>
connect_tcp.complete return_value=<httpcore._backends.anyio.AnyIOStream object at 0x11029fbc0>
connect_tcp.complete return_value=<httpcore._backends.anyio.AnyIOStream object at 0x1102b9a30>
connect_tcp.complete return_value=<httpcore._backends.anyio.AnyIOStream object at 0x1102fdac0>
connect_tcp.complete return_value=<httpcore._backends.anyio.AnyIOStream object at 0x1102fd4f0>
connect_tcp.complete return_value=<httpcore._backends.anyio.AnyIOStream object at 0x11781b6b0>
connect_tcp.complete return_value=<httpcore._backends.anyio.AnyIOStream object at 0x117818440>
send_request_body.complete
receive_response_headers.started request=<Request [b'POST']>
send_request_headers.started request=<Request [b'POST']>
send_request_headers.started request=<Request [b'POST']>
send_request_headers.started request=<Request [b'POST']>
send_request_headers.started request=<Request [b'POST']>
send_request_headers.started request=<Request [b'POST']>
send_request_headers.started request=<Request [b'POST']>
send_request_headers.started request=<Request [b'POST']>
send_request_headers.started request=<Request [b'POST']>
send_request_headers.started request=<Request [b'POST']>
send_request_headers.complete
send_request_body.started request=<Request [b'POST']>
send_request_headers.complete
send_request_body.started request=<Request [b'POST']>
send_request_headers.complete
send_request_body.started request=<Request [b'POST']>
send_request_headers.complete
send_request_body.started request=<Request [b'POST']>
send_request_headers.complete
send_request_body.started request=<Request [b'POST']>
send_request_headers.complete
send_request_body.started request=<Request [b'POST']>
send_request_headers.complete
send_request_body.started request=<Request [b'POST']>
send_request_headers.complete
send_request_body.started request=<Request [b'POST']>
send_request_headers.complete
send_request_body.started request=<Request [b'POST']>
send_request_body.complete
receive_response_headers.started request=<Request [b'POST']>
send_request_body.complete
receive_response_headers.started request=<Request [b'POST']>
send_request_body.complete
receive_response_headers.started request=<Request [b'POST']>
send_request_body.complete
receive_response_headers.started request=<Request [b'POST']>
send_request_body.complete
receive_response_headers.started request=<Request [b'POST']>
send_request_body.complete
receive_response_headers.started request=<Request [b'POST']>
send_request_body.complete
receive_response_headers.started request=<Request [b'POST']>
send_request_body.complete
receive_response_headers.started request=<Request [b'POST']>
send_request_body.complete
receive_response_headers.started request=<Request [b'POST']>
receive_response_headers.complete return_value=(b'HTTP/1.1', 200, b'OK', [(b'Connection', b'close'), (b'Transfer-Encoding', b'chunked'), (b'Content-Encoding', b'br'), (b'Content-Type', b'application/json'), (b'Date', b'Wed, 14 Jan 2026 15:04:52 GMT'), (b'Vary', b'accept-encoding, Origin, Access-Control-Request-Method, Access-Control-Request-Headers')])
receive_response_body.started request=<Request [b'POST']>
receive_response_headers.complete return_value=(b'HTTP/1.1', 200, b'OK', [(b'Connection', b'close'), (b'Transfer-Encoding', b'chunked'), (b'Content-Encoding', b'br'), (b'Content-Type', b'application/json'), (b'Date', b'Wed, 14 Jan 2026 15:04:52 GMT'), (b'Vary', b'accept-encoding, Origin, Access-Control-Request-Method, Access-Control-Request-Headers')])
receive_response_body.started request=<Request [b'POST']>
receive_response_body.complete
response_closed.started
receive_response_body.complete
response_closed.started
receive_response_headers.complete return_value=(b'HTTP/1.1', 200, b'OK', [(b'Connection', b'close'), (b'Transfer-Encoding', b'chunked'), (b'Content-Encoding', b'br'), (b'Content-Type', b'application/json'), (b'Date', b'Wed, 14 Jan 2026 15:04:52 GMT'), (b'Vary', b'accept-encoding, Origin, Access-Control-Request-Method, Access-Control-Request-Headers')])
receive_response_body.started request=<Request [b'POST']>
receive_response_body.complete
response_closed.started
response_closed.complete
response_closed.complete
response_closed.complete
receive_response_headers.complete return_value=(b'HTTP/1.1', 200, b'OK', [(b'Connection', b'close'), (b'Transfer-Encoding', b'chunked'), (b'Content-Encoding', b'br'), (b'Content-Type', b'application/json'), (b'Date', b'Wed, 14 Jan 2026 15:04:52 GMT'), (b'Vary', b'accept-encoding, Origin, Access-Control-Request-Method, Access-Control-Request-Headers')])
receive_response_body.started request=<Request [b'POST']>
receive_response_body.complete
response_closed.started
receive_response_headers.complete return_value=(b'HTTP/1.1', 200, b'OK', [(b'Connection', b'close'), (b'Transfer-Encoding', b'chunked'), (b'Content-Encoding', b'br'), (b'Content-Type', b'application/json'), (b'Date', b'Wed, 14 Jan 2026 15:04:52 GMT'), (b'Vary', b'accept-encoding, Origin, Access-Control-Request-Method, Access-Control-Request-Headers')])
receive_response_body.started request=<Request [b'POST']>
receive_response_body.complete
response_closed.started
receive_response_headers.complete return_value=(b'HTTP/1.1', 200, b'OK', [(b'Connection', b'close'), (b'Transfer-Encoding', b'chunked'), (b'Content-Encoding', b'br'), (b'Content-Type', b'application/json'), (b'Date', b'Wed, 14 Jan 2026 15:04:52 GMT'), (b'Vary', b'accept-encoding, Origin, Access-Control-Request-Method, Access-Control-Request-Headers')])
receive_response_body.started request=<Request [b'POST']>
receive_response_body.complete
response_closed.started
receive_response_headers.complete return_value=(b'HTTP/1.1', 200, b'OK', [(b'Connection', b'close'), (b'Transfer-Encoding', b'chunked'), (b'Content-Encoding', b'br'), (b'Content-Type', b'application/json'), (b'Date', b'Wed, 14 Jan 2026 15:04:52 GMT'), (b'Vary', b'accept-encoding, Origin, Access-Control-Request-Method, Access-Control-Request-Headers')])
receive_response_body.started request=<Request [b'POST']>
receive_response_body.complete
response_closed.started
receive_response_headers.complete return_value=(b'HTTP/1.1', 200, b'OK', [(b'Connection', b'close'), (b'Transfer-Encoding', b'chunked'), (b'Content-Encoding', b'br'), (b'Content-Type', b'application/json'), (b'Date', b'Wed, 14 Jan 2026 15:04:52 GMT'), (b'Vary', b'accept-encoding, Origin, Access-Control-Request-Method, Access-Control-Request-Headers')])
receive_response_body.started request=<Request [b'POST']>
receive_response_body.complete
response_closed.started
receive_response_headers.complete return_value=(b'HTTP/1.1', 200, b'OK', [(b'Connection', b'close'), (b'Transfer-Encoding', b'chunked'), (b'Content-Encoding', b'br'), (b'Content-Type', b'application/json'), (b'Date', b'Wed, 14 Jan 2026 15:04:52 GMT'), (b'Vary', b'accept-encoding, Origin, Access-Control-Request-Method, Access-Control-Request-Headers')])
receive_response_body.started request=<Request [b'POST']>
receive_response_body.complete
response_closed.started
receive_response_headers.complete return_value=(b'HTTP/1.1', 200, b'OK', [(b'Connection', b'close'), (b'Transfer-Encoding', b'chunked'), (b'Content-Encoding', b'br'), (b'Content-Type', b'application/json'), (b'Date', b'Wed, 14 Jan 2026 15:04:52 GMT'), (b'Vary', b'accept-encoding, Origin, Access-Control-Request-Method, Access-Control-Request-Headers')])
receive_response_body.started request=<Request [b'POST']>
receive_response_body.complete
response_closed.started
receive_response_headers.complete return_value=(b'HTTP/1.1', 200, b'OK', [(b'Connection', b'close'), (b'Transfer-Encoding', b'chunked'), (b'Content-Encoding', b'br'), (b'Content-Type', b'application/json'), (b'Date', b'Wed, 14 Jan 2026 15:04:52 GMT'), (b'Vary', b'accept-encoding, Origin, Access-Control-Request-Method, Access-Control-Request-Headers')])
receive_response_body.started request=<Request [b'POST']>
receive_response_body.complete
response_closed.started
receive_response_headers.complete return_value=(b'HTTP/1.1', 200, b'OK', [(b'Connection', b'close'), (b'Transfer-Encoding', b'chunked'), (b'Content-Encoding', b'br'), (b'Content-Type', b'application/json'), (b'Date', b'Wed, 14 Jan 2026 15:04:52 GMT'), (b'Vary', b'accept-encoding, Origin, Access-Control-Request-Method, Access-Control-Request-Headers')])
receive_response_body.started request=<Request [b'POST']>
receive_response_body.complete
response_closed.started
response_closed.complete
response_closed.complete
response_closed.complete
response_closed.complete
response_closed.complete
response_closed.complete
response_closed.complete
response_closed.complete
response_closed.complete
[2m2026-01-14T15:04:52.667147Z[0m [[32m[1minfo     [0m] [1mrequest_completed             [0m [[0m[1m[34mapp.core.logger_utils[0m][0m [36mclient[0m=[35m127.0.0.1[0m [36mduration_ms[0m=[35m414.73[0m [36menvironment[0m=[35mdevelopment[0m [36mfilename[0m=[35mmain.py[0m [36mfunc_name[0m=[35mlog_requests[0m [36mlineno[0m=[35m132[0m [36mmethod[0m=[35mGET[0m [36mmodule[0m=[35mmain[0m [36mpath[0m=[35m/api/v1/knowledge/stats[0m [36mpathname[0m=[35m/Users/apple/PycharmProjects/Bank-copilot/app/main.py[0m [36mrequest_id[0m=[35mc297d92b-457a-43a6-adfa-4649c54dd503[0m [36mstatus_code[0m=[35m200[0m
INFO:     127.0.0.1:55581 - "GET /api/v1/knowledge/stats HTTP/1.1" 200 OK
[2m2026-01-14T15:04:52.667374Z[0m [[32m[1minfo     [0m] [1mrequest_completed             [0m [[0m[1m[34mapp.core.logger_utils[0m][0m [36mclient[0m=[35m127.0.0.1[0m [36mduration_ms[0m=[35m396.5[0m [36menvironment[0m=[35mdevelopment[0m [36mfilename[0m=[35mmain.py[0m [36mfunc_name[0m=[35mlog_requests[0m [36mlineno[0m=[35m132[0m [36mmethod[0m=[35mGET[0m [36mmodule[0m=[35mmain[0m [36mpath[0m=[35m/api/v1/knowledge/collections[0m [36mpathname[0m=[35m/Users/apple/PycharmProjects/Bank-copilot/app/main.py[0m [36mrequest_id[0m=[35m7316d6f8-3716-4669-8210-38a117e4b4e2[0m [36mstatus_code[0m=[35m200[0m
INFO:     127.0.0.1:55635 - "GET /api/v1/knowledge/collections HTTP/1.1" 200 OK
[2m2026-01-14T15:18:12.121068Z[0m [[32m[1minfo     [0m] [1mrequest_completed             [0m [[0m[1m[34mapp.core.logger_utils[0m][0m [36mclient[0m=[35m127.0.0.1[0m [36mduration_ms[0m=[35m6.24[0m [36menvironment[0m=[35mdevelopment[0m [36mfilename[0m=[35mmain.py[0m [36mfunc_name[0m=[35mlog_requests[0m [36mlineno[0m=[35m132[0m [36mmethod[0m=[35mOPTIONS[0m [36mmodule[0m=[35mmain[0m [36mpath[0m=[35m/api/v1/knowledge/collections[0m [36mpathname[0m=[35m/Users/apple/PycharmProjects/Bank-copilot/app/main.py[0m [36mrequest_id[0m=[35mcdb01fe9-0849-4934-93d3-aa29be4930d6[0m [36mstatus_code[0m=[35m200[0m
INFO:     127.0.0.1:57341 - "OPTIONS /api/v1/knowledge/collections HTTP/1.1" 200 OK
[2m2026-01-14T15:18:12.126831Z[0m [[32m[1minfo     [0m] [1mrequest_completed             [0m [[0m[1m[34mapp.core.logger_utils[0m][0m [36mclient[0m=[35m127.0.0.1[0m [36mduration_ms[0m=[35m14.78[0m [36menvironment[0m=[35mdevelopment[0m [36mfilename[0m=[35mmain.py[0m [36mfunc_name[0m=[35mlog_requests[0m [36mlineno[0m=[35m132[0m [36mmethod[0m=[35mOPTIONS[0m [36mmodule[0m=[35mmain[0m [36mpath[0m=[35m/api/v1/knowledge/collections[0m [36mpathname[0m=[35m/Users/apple/PycharmProjects/Bank-copilot/app/main.py[0m [36mrequest_id[0m=[35mff400796-3a2c-4e92-b50e-2d69426f60ec[0m [36mstatus_code[0m=[35m200[0m
INFO:     127.0.0.1:57350 - "OPTIONS /api/v1/knowledge/collections HTTP/1.1" 200 OK
connect_tcp.started host='127.0.0.1' port=7890 local_address=None timeout=30.0 socket_options=None
connect_tcp.complete return_value=<httpcore._backends.anyio.AnyIOStream object at 0x1102fe4b0>
send_request_headers.started request=<Request [b'GET']>
send_request_headers.complete
send_request_body.started request=<Request [b'GET']>
send_request_body.complete
receive_response_headers.started request=<Request [b'GET']>
receive_response_headers.complete return_value=(b'HTTP/1.1', 200, b'OK', [(b'Connection', b'close'), (b'Transfer-Encoding', b'chunked'), (b'Content-Encoding', b'br'), (b'Content-Type', b'application/json'), (b'Date', b'Wed, 14 Jan 2026 15:18:12 GMT'), (b'Vary', b'accept-encoding, Origin, Access-Control-Request-Method, Access-Control-Request-Headers')])
receive_response_body.started request=<Request [b'GET']>
receive_response_body.complete
response_closed.started
response_closed.complete
connect_tcp.started host='127.0.0.1' port=7890 local_address=None timeout=30.0 socket_options=None
connect_tcp.started host='127.0.0.1' port=7890 local_address=None timeout=30.0 socket_options=None
connect_tcp.started host='127.0.0.1' port=7890 local_address=None timeout=30.0 socket_options=None
connect_tcp.started host='127.0.0.1' port=7890 local_address=None timeout=30.0 socket_options=None
connect_tcp.started host='127.0.0.1' port=7890 local_address=None timeout=30.0 socket_options=None
connect_tcp.started host='127.0.0.1' port=7890 local_address=None timeout=30.0 socket_options=None
connect_tcp.complete return_value=<httpcore._backends.anyio.AnyIOStream object at 0x1102bbc20>
connect_tcp.complete return_value=<httpcore._backends.anyio.AnyIOStream object at 0x117811040>
connect_tcp.complete return_value=<httpcore._backends.anyio.AnyIOStream object at 0x117846de0>
send_request_headers.started request=<Request [b'GET']>
send_request_headers.started request=<Request [b'GET']>
send_request_headers.started request=<Request [b'GET']>
send_request_headers.complete
send_request_body.started request=<Request [b'GET']>
send_request_body.complete
receive_response_headers.started request=<Request [b'GET']>
send_request_headers.complete
send_request_body.started request=<Request [b'GET']>
send_request_body.complete
receive_response_headers.started request=<Request [b'GET']>
send_request_headers.complete
send_request_body.started request=<Request [b'GET']>
send_request_body.complete
receive_response_headers.started request=<Request [b'GET']>
connect_tcp.complete return_value=<httpcore._backends.anyio.AnyIOStream object at 0x117811a30>
connect_tcp.complete return_value=<httpcore._backends.anyio.AnyIOStream object at 0x110243920>
connect_tcp.complete return_value=<httpcore._backends.anyio.AnyIOStream object at 0x1102fc3b0>
send_request_headers.started request=<Request [b'GET']>
send_request_headers.started request=<Request [b'GET']>
send_request_headers.started request=<Request [b'GET']>
send_request_headers.complete
send_request_body.started request=<Request [b'GET']>
send_request_body.complete
receive_response_headers.started request=<Request [b'GET']>
send_request_headers.complete
send_request_body.started request=<Request [b'GET']>
send_request_body.complete
receive_response_headers.started request=<Request [b'GET']>
send_request_headers.complete
send_request_body.started request=<Request [b'GET']>
send_request_body.complete
receive_response_headers.started request=<Request [b'GET']>
receive_response_headers.complete return_value=(b'HTTP/1.1', 200, b'OK', [(b'Connection', b'close'), (b'Transfer-Encoding', b'chunked'), (b'Content-Encoding', b'br'), (b'Content-Type', b'application/json'), (b'Date', b'Wed, 14 Jan 2026 15:18:12 GMT'), (b'Vary', b'accept-encoding, Origin, Access-Control-Request-Method, Access-Control-Request-Headers')])
receive_response_body.started request=<Request [b'GET']>
receive_response_headers.complete return_value=(b'HTTP/1.1', 200, b'OK', [(b'Connection', b'close'), (b'Transfer-Encoding', b'chunked'), (b'Content-Encoding', b'br'), (b'Content-Type', b'application/json'), (b'Date', b'Wed, 14 Jan 2026 15:18:12 GMT'), (b'Vary', b'accept-encoding, Origin, Access-Control-Request-Method, Access-Control-Request-Headers')])
receive_response_body.started request=<Request [b'GET']>
receive_response_headers.complete return_value=(b'HTTP/1.1', 200, b'OK', [(b'Connection', b'close'), (b'Transfer-Encoding', b'chunked'), (b'Content-Encoding', b'br'), (b'Content-Type', b'application/json'), (b'Date', b'Wed, 14 Jan 2026 15:18:12 GMT'), (b'Vary', b'accept-encoding, Origin, Access-Control-Request-Method, Access-Control-Request-Headers')])
receive_response_body.started request=<Request [b'GET']>
receive_response_body.complete
response_closed.started
receive_response_headers.complete return_value=(b'HTTP/1.1', 200, b'OK', [(b'Connection', b'close'), (b'Transfer-Encoding', b'chunked'), (b'Content-Encoding', b'br'), (b'Content-Type', b'application/json'), (b'Date', b'Wed, 14 Jan 2026 15:18:12 GMT'), (b'Vary', b'accept-encoding, Origin, Access-Control-Request-Method, Access-Control-Request-Headers')])
receive_response_body.started request=<Request [b'GET']>
receive_response_body.complete
response_closed.started
receive_response_headers.complete return_value=(b'HTTP/1.1', 200, b'OK', [(b'Connection', b'close'), (b'Transfer-Encoding', b'chunked'), (b'Content-Encoding', b'br'), (b'Content-Type', b'application/json'), (b'Date', b'Wed, 14 Jan 2026 15:18:12 GMT'), (b'Vary', b'accept-encoding, Origin, Access-Control-Request-Method, Access-Control-Request-Headers')])
receive_response_body.started request=<Request [b'GET']>
receive_response_body.complete
response_closed.started
receive_response_headers.complete return_value=(b'HTTP/1.1', 200, b'OK', [(b'Connection', b'close'), (b'Transfer-Encoding', b'chunked'), (b'Content-Encoding', b'br'), (b'Content-Type', b'application/json'), (b'Date', b'Wed, 14 Jan 2026 15:18:12 GMT'), (b'Vary', b'accept-encoding, Origin, Access-Control-Request-Method, Access-Control-Request-Headers')])
receive_response_body.started request=<Request [b'GET']>
receive_response_body.complete
response_closed.started
receive_response_body.complete
response_closed.started
receive_response_body.complete
response_closed.started
response_closed.complete
response_closed.complete
response_closed.complete
connect_tcp.started host='127.0.0.1' port=7890 local_address=None timeout=30.0 socket_options=None
connect_tcp.started host='127.0.0.1' port=7890 local_address=None timeout=30.0 socket_options=None
connect_tcp.started host='127.0.0.1' port=7890 local_address=None timeout=30.0 socket_options=None
response_closed.complete
response_closed.complete
response_closed.complete
connect_tcp.started host='127.0.0.1' port=7890 local_address=None timeout=30.0 socket_options=None
connect_tcp.started host='127.0.0.1' port=7890 local_address=None timeout=30.0 socket_options=None
connect_tcp.started host='127.0.0.1' port=7890 local_address=None timeout=30.0 socket_options=None
connect_tcp.complete return_value=<httpcore._backends.anyio.AnyIOStream object at 0x1102c59a0>
connect_tcp.complete return_value=<httpcore._backends.anyio.AnyIOStream object at 0x1102c7f50>
connect_tcp.complete return_value=<httpcore._backends.anyio.AnyIOStream object at 0x11781a6f0>
send_request_headers.started request=<Request [b'POST']>
send_request_headers.started request=<Request [b'POST']>
send_request_headers.started request=<Request [b'POST']>
send_request_headers.complete
send_request_body.started request=<Request [b'POST']>
send_request_headers.complete
send_request_body.started request=<Request [b'POST']>
send_request_headers.complete
send_request_body.started request=<Request [b'POST']>
connect_tcp.complete return_value=<httpcore._backends.anyio.AnyIOStream object at 0x117838050>
connect_tcp.complete return_value=<httpcore._backends.anyio.AnyIOStream object at 0x1102e0b00>
connect_tcp.complete return_value=<httpcore._backends.anyio.AnyIOStream object at 0x1102e1520>
send_request_body.complete
receive_response_headers.started request=<Request [b'POST']>
send_request_body.complete
receive_response_headers.started request=<Request [b'POST']>
send_request_body.complete
receive_response_headers.started request=<Request [b'POST']>
send_request_headers.started request=<Request [b'POST']>
send_request_headers.started request=<Request [b'POST']>
send_request_headers.started request=<Request [b'POST']>
send_request_headers.complete
send_request_body.started request=<Request [b'POST']>
send_request_headers.complete
send_request_body.started request=<Request [b'POST']>
send_request_headers.complete
send_request_body.started request=<Request [b'POST']>
send_request_body.complete
receive_response_headers.started request=<Request [b'POST']>
send_request_body.complete
receive_response_headers.started request=<Request [b'POST']>
send_request_body.complete
receive_response_headers.started request=<Request [b'POST']>
receive_response_headers.complete return_value=(b'HTTP/1.1', 200, b'OK', [(b'Connection', b'close'), (b'Transfer-Encoding', b'chunked'), (b'Content-Encoding', b'br'), (b'Content-Type', b'application/json'), (b'Date', b'Wed, 14 Jan 2026 15:18:12 GMT'), (b'Vary', b'accept-encoding, Origin, Access-Control-Request-Method, Access-Control-Request-Headers')])
receive_response_body.started request=<Request [b'POST']>
receive_response_body.complete
response_closed.started
response_closed.complete
receive_response_headers.complete return_value=(b'HTTP/1.1', 200, b'OK', [(b'Connection', b'close'), (b'Transfer-Encoding', b'chunked'), (b'Content-Encoding', b'br'), (b'Content-Type', b'application/json'), (b'Date', b'Wed, 14 Jan 2026 15:18:12 GMT'), (b'Vary', b'accept-encoding, Origin, Access-Control-Request-Method, Access-Control-Request-Headers')])
receive_response_body.started request=<Request [b'POST']>
receive_response_body.complete
response_closed.started
receive_response_headers.complete return_value=(b'HTTP/1.1', 200, b'OK', [(b'Connection', b'close'), (b'Transfer-Encoding', b'chunked'), (b'Content-Encoding', b'br'), (b'Content-Type', b'application/json'), (b'Date', b'Wed, 14 Jan 2026 15:18:12 GMT'), (b'Vary', b'accept-encoding, Origin, Access-Control-Request-Method, Access-Control-Request-Headers')])
receive_response_body.started request=<Request [b'POST']>
receive_response_body.complete
response_closed.started
receive_response_headers.complete return_value=(b'HTTP/1.1', 200, b'OK', [(b'Connection', b'close'), (b'Transfer-Encoding', b'chunked'), (b'Content-Encoding', b'br'), (b'Content-Type', b'application/json'), (b'Date', b'Wed, 14 Jan 2026 15:18:12 GMT'), (b'Vary', b'accept-encoding, Origin, Access-Control-Request-Method, Access-Control-Request-Headers')])
receive_response_body.started request=<Request [b'POST']>
receive_response_body.complete
response_closed.started
receive_response_headers.complete return_value=(b'HTTP/1.1', 200, b'OK', [(b'Connection', b'close'), (b'Transfer-Encoding', b'chunked'), (b'Content-Encoding', b'br'), (b'Content-Type', b'application/json'), (b'Date', b'Wed, 14 Jan 2026 15:18:12 GMT'), (b'Vary', b'accept-encoding, Origin, Access-Control-Request-Method, Access-Control-Request-Headers')])
receive_response_body.started request=<Request [b'POST']>
receive_response_body.complete
response_closed.started
receive_response_headers.complete return_value=(b'HTTP/1.1', 200, b'OK', [(b'Connection', b'close'), (b'Transfer-Encoding', b'chunked'), (b'Content-Encoding', b'br'), (b'Content-Type', b'application/json'), (b'Date', b'Wed, 14 Jan 2026 15:18:12 GMT'), (b'Vary', b'accept-encoding, Origin, Access-Control-Request-Method, Access-Control-Request-Headers')])
receive_response_body.started request=<Request [b'POST']>
receive_response_body.complete
response_closed.started
response_closed.complete
response_closed.complete
response_closed.complete
response_closed.complete
response_closed.complete
[2m2026-01-14T15:18:12.475188Z[0m [[32m[1minfo     [0m] [1mrequest_completed             [0m [[0m[1m[34mapp.core.logger_utils[0m][0m [36mclient[0m=[35m127.0.0.1[0m [36mduration_ms[0m=[35m343.93[0m [36menvironment[0m=[35mdevelopment[0m [36mfilename[0m=[35mmain.py[0m [36mfunc_name[0m=[35mlog_requests[0m [36mlineno[0m=[35m132[0m [36mmethod[0m=[35mGET[0m [36mmodule[0m=[35mmain[0m [36mpath[0m=[35m/api/v1/knowledge/collections[0m [36mpathname[0m=[35m/Users/apple/PycharmProjects/Bank-copilot/app/main.py[0m [36mrequest_id[0m=[35m78acd60c-f071-4ac1-8b78-8353834943c5[0m [36mstatus_code[0m=[35m200[0m
INFO:     127.0.0.1:57360 - "GET /api/v1/knowledge/collections HTTP/1.1" 200 OK
connect_tcp.started host='127.0.0.1' port=7890 local_address=None timeout=30.0 socket_options=None
connect_tcp.complete return_value=<httpcore._backends.anyio.AnyIOStream object at 0x11781a120>
send_request_headers.started request=<Request [b'GET']>
send_request_headers.complete
send_request_body.started request=<Request [b'GET']>
send_request_body.complete
receive_response_headers.started request=<Request [b'GET']>
receive_response_headers.complete return_value=(b'HTTP/1.1', 200, b'OK', [(b'Connection', b'close'), (b'Transfer-Encoding', b'chunked'), (b'Content-Encoding', b'br'), (b'Content-Type', b'application/json'), (b'Date', b'Wed, 14 Jan 2026 15:18:12 GMT'), (b'Vary', b'accept-encoding, Origin, Access-Control-Request-Method, Access-Control-Request-Headers')])
receive_response_body.started request=<Request [b'GET']>
receive_response_body.complete
response_closed.started
response_closed.complete
connect_tcp.started host='127.0.0.1' port=7890 local_address=None timeout=30.0 socket_options=None
connect_tcp.started host='127.0.0.1' port=7890 local_address=None timeout=30.0 socket_options=None
connect_tcp.started host='127.0.0.1' port=7890 local_address=None timeout=30.0 socket_options=None
connect_tcp.started host='127.0.0.1' port=7890 local_address=None timeout=30.0 socket_options=None
connect_tcp.started host='127.0.0.1' port=7890 local_address=None timeout=30.0 socket_options=None
connect_tcp.started host='127.0.0.1' port=7890 local_address=None timeout=30.0 socket_options=None
connect_tcp.complete return_value=<httpcore._backends.anyio.AnyIOStream object at 0x11781cfb0>
connect_tcp.complete return_value=<httpcore._backends.anyio.AnyIOStream object at 0x1102e2330>
connect_tcp.complete return_value=<httpcore._backends.anyio.AnyIOStream object at 0x1102e3890>
connect_tcp.complete return_value=<httpcore._backends.anyio.AnyIOStream object at 0x1102e2ed0>
send_request_headers.started request=<Request [b'GET']>
send_request_headers.started request=<Request [b'GET']>
send_request_headers.started request=<Request [b'GET']>
send_request_headers.started request=<Request [b'GET']>
send_request_headers.complete
send_request_body.started request=<Request [b'GET']>
send_request_body.complete
receive_response_headers.started request=<Request [b'GET']>
send_request_headers.complete
send_request_body.started request=<Request [b'GET']>
send_request_body.complete
receive_response_headers.started request=<Request [b'GET']>
send_request_headers.complete
send_request_body.started request=<Request [b'GET']>
send_request_body.complete
receive_response_headers.started request=<Request [b'GET']>
send_request_headers.complete
send_request_body.started request=<Request [b'GET']>
send_request_body.complete
receive_response_headers.started request=<Request [b'GET']>
connect_tcp.complete return_value=<httpcore._backends.anyio.AnyIOStream object at 0x1102e3650>
connect_tcp.complete return_value=<httpcore._backends.anyio.AnyIOStream object at 0x11781ed50>
send_request_headers.started request=<Request [b'GET']>
send_request_headers.started request=<Request [b'GET']>
send_request_headers.complete
send_request_body.started request=<Request [b'GET']>
send_request_body.complete
receive_response_headers.started request=<Request [b'GET']>
send_request_headers.complete
send_request_body.started request=<Request [b'GET']>
send_request_body.complete
receive_response_headers.started request=<Request [b'GET']>
receive_response_headers.complete return_value=(b'HTTP/1.1', 200, b'OK', [(b'Connection', b'close'), (b'Transfer-Encoding', b'chunked'), (b'Content-Encoding', b'br'), (b'Content-Type', b'application/json'), (b'Date', b'Wed, 14 Jan 2026 15:18:12 GMT'), (b'Vary', b'accept-encoding, Origin, Access-Control-Request-Method, Access-Control-Request-Headers')])
receive_response_body.started request=<Request [b'GET']>
receive_response_body.complete
response_closed.started
response_closed.complete
receive_response_headers.complete return_value=(b'HTTP/1.1', 200, b'OK', [(b'Connection', b'close'), (b'Transfer-Encoding', b'chunked'), (b'Content-Encoding', b'br'), (b'Content-Type', b'application/json'), (b'Date', b'Wed, 14 Jan 2026 15:18:12 GMT'), (b'Vary', b'accept-encoding, Origin, Access-Control-Request-Method, Access-Control-Request-Headers')])
receive_response_body.started request=<Request [b'GET']>
receive_response_body.complete
response_closed.started
receive_response_headers.complete return_value=(b'HTTP/1.1', 200, b'OK', [(b'Connection', b'close'), (b'Transfer-Encoding', b'chunked'), (b'Content-Encoding', b'br'), (b'Content-Type', b'application/json'), (b'Date', b'Wed, 14 Jan 2026 15:18:12 GMT'), (b'Vary', b'accept-encoding, Origin, Access-Control-Request-Method, Access-Control-Request-Headers')])
receive_response_body.started request=<Request [b'GET']>
receive_response_body.complete
response_closed.started
receive_response_headers.complete return_value=(b'HTTP/1.1', 200, b'OK', [(b'Connection', b'close'), (b'Transfer-Encoding', b'chunked'), (b'Content-Encoding', b'br'), (b'Content-Type', b'application/json'), (b'Date', b'Wed, 14 Jan 2026 15:18:12 GMT'), (b'Vary', b'accept-encoding, Origin, Access-Control-Request-Method, Access-Control-Request-Headers')])
receive_response_body.started request=<Request [b'GET']>
connect_tcp.started host='127.0.0.1' port=7890 local_address=None timeout=30.0 socket_options=None
response_closed.complete
response_closed.complete
receive_response_headers.complete return_value=(b'HTTP/1.1', 200, b'OK', [(b'Connection', b'close'), (b'Transfer-Encoding', b'chunked'), (b'Content-Encoding', b'br'), (b'Content-Type', b'application/json'), (b'Date', b'Wed, 14 Jan 2026 15:18:12 GMT'), (b'Vary', b'accept-encoding, Origin, Access-Control-Request-Method, Access-Control-Request-Headers')])
receive_response_body.started request=<Request [b'GET']>
receive_response_body.complete
response_closed.started
receive_response_headers.complete return_value=(b'HTTP/1.1', 200, b'OK', [(b'Connection', b'close'), (b'Transfer-Encoding', b'chunked'), (b'Content-Encoding', b'br'), (b'Content-Type', b'application/json'), (b'Date', b'Wed, 14 Jan 2026 15:18:12 GMT'), (b'Vary', b'accept-encoding, Origin, Access-Control-Request-Method, Access-Control-Request-Headers')])
receive_response_body.started request=<Request [b'GET']>
receive_response_body.complete
response_closed.started
receive_response_body.complete
response_closed.started
connect_tcp.started host='127.0.0.1' port=7890 local_address=None timeout=30.0 socket_options=None
connect_tcp.started host='127.0.0.1' port=7890 local_address=None timeout=30.0 socket_options=None
response_closed.complete
response_closed.complete
response_closed.complete
connect_tcp.started host='127.0.0.1' port=7890 local_address=None timeout=30.0 socket_options=None
connect_tcp.started host='127.0.0.1' port=7890 local_address=None timeout=30.0 socket_options=None
connect_tcp.started host='127.0.0.1' port=7890 local_address=None timeout=30.0 socket_options=None
connect_tcp.complete return_value=<httpcore._backends.anyio.AnyIOStream object at 0x1102dffe0>
send_request_headers.started request=<Request [b'POST']>
send_request_headers.complete
send_request_body.started request=<Request [b'POST']>
connect_tcp.complete return_value=<httpcore._backends.anyio.AnyIOStream object at 0x11783b1d0>
connect_tcp.complete return_value=<httpcore._backends.anyio.AnyIOStream object at 0x117838ad0>
send_request_body.complete
receive_response_headers.started request=<Request [b'POST']>
send_request_headers.started request=<Request [b'POST']>
send_request_headers.started request=<Request [b'POST']>
send_request_headers.complete
send_request_body.started request=<Request [b'POST']>
send_request_headers.complete
send_request_body.started request=<Request [b'POST']>
connect_tcp.complete return_value=<httpcore._backends.anyio.AnyIOStream object at 0x1102c4fb0>
connect_tcp.complete return_value=<httpcore._backends.anyio.AnyIOStream object at 0x11781eab0>
connect_tcp.complete return_value=<httpcore._backends.anyio.AnyIOStream object at 0x1102c71a0>
send_request_body.complete
receive_response_headers.started request=<Request [b'POST']>
send_request_body.complete
receive_response_headers.started request=<Request [b'POST']>
send_request_headers.started request=<Request [b'POST']>
send_request_headers.started request=<Request [b'POST']>
send_request_headers.started request=<Request [b'POST']>
send_request_headers.complete
send_request_body.started request=<Request [b'POST']>
send_request_headers.complete
send_request_body.started request=<Request [b'POST']>
send_request_headers.complete
send_request_body.started request=<Request [b'POST']>
send_request_body.complete
receive_response_headers.started request=<Request [b'POST']>
send_request_body.complete
receive_response_headers.started request=<Request [b'POST']>
send_request_body.complete
receive_response_headers.started request=<Request [b'POST']>
receive_response_headers.complete return_value=(b'HTTP/1.1', 200, b'OK', [(b'Connection', b'close'), (b'Transfer-Encoding', b'chunked'), (b'Content-Encoding', b'br'), (b'Content-Type', b'application/json'), (b'Date', b'Wed, 14 Jan 2026 15:18:12 GMT'), (b'Vary', b'accept-encoding, Origin, Access-Control-Request-Method, Access-Control-Request-Headers')])
receive_response_body.started request=<Request [b'POST']>
receive_response_headers.complete return_value=(b'HTTP/1.1', 200, b'OK', [(b'Connection', b'close'), (b'Transfer-Encoding', b'chunked'), (b'Content-Encoding', b'br'), (b'Content-Type', b'application/json'), (b'Date', b'Wed, 14 Jan 2026 15:18:12 GMT'), (b'Vary', b'accept-encoding, Origin, Access-Control-Request-Method, Access-Control-Request-Headers')])
receive_response_body.started request=<Request [b'POST']>
receive_response_body.complete
response_closed.started
receive_response_body.complete
response_closed.started
response_closed.complete
response_closed.complete
receive_response_headers.complete return_value=(b'HTTP/1.1', 200, b'OK', [(b'Connection', b'close'), (b'Transfer-Encoding', b'chunked'), (b'Content-Encoding', b'br'), (b'Content-Type', b'application/json'), (b'Date', b'Wed, 14 Jan 2026 15:18:12 GMT'), (b'Vary', b'accept-encoding, Origin, Access-Control-Request-Method, Access-Control-Request-Headers')])
receive_response_body.started request=<Request [b'POST']>
receive_response_body.complete
response_closed.started
response_closed.complete
receive_response_headers.complete return_value=(b'HTTP/1.1', 200, b'OK', [(b'Connection', b'close'), (b'Transfer-Encoding', b'chunked'), (b'Content-Encoding', b'br'), (b'Content-Type', b'application/json'), (b'Date', b'Wed, 14 Jan 2026 15:18:12 GMT'), (b'Vary', b'accept-encoding, Origin, Access-Control-Request-Method, Access-Control-Request-Headers')])
receive_response_body.started request=<Request [b'POST']>
receive_response_body.complete
response_closed.started
response_closed.complete
receive_response_headers.complete return_value=(b'HTTP/1.1', 200, b'OK', [(b'Connection', b'close'), (b'Transfer-Encoding', b'chunked'), (b'Content-Encoding', b'br'), (b'Content-Type', b'application/json'), (b'Date', b'Wed, 14 Jan 2026 15:18:12 GMT'), (b'Vary', b'accept-encoding, Origin, Access-Control-Request-Method, Access-Control-Request-Headers')])
receive_response_body.started request=<Request [b'POST']>
receive_response_body.complete
response_closed.started
response_closed.complete
receive_response_headers.complete return_value=(b'HTTP/1.1', 200, b'OK', [(b'Connection', b'close'), (b'Transfer-Encoding', b'chunked'), (b'Content-Encoding', b'br'), (b'Content-Type', b'application/json'), (b'Date', b'Wed, 14 Jan 2026 15:18:12 GMT'), (b'Vary', b'accept-encoding, Origin, Access-Control-Request-Method, Access-Control-Request-Headers')])
receive_response_body.started request=<Request [b'POST']>
receive_response_body.complete
response_closed.started
response_closed.complete
[2m2026-01-14T15:18:12.701631Z[0m [[32m[1minfo     [0m] [1mrequest_completed             [0m [[0m[1m[34mapp.core.logger_utils[0m][0m [36mclient[0m=[35m127.0.0.1[0m [36mduration_ms[0m=[35m225.16[0m [36menvironment[0m=[35mdevelopment[0m [36mfilename[0m=[35mmain.py[0m [36mfunc_name[0m=[35mlog_requests[0m [36mlineno[0m=[35m132[0m [36mmethod[0m=[35mGET[0m [36mmodule[0m=[35mmain[0m [36mpath[0m=[35m/api/v1/knowledge/collections[0m [36mpathname[0m=[35m/Users/apple/PycharmProjects/Bank-copilot/app/main.py[0m [36mrequest_id[0m=[35m48b926b7-303c-4c74-834a-974e47e1adc6[0m [36mstatus_code[0m=[35m200[0m
INFO:     127.0.0.1:57388 - "GET /api/v1/knowledge/collections HTTP/1.1" 200 OK
INFO:     Shutting down
INFO:     Waiting for application shutdown.
[2m2026-01-14T15:27:31.546201Z[0m [[32m[1minfo     [0m] [1mapplication_shutdown          [0m [[0m[1m[34mapp.core.logger_utils[0m][0m [36menvironment[0m=[35mdevelopment[0m [36mfilename[0m=[35mmain.py[0m [36mfunc_name[0m=[35mlifespan[0m [36mlineno[0m=[35m54[0m [36mmodule[0m=[35mmain[0m [36mpathname[0m=[35m/Users/apple/PycharmProjects/Bank-copilot/app/main.py[0m
INFO:     Application shutdown complete.
INFO:     Finished server process [3052]
Loading environment: Environment.DEVELOPMENT
Loaded environment from /Users/apple/PycharmProjects/Bank-copilot/.env
[2m2026-01-14T15:28:08.763002Z[0m [[32m[1minfo     [0m] [1mlogging_initialized           [0m [[0m[1m[34mapp.core.logger_utils[0m][0m [36menvironment[0m=[35mdevelopment[0m [36mfilename[0m=[35mlogger_utils.py[0m [36mfunc_name[0m=[35m<module>[0m [36mlineno[0m=[35m226[0m [36mlog_format[0m=[35mconsole[0m [36mlog_level[0m=[35mDEBUG[0m [36mmodule[0m=[35mlogger_utils[0m [36mpathname[0m=[35m/Users/apple/PycharmProjects/Bank-copilot/app/core/logger_utils.py[0m
[2m2026-01-14T15:28:09.118511Z[0m [[33m[1mwarning  [0m] [1mMongoDB usage is disabled via settings.DISABLE_MONGO=true. Using no-op client.[0m [[0m[1m[34mapp.core.logger_utils[0m][0m [36mcls[0m=[35m/Users/apple/PycharmProjects/Bank-copilot/app/core/db/mongo.py[0m [36menvironment[0m=[35mdevelopment[0m [36mfilename[0m=[35mmongo.py[0m [36mfunc_name[0m=[35m__new__[0m [36mlineno[0m=[35m60[0m [36mmodule[0m=[35mmongo[0m [36mpathname[0m=[35m/Users/apple/PycharmProjects/Bank-copilot/app/core/db/mongo.py[0m
None of PyTorch, TensorFlow >= 2.0, or Flax have been found. Models won't be available and only tokenizers, configuration and file/data utilities can be used.
[2m2026-01-14T15:28:10.817630Z[0m [[32m[1minfo     [0m] [1mllm_initialized               [0m [[0m[1m[34mapp.core.logger_utils[0m][0m [36menvironment[0m=[35mdevelopment[0m [36mfilename[0m=[35mchief_agent.py[0m [36mfunc_name[0m=[35m__init__[0m [36mlineno[0m=[35m78[0m [36mmodel[0m=[35mdeepseek-ai/DeepSeek-V3.2[0m [36mmodule[0m=[35mchief_agent[0m [36mpathname[0m=[35m/Users/apple/PycharmProjects/Bank-copilot/app/core/agent/graph/chief_agent.py[0m
Authentication error: Langfuse client initialized without public_key. Client will be disabled. Provide a public_key parameter or set LANGFUSE_PUBLIC_KEY environment variable. 
INFO:     Started server process [16015]
INFO:     Waiting for application startup.
[2m2026-01-14T15:28:10.990104Z[0m [[32m[1minfo     [0m] [1mapplication_startup           [0m [[0m[1m[34mapp.core.logger_utils[0m][0m [36mapi_prefix[0m=[35m/api/v1[0m [36menvironment[0m=[35mdevelopment[0m [36mfilename[0m=[35mmain.py[0m [36mfunc_name[0m=[35mlifespan[0m [36mlineno[0m=[35m42[0m [36mmodule[0m=[35mmain[0m [36mpathname[0m=[35m/Users/apple/PycharmProjects/Bank-copilot/app/main.py[0m [36mproject_name[0m=[35m'FastAPI LangGraph Template'[0m [36mversion[0m=[35m1.0.0[0m
[2m2026-01-14T15:28:11.011145Z[0m [[31m[1merror    [0m] [1mdatabase_initialization_error [0m [[0m[1m[34mapp.core.logger_utils[0m][0m [36menvironment[0m=[35mdevelopment[0m [36merror[0m=[35m'(psycopg.OperationalError) connection failed: connection to server at "127.0.0.1", port 5433 failed: could not receive data from server: Connection refused\nMultiple connection attempts failed. All failures were:\n- host: \'localhost\', port: 5433, hostaddr: \'::1\': connection failed: connection to server at "::1", port 5433 failed: could not receive data from server: Connection refused\n- host: \'localhost\', port: 5433, hostaddr: \'127.0.0.1\': connection failed: connection to server at "127.0.0.1", port 5433 failed: could not receive data from server: Connection refused\n(Background on this error at: https://sqlalche.me/e/20/e3q8)'[0m [36mfilename[0m=[35mdb_services.py[0m [36mfunc_name[0m=[35minit[0m [36mlineno[0m=[35m55[0m [36mmodule[0m=[35mdb_services[0m [36mpathname[0m=[35m/Users/apple/PycharmProjects/Bank-copilot/app/core/db/db_services.py[0m
[2m2026-01-14T15:28:11.011385Z[0m [[33m[1mwarning  [0m] [1mDatabase initialization failed, continuing without DB: (psycopg.OperationalError) connection failed: connection to server at "127.0.0.1", port 5433 failed: could not receive data from server: Connection refused
Multiple connection attempts failed. All failures were:
- host: 'localhost', port: 5433, hostaddr: '::1': connection failed: connection to server at "::1", port 5433 failed: could not receive data from server: Connection refused
- host: 'localhost', port: 5433, hostaddr: '127.0.0.1': connection failed: connection to server at "127.0.0.1", port 5433 failed: could not receive data from server: Connection refused
(Background on this error at: https://sqlalche.me/e/20/e3q8)[0m [[0m[1m[34mapp.core.logger_utils[0m][0m [36menvironment[0m=[35mdevelopment[0m [36mfilename[0m=[35mmain.py[0m [36mfunc_name[0m=[35mlifespan[0m [36mlineno[0m=[35m52[0m [36mmodule[0m=[35mmain[0m [36mpathname[0m=[35m/Users/apple/PycharmProjects/Bank-copilot/app/main.py[0m
INFO:     Application startup complete.
ERROR:    [Errno 48] error while attempting to bind on address ('0.0.0.0', 8000): [errno 48] address already in use
INFO:     Waiting for application shutdown.
[2m2026-01-14T15:28:11.011733Z[0m [[32m[1minfo     [0m] [1mapplication_shutdown          [0m [[0m[1m[34mapp.core.logger_utils[0m][0m [36menvironment[0m=[35mdevelopment[0m [36mfilename[0m=[35mmain.py[0m [36mfunc_name[0m=[35mlifespan[0m [36mlineno[0m=[35m54[0m [36mmodule[0m=[35mmain[0m [36mpathname[0m=[35m/Users/apple/PycharmProjects/Bank-copilot/app/main.py[0m
INFO:     Application shutdown complete.
INFO:     Will watch for changes in these directories: ['/Users/apple/PycharmProjects/Bank-copilot']
INFO:     Uvicorn running on http://0.0.0.0:8000 (Press CTRL+C to quit)
INFO:     Started reloader process [16730] using WatchFiles
Loading environment: Environment.DEVELOPMENT
Loaded environment from /Users/apple/PycharmProjects/Bank-copilot/.env
[2m2026-01-14T15:29:29.196021Z[0m [[32m[1minfo     [0m] [1mlogging_initialized           [0m [[0m[1m[34mapp.core.logger_utils[0m][0m [36menvironment[0m=[35mdevelopment[0m [36mfilename[0m=[35mlogger_utils.py[0m [36mfunc_name[0m=[35m<module>[0m [36mlineno[0m=[35m226[0m [36mlog_format[0m=[35mconsole[0m [36mlog_level[0m=[35mDEBUG[0m [36mmodule[0m=[35mlogger_utils[0m [36mpathname[0m=[35m/Users/apple/PycharmProjects/Bank-copilot/app/core/logger_utils.py[0m
[2m2026-01-14T15:29:29.521052Z[0m [[33m[1mwarning  [0m] [1mMongoDB usage is disabled via settings.DISABLE_MONGO=true. Using no-op client.[0m [[0m[1m[34mapp.core.logger_utils[0m][0m [36mcls[0m=[35m/Users/apple/PycharmProjects/Bank-copilot/app/core/db/mongo.py[0m [36menvironment[0m=[35mdevelopment[0m [36mfilename[0m=[35mmongo.py[0m [36mfunc_name[0m=[35m__new__[0m [36mlineno[0m=[35m60[0m [36mmodule[0m=[35mmongo[0m [36mpathname[0m=[35m/Users/apple/PycharmProjects/Bank-copilot/app/core/db/mongo.py[0m
None of PyTorch, TensorFlow >= 2.0, or Flax have been found. Models won't be available and only tokenizers, configuration and file/data utilities can be used.
[2m2026-01-14T15:29:31.262200Z[0m [[32m[1minfo     [0m] [1mllm_initialized               [0m [[0m[1m[34mapp.core.logger_utils[0m][0m [36menvironment[0m=[35mdevelopment[0m [36mfilename[0m=[35mchief_agent.py[0m [36mfunc_name[0m=[35m__init__[0m [36mlineno[0m=[35m78[0m [36mmodel[0m=[35mdeepseek-ai/DeepSeek-V3.2[0m [36mmodule[0m=[35mchief_agent[0m [36mpathname[0m=[35m/Users/apple/PycharmProjects/Bank-copilot/app/core/agent/graph/chief_agent.py[0m
Authentication error: Langfuse client initialized without public_key. Client will be disabled. Provide a public_key parameter or set LANGFUSE_PUBLIC_KEY environment variable. 
INFO:     Started server process [16732]
INFO:     Waiting for application startup.
[2m2026-01-14T15:29:31.429593Z[0m [[32m[1minfo     [0m] [1mapplication_startup           [0m [[0m[1m[34mapp.core.logger_utils[0m][0m [36mapi_prefix[0m=[35m/api/v1[0m [36menvironment[0m=[35mdevelopment[0m [36mfilename[0m=[35mmain.py[0m [36mfunc_name[0m=[35mlifespan[0m [36mlineno[0m=[35m42[0m [36mmodule[0m=[35mmain[0m [36mpathname[0m=[35m/Users/apple/PycharmProjects/Bank-copilot/app/main.py[0m [36mproject_name[0m=[35m'FastAPI LangGraph Template'[0m [36mversion[0m=[35m1.0.0[0m
[2m2026-01-14T15:29:31.447894Z[0m [[31m[1merror    [0m] [1mdatabase_initialization_error [0m [[0m[1m[34mapp.core.logger_utils[0m][0m [36menvironment[0m=[35mdevelopment[0m [36merror[0m=[35m'(psycopg.OperationalError) connection failed: connection to server at "127.0.0.1", port 5433 failed: could not receive data from server: Connection refused\nMultiple connection attempts failed. All failures were:\n- host: \'localhost\', port: 5433, hostaddr: \'::1\': connection failed: connection to server at "::1", port 5433 failed: could not receive data from server: Connection refused\n- host: \'localhost\', port: 5433, hostaddr: \'127.0.0.1\': connection failed: connection to server at "127.0.0.1", port 5433 failed: could not receive data from server: Connection refused\n(Background on this error at: https://sqlalche.me/e/20/e3q8)'[0m [36mfilename[0m=[35mdb_services.py[0m [36mfunc_name[0m=[35minit[0m [36mlineno[0m=[35m55[0m [36mmodule[0m=[35mdb_services[0m [36mpathname[0m=[35m/Users/apple/PycharmProjects/Bank-copilot/app/core/db/db_services.py[0m
[2m2026-01-14T15:29:31.448080Z[0m [[33m[1mwarning  [0m] [1mDatabase initialization failed, continuing without DB: (psycopg.OperationalError) connection failed: connection to server at "127.0.0.1", port 5433 failed: could not receive data from server: Connection refused
Multiple connection attempts failed. All failures were:
- host: 'localhost', port: 5433, hostaddr: '::1': connection failed: connection to server at "::1", port 5433 failed: could not receive data from server: Connection refused
- host: 'localhost', port: 5433, hostaddr: '127.0.0.1': connection failed: connection to server at "127.0.0.1", port 5433 failed: could not receive data from server: Connection refused
(Background on this error at: https://sqlalche.me/e/20/e3q8)[0m [[0m[1m[34mapp.core.logger_utils[0m][0m [36menvironment[0m=[35mdevelopment[0m [36mfilename[0m=[35mmain.py[0m [36mfunc_name[0m=[35mlifespan[0m [36mlineno[0m=[35m52[0m [36mmodule[0m=[35mmain[0m [36mpathname[0m=[35m/Users/apple/PycharmProjects/Bank-copilot/app/main.py[0m
INFO:     Application startup complete.
INFO:     Shutting down
INFO:     Waiting for application shutdown.
[2m2026-01-14T15:29:46.199707Z[0m [[32m[1minfo     [0m] [1mapplication_shutdown          [0m [[0m[1m[34mapp.core.logger_utils[0m][0m [36menvironment[0m=[35mdevelopment[0m [36mfilename[0m=[35mmain.py[0m [36mfunc_name[0m=[35mlifespan[0m [36mlineno[0m=[35m54[0m [36mmodule[0m=[35mmain[0m [36mpathname[0m=[35m/Users/apple/PycharmProjects/Bank-copilot/app/main.py[0m
INFO:     Application shutdown complete.
INFO:     Finished server process [16732]
INFO:     Stopping reloader process [16730]
